star,sample,tier,logTeff,logLspec,alpha0,a0flag,nuchar,gamma,vsini,tau,logM,logR,frot,rotflag
HD 96715,Bowman2020_Galactic,A,4.66,4.1,99.219,1,5.74308,1.66987,59.0,0.5393331814320449,1.7640305217552497,1.1327657123874697,0.085900990189657,0
HD 46223,Bowman2020_Galactic,A,4.62,4.16,249.33,1,3.99087,1.63706,60.0,0.7197540892346551,1.7271708368203502,1.2261155639877503,0.0704607979524652,0
HD 155913,Bowman2020_Galactic,A,4.63,3.88,253.521,1,6.15743,2.08883,278.0,0.3700719897458498,1.6343453753713169,1.017171345325302,0.5281840974653268,0
HD 46150,Bowman2020_Galactic,A,4.61,4.03,175.47,1,3.95351,1.59155,71.0,0.6548243008555434,1.6594196330174014,1.15145762449892,0.0990176454488117,0
HD 90273,Bowman2020_Galactic,A,4.59,3.95,186.796,1,2.96658,1.52985,55.0,0.668634959898171,1.573934295916784,1.105717319456904,0.0852230829546367,0
HD 110360,Bowman2020_Galactic,A,4.59,3.6,104.664,1,2.36468,1.36668,96.0,0.1614927932910367,1.451480016252211,0.8721503339255612,0.2547022432008793,0
HD 47839,Bowman2020_Galactic,A,4.58,3.7,54.461,1,3.7815,1.59141,43.0,0.4324978574880651,1.4666307568747745,0.9451695033427108,0.0964297016339843,0
HD 53975,Bowman2020_Galactic,A,4.56,3.74,144.615,1,2.7786,1.36739,181.0,0.6015782331219777,1.445038112455645,0.9944971217051046,0.3623208478324782,0
HD 41997,Bowman2020_Galactic,A,4.55,3.85,803.647,1,2.61022,2.32176,262.0,0.7386992634836264,1.4825639094490668,1.0902175435497483,0.4207223838209886,0
HD 46573,Bowman2020_Galactic,A,4.56,3.93,409.204,1,2.00862,1.436,77.0,0.7452531859382773,1.5320639177262498,1.133406602656783,0.1119427555786359,0
HD 48279,Bowman2020_Galactic,A,4.55,3.76,262.925,1,2.77586,1.735,131.0,0.6731993846860331,1.4393625943680683,1.0263471102187731,0.2436890731746403,0
HD 46056,Bowman2020_Galactic,A,4.55,3.58,56.7,1,9.0522,2.45063,370.0,0.4441439524674113,1.3742167075491964,0.9000204131656644,0.9206470834154756,0
HD 38666,Bowman2020_Galactic,A,4.53,3.59,20.239,1,4.06758,1.73389,111.0,0.5755162764845079,1.360546544631792,0.9382508236468428,0.2529204966232031,0
HD 74920,Bowman2020_Galactic,A,4.54,3.9,367.615,1,3.66392,2.18152,291.0,0.7887709061497206,1.4944858653341913,1.1375747097354516,0.4190155593924361,0
HD 135591,Bowman2020_Galactic,A,4.54,3.99,343.595,1,1.977,1.38857,60.0,0.8172185347820887,1.547534746376338,1.2103543271622237,0.0730648999583099,0
HD 326331,Bowman2020_Galactic,A,4.54,3.82,1196.544,1,2.20987,1.75566,332.0,0.7496201183739398,1.4561587949328232,1.081676386464661,0.5437178213104152,0
HD 37041,Bowman2020_Galactic,A,4.54,3.28,48.977,1,0.93624,1.43815,134.0,0.0015756276072069,1.275611536646941,0.7331686473772762,0.4896074547575051,1
HD 123056,Bowman2020_Galactic,A,4.5,3.7,268.094,1,4.01672,2.46953,193.0,0.7893614667004845,1.3666001579300489,1.0581238734760534,0.3336916245667006,0
HD 97253,Bowman2020_Galactic,A,4.59,4.16,837.597,1,2.20426,2.06179,70.0,0.7715355347680143,1.7013089530791143,1.2732592682910475,0.0737480671557667,0
HD 93843,Bowman2020_Galactic,A,4.57,4.15,489.559,1,2.60714,1.68517,58.0,0.8024116715389025,1.680146837223008,1.296277513372457,0.0579511890035859,0
HD 156738,Bowman2020_Galactic,A,4.58,3.87,350.922,1,4.38608,2.42795,65.0,0.6440268408461587,1.527694996293861,1.0644044819878462,0.1107696402948078,0
HD 36861,Bowman2020_Galactic,A,4.55,4.06,330.703,1,2.05434,1.39102,53.0,0.8203213267769675,1.6097798221497923,1.2601107910519302,0.0575541904164128,0
HD 150574,Bowman2020_Galactic,A,4.52,3.87,1156.742,1,2.47023,1.92152,252.0,0.8271470712673399,1.4626647765023524,1.1491048108130193,0.3533520381859085,0
HD 152247,Bowman2020_Galactic,A,4.51,3.94,661.325,1,2.75008,2.14782,82.0,0.8655510640858837,1.4949506966112729,1.2194919747238808,0.0977763336650627,0
HD 55879,Bowman2020_Galactic,A,4.49,3.85,191.802,1,1.71966,1.42054,26.0,0.8772405915418204,1.4297633833989298,1.1836706624719833,0.033667785862201,0
HD 154643,Bowman2020_Galactic,A,4.49,3.85,495.62,1,1.83226,1.48131,101.0,0.8772405915418204,1.4297633833989298,1.1836706624719833,0.1307863989262424,0
CPD-47 2963,Bowman2020_Galactic,A,4.57,4.16,705.866,1,2.53356,2.91261,67.0,0.8056437305339694,1.6839755905391565,1.3047295070102276,0.0656533916233375,0
HD 156154,Bowman2020_Galactic,A,4.53,4.22,1911.5,1,1.76469,1.9628,62.0,0.8789464140922691,1.6867498704651809,1.4187846033079143,0.0467217344763168,0
HD 112244,Bowman2020_Galactic,A,4.5,4.15,4203.703,1,0.9187,1.93925,124.0,0.8999836244949575,1.6396997107050455,1.4179238716091818,0.0936288489516651,0
HD 151804,Bowman2020_Galactic,A,4.45,4.33,3642.777,1,0.93978,4.26287,72.0,1.0149611451846785,1.4985199776600702,1.5358607312431265,0.0414365544836066,0
HD 303492,Bowman2020_Galactic,A,4.45,4.29,3447.949,1,0.85247,4.45373,87.0,1.0053013057278957,1.533728088336096,1.5425770343606686,0.0493008138977218,0
HD 57061,Bowman2020_Galactic,A,4.51,4.01,1261.169,1,1.4168,1.84189,57.0,0.8815057611323537,1.5339906100574732,1.2775144334184354,0.0594664883463775,0
HD 152249,Bowman2020_Galactic,A,4.49,4.15,2144.886,1,1.76168,2.94309,71.0,0.9264954634784563,1.618181862377455,1.427429660894168,0.0524494041283631,0
HD 152424,Bowman2020_Galactic,A,4.48,4.14,5315.488,1,0.95329,3.42169,59.0,0.9743335461618676,1.5665550891172442,1.412367156501556,0.0451228711570016,0
HD 154368,Bowman2020_Galactic,A,4.48,4.28,1971.732,1,1.85794,4.70571,65.0,0.9715093003431492,1.4842150602850142,1.4478127359846291,0.0458155064237823,0
HD 152003,Bowman2020_Galactic,A,4.48,4.12,4459.742,1,0.92626,1.76747,65.0,0.9854661529208256,1.5483678228349274,1.399149738596503,0.0512478309599406,0
HD 152147,Bowman2020_Galactic,A,4.48,4.04,3879.566,1,1.1396,2.43834,91.0,0.9707602298223088,1.506968824003399,1.3352103739025545,0.0831271496432049,0
HD 36960,Bowman2020_Galactic,A,4.46,3.31,30.868,1,1.83618,2.46009,23.0,0.6135945461120834,1.1912917959365676,0.8551921512731956,0.0634523272652559,0
HD 37042,Bowman2020_Galactic,A,4.47,3.06,57.494,1,1.20717,1.84494,33.0,0.0865192137797175,1.1459634542053667,0.6867355078599936,0.1341807771133454,0
HD 43112,Bowman2020_Galactic,A,4.41,2.95,6.269,1,0.76982,1.16679,7.0,0.4104901116350142,1.0406403184355757,0.7002558792204301,0.0275901480898582,0
HD 35912,Bowman2020_Galactic,A,4.26,2.44,241.602,1,2.08064,3.01021,11.0,0.6094850306305746,0.7967056547732675,0.6211315469613601,0.0520203187488193,0
HD 48977,Bowman2020_Galactic,A,4.25,2.61,311.431,1,1.46731,2.33096,26.0,0.8200024255482423,0.8323432673110056,0.7460196906592015,0.092228581276956,0
HD 34816,Bowman2020_Galactic,A,4.46,3.22,61.383,1,0.66173,1.34255,25.0,0.4742991638353563,1.1748806963772855,0.7963740915534597,0.0789728457474039,0
HD 46328,Bowman2020_Galactic,A,4.4,3.28,54.479,1,1.08885,1.34896,7.0,0.8118010081864728,1.1106187171256414,0.9102904219989782,0.0170105943756863,0
HD 50707,Bowman2020_Galactic,A,4.38,3.31,132.11,1,4.27661,1.75206,29.0,0.8885349540277346,1.105618743762696,0.9665356808222548,0.0619119079346551,0
HD 37481,Bowman2020_Galactic,A,4.34,2.78,26.284,1,1.23368,3.20558,74.0,0.5954796470377064,0.9541379175170231,0.7057471647606521,0.2880026114578126,0
HD 37209,Bowman2020_Galactic,A,4.38,2.76,26.461,1,0.826,2.35097,50.0,0.2153089258405136,0.999023744017334,0.6310609134771409,0.2311111835363845,0
HD 26912,Bowman2020_Galactic,A,4.2,2.61,299.788,1,1.15152,3.05793,53.0,0.9828158772562232,0.7769166466473411,0.8184656138245314,0.1591190314298053,0
HD 37711,Bowman2020_Galactic,A,4.21,2.61,916.636,1,0.86817,3.34037,68.0,0.9347248166993628,0.7985493570714742,0.8096843517866301,0.2083226213392725,0
HD 57539,Bowman2020_Galactic,A,4.13,2.54,154.777,1,2.60349,3.06784,162.0,1.0004666705504917,0.7361177789398596,0.9050402193124004,0.3984617756836152,0
HD 41753,Bowman2020_Galactic,A,4.23,2.61,302.331,1,1.27728,3.47522,25.0,0.8699836036905976,0.8193563482867627,0.777221658556668,0.0825334920644304,0
HD 224990,Bowman2020_Galactic,A,4.13,2.33,23.296,1,1.57162,2.09149,20.0,0.97718050426462,0.676249475485519,0.7642216986865754,0.0680330854693846,0
HD 48434,Bowman2020_Galactic,A,4.48,3.93,1647.09,1,1.47146,2.00588,48.0,0.9684979306275828,1.4310940322866763,1.2452680863768848,0.0539367807506502,0
HD 61068,Bowman2020_Galactic,A,4.39,3.08,198.12,1,1.36075,1.35714,12.0,0.7150018986929697,1.0369236698203836,0.8052112538579399,0.0371434177604494,0
HD 35468,Bowman2020_Galactic,A,4.29,2.99,86.576,1,0.80155,1.95155,53.0,0.9286252286936396,0.95101573592021,0.9081110029621104,0.1294424538808583,0
HD 44743,Bowman2020_Galactic,A,4.37,3.2,133.771,1,1.96975,1.3504,24.0,0.8570278710433393,1.073236256610726,0.9195959754525002,0.0570856745214077,0
HD 54764,Bowman2020_Galactic,A,4.3,3.97,1949.927,1,0.96136,2.04624,123.0,1.0007557699214384,1.4073810075712794,1.6136058346507904,0.0591849312616719,0
HD 52089,Bowman2020_Galactic,A,4.34,3.6,222.135,1,1.30671,1.63586,26.0,1.0007796654674532,1.1914190617246383,1.241907865788649,0.0294426809572268,0
HD 51309,Bowman2020_Galactic,A,4.2,3.64,1572.988,1,0.66617,2.15494,27.0,1.0017714519902252,1.20222027716509,1.5447746100535722,0.0152230272527774,0
HD 46769,Bowman2020_Galactic,A,4.11,3.16,6.763,1,1.02897,2.76723,70.0,1.001744091484536,0.9840144405580512,1.3738192721120517,0.0585046840971672,0
HD 27563,Bowman2020_Galactic,A,4.16,2.61,264.68,1,0.97211,3.49058,34.0,0.9992358279510868,0.7681664228417239,0.8921865613432267,0.0861398728682102,0
HD 53244,Bowman2020_Galactic,A,4.14,2.74,10.428,1,0.79102,3.30717,36.0,1.0010221505933696,0.8049780232159301,1.0155164788049182,0.0686590662367872,0
HD 37128,Bowman2020_Galactic,A,4.47,4.05,2562.785,1,0.87736,2.28089,55.0,0.9722600497694462,1.506525772480786,1.3581011402951342,0.0476621270462193,0
HD 38771,Bowman2020_Galactic,A,4.47,4.06,1159.94,1,0.87575,1.91176,53.0,0.9738601528018224,1.5173941383016063,1.3738673476064622,0.0442915004253572,0
HD 53138,Bowman2020_Galactic,A,4.23,4.13,1313.016,1,0.44918,2.39756,37.0,1.0003502727612903,1.5168025352029704,1.8912568925695616,0.0093941329508382,0
HD 39985,Bowman2020_Galactic,A,4.11,2.34,8.6,1,1.02655,1.82852,26.0,0.989525174297445,0.6842479746692163,0.8089936411818608,0.0797795491234154,0
HD 37061,Bowman2020_Galactic,A,4.49,3.07,34.886,1,1.64256,2.41671,210.0,0.0035505344775997,1.1734820721483672,0.6773417106675492,0.8725482560357171,1
HD 37742,Bowman2020_Galactic,A,4.47,4.15,829.56,1,1.41864,2.41592,122.0,0.9742900165711388,1.589312969853259,1.4540927856781272,0.0847576517273795,0
HD 57682,Bowman2020_Galactic,A,4.54,3.62,159.073,1,1.11609,1.16316,12.0,0.5504040255009541,1.372203916043905,0.9351554638179932,0.0275383333660245,0
HD 54879,Bowman2020_Galactic,A,4.52,3.16,32.96,1,1.26842,3.41894,7.0,0.0024062749965002,1.228136919215209,0.7070137235884227,0.0271641542044912,0
BD +36 4145,Shen2024_Galactic,A,4.553883026643875,3.75,208.88,1,3.97,1.985,,0.6435400859009561,1.4402862825486047,1.0117273196316183,,0
BD +62 2078,Shen2024_Galactic,A,4.587710965018911,3.74,283.13,1,0.24,1.11,38.0,0.4438863741161593,1.4926640138624827,0.9629525107610972,0.0817980511407679,0
HD 101190,Shen2024_Galactic,A,4.599883072073688,3.91,149.41,1,4.08,2.26,74.0,0.586504652052853,1.5687627612925166,1.0593878621245436,0.1275721069737724,0
HD 101223,Shen2024_Galactic,A,4.546542663478131,3.96,165.115,1,4.325,2.3049999999999997,63.0,0.7930667827402664,1.536088227798784,1.178079994938694,0.0826365971476618,0
HD 14434,Shen2024_Galactic,A,4.586587304671755,3.78,410.14,1,5.49,2.49,,0.5153893510287965,1.5009468881294568,0.9910568381124018,,0
HD 149038,Shen2024_Galactic,A,4.474216264076255,4.11,3354.41,1,0.49,1.66,90.0,0.9877798200243488,1.5397990819597227,1.3995938542165995,0.0708860090727829,0
HD 15629,Shen2024_Galactic,A,4.6211762817750355,4.08,438.36,1,3.49,2.17,64.0,0.6558295197430501,1.697005212061186,1.1712072870984995,0.085287337663273,0
HD 188209,Shen2024_Galactic,A,4.478566495593843,4.26,10333.025,1,0.255,1.44,93.0,0.936146132063726,1.6788562928909103,1.5357459362410113,0.0535363653516457,0
HD 191978,Shen2024_Galactic,A,4.553883026643875,3.8,179.64,1,1.435,1.4449999999999998,82.0,0.6939363277410057,1.4613117338323467,1.0494964110772969,0.1446203179724848,0
HD 192001,Shen2024_Galactic,A,4.518513939877887,3.63,242.42,1,1.04,1.25,57.0,0.6918021436870434,1.3668902751316976,0.996054746832922,0.1136925427374923,0
HD 193595,Shen2024_Galactic,A,4.578639209968072,3.91,223.33,1,2.615,1.565,61.0,0.6805399484416785,1.5414646173248132,1.094464754653612,0.0970011651952814,0
HD 207198,Shen2024_Galactic,A,4.519827993775719,4.16,866.89,1,1.37,1.79,97.0,0.8791580480641985,1.6532451124076732,1.3893309590789842,0.0782262742010733,0
HD 209975,Shen2024_Galactic,A,4.505149978319906,4.11,1155.35,1,0.92,1.72,104.0,0.8934692542315226,1.6113272613123486,1.374405995815137,0.0868038952584663,0
HD 210839,Shen2024_Galactic,A,4.553883026643875,4.14,751.0,1,1.85,2.29,,0.8290135512188054,1.6630148900635735,1.3164964370686305,,0
HD 214680,Shen2024_Galactic,A,4.546542663478131,3.69,107.76,1,0.23,1.1,43.0,0.6073065451328509,1.4073637430346393,0.9767194112958112,0.0896728380730765,1
HD 216532,Shen2024_Galactic,A,4.547774705387822,3.54,78.345,1,2.785,1.89,54.0,0.3762114226326046,1.3753566307362848,0.8813098531962474,0.1402800065183983,0
HD 217086,Shen2024_Galactic,A,4.576341350205793,3.7,233.62,1,4.87,2.03,,0.4604890030335478,1.4624378989554767,0.9513601487861252,,0
HD 218915,Shen2024_Galactic,A,4.492760389026838,4.14,4272.76,1,0.645,1.68,88.0,0.9171024326500696,1.6183580975805691,1.4183633877003805,0.06637906873975,0
HD 225146,Shen2024_Galactic,A,4.451786435524291,4.09,16275.175,1,0.1149999999999999,1.235,88.0,0.9940964896071678,1.5283494425173372,1.4303316203430372,0.0645747781148444,1
HD 228841,Shen2024_Galactic,A,4.576341350205793,3.82,254.58,1,5.0649999999999995,2.15,,0.6070383242776017,1.4998677817960784,1.0281527253453098,,0
HD 34078,Shen2024_Galactic,A,4.537819095073274,3.47,163.36,1,0.25,1.47,32.0,0.3300551821275403,1.3392593288914607,0.8498911960782237,0.0893656570902128,1
HD 34656,Shen2024_Galactic,A,4.556302500767287,4.12,854.25,1,2.08,1.79,77.0,0.8195098068331892,1.653440335260985,1.2962274739663755,0.0769440641780383,0
HD 41161,Shen2024_Galactic,A,4.546542663478131,3.74,221.85,1,5.86,2.39,,0.6724862916482981,1.4297495604491326,1.0211496865750982,,0
HD 46485,Shen2024_Galactic,A,4.557507201905658,3.74,720.44,1,2.485,2.16,,0.610580700609532,1.441142166307547,0.9965137901879276,,0
HD 47432,Shen2024_Galactic,A,4.463892988985907,4.21,6386.69,1,0.27,1.5,63.0,0.9578684579803692,1.6329402857367523,1.5100000909897684,0.0384815298456976,0
HD 5689,Shen2024_Galactic,A,4.565847818673518,3.93,394.02,1,4.4,2.52,,0.7274596222934478,1.5361978964998697,1.1227197189560068,,0
HD 64568,Shen2024_Galactic,A,4.671172842715083,4.14,119.97,1,5.18,2.08,53.0,0.4995301241358965,1.832422486106832,1.16645273921215,0.0714060485978692,0
HD 68450,Shen2024_Galactic,A,4.48572142648158,4.02,662.8149999999999,1,2.315,1.9,77.0,0.9771042566144486,1.4879225182245983,1.3059219685372905,0.0752455164609393,0
HD 76556,Shen2024_Galactic,A,4.578639209968072,3.8,1487.44,1,0.81,1.37,,0.5775226396483422,1.4956445081499294,1.012464032456788,,0
HD 91572,Shen2024_Galactic,A,4.588831725594207,3.91,2486.61,1,0.3399999999999999,1.325,57.0,0.6420965699133437,1.5587212589844688,1.0823164485820516,0.0932116676170753,0
HD 92504,Shen2024_Galactic,A,4.54282542695918,3.86,112.25,1,3.465,1.935,63.0,0.7652840259488654,1.481184238703226,1.1083014277821448,0.0970400457110676,0
HD 93222,Shen2024_Galactic,A,4.565847818673518,4.02,280.885,1,2.465,1.82,90.0,0.7774846929089466,1.5954859973864035,1.2009846788025718,0.1119875391435274,0
HD 93250,Shen2024_Galactic,A,4.653212513775344,4.14,202.025,1,4.904999999999999,2.45,84.0,0.6004462174805566,1.7879441712553863,1.1840925501622377,0.108667232481243,0
HD 97848,Shen2024_Galactic,A,4.551449997972875,3.93,272.05,1,1.69,1.49,77.0,0.7711934296816436,1.5262907172462328,1.1507241026022494,0.1075668605144731,0
HD 99546,Shen2024_Galactic,A,4.568201724066995,3.95,186.45,1,2.3,1.55,60.0,0.7344355278100307,1.5528398389639353,1.1381795087285609,0.0862747307138491,0
HDE 242926,Shen2024_Galactic,A,4.5910646070264995,3.68,240.99,1,0.28,1.08,52.0,0.3225987743717403,1.4698238283250074,0.9175818953539724,0.1242605635894425,1
HDE 303308,Shen2024_Galactic,A,4.613841821876069,3.95,323.82,1,0.71,1.35,67.0,0.5735031909245134,1.6241318613716462,1.0830556465986652,0.1093782641733467,0
HD 192281,Shen2024_Galactic,A,4.61066016308988,4.01,341.1,1,5.18,2.45,,0.6351690010768694,1.6465677658786848,1.1316516674870518,,0
HD 206183,Shen2024_Galactic,A,4.528916700277655,3.47,63.349999999999994,1,0.44,1.64,29.0,0.3774817585258284,1.3386966323959633,0.8619742701371059,0.0787654209779662,0
HD 210809,Shen2024_Galactic,A,4.489958479424835,4.23,5514.71,1,0.435,1.58,105.0,0.9164159597007092,1.6714503244648051,1.4930144336080715,0.0666939955519733,0
HD 207538,Shen2024_Galactic,A,4.505149978319906,3.61,298.135,1,0.405,1.32,50.0,0.7090375108203548,1.3336285259180771,0.9871173497128406,0.1018039257158317,0
BD +60 2522,Shen2024_Galactic,A,4.558708570533166,4.07,2047.295,1,1.39,1.98,,0.8023633784918376,1.6240502371043444,1.2527384572957967,,0
HD 225160,Shen2024_Galactic,A,4.521138083704036,4.12,3203.0150000000003,1,0.8699999999999999,1.845,103.0,0.872121832017474,1.6294892620420989,1.355889614212271,0.0897138472672287,0
BD +60 261,Shen2024_Galactic,A,4.544068044350276,4.07,641.62,1,1.53,2.04,92.0,0.8321525425812557,1.6122965666324975,1.2781136579609635,0.0958486587839365,0
HD 13022,Shen2024_Galactic,A,4.477121254719663,4.06,1134.29,1,1.83,2.04,131.0,0.974443961120918,1.515243683724728,1.3557661373247354,0.114134523255415,0
HD 12993,Shen2024_Galactic,A,4.593286067020458,3.87,147.66,1,3.46,1.71,79.0,0.5771910352087971,1.5447164960076942,1.041850650337719,0.1418039445378523,0
HD 13268,Shen2024_Galactic,A,4.534026106056135,3.92,363.98,1,4.53,2.44,,0.8125479132237957,1.504267171898487,1.169020973064174,,0
HD 14442,Shen2024_Galactic,A,4.592176757395867,4.14,608.57,1,4.08,2.6,,0.7572997332170248,1.6915397781196535,1.25320948153246,,0
BD +62 424,Shen2024_Galactic,A,4.587710965018911,3.94,1827.21,1,2.525,1.89,65.0,0.6688640714579307,1.5633753571138145,1.0997945282466544,0.1021011653843269,0
HD 13745,Shen2024_Galactic,A,4.477121254719663,4.01,1694.79,1,1.34,2.01,57.0,0.9694348327207296,1.4867367223407169,1.3172550335591275,0.0542664851147333,0
BD +60 498,Shen2024_Galactic,A,4.515873843711679,3.46,168.7,1,0.26,1.38,40.0,0.4818071115862006,1.2973028480398416,0.8691625691343569,0.1068585539760258,1
BD +60 499,Shen2024_Galactic,A,4.534026106056135,3.66,64.41,1,0.53,1.56,38.0,0.6439802487766773,1.381749532851665,0.9797829577393894,0.0786887252144134,0
BD +60 501,Shen2024_Galactic,A,4.578639209968072,3.81,463.81,1,2.38,2.1,87.0,0.5874083344024257,1.4996224873790662,1.0191184985111246,0.1645555842721514,0
HD 14947,Shen2024_Galactic,A,4.592176757395867,4.11,2574.9,1,1.0,1.82,22.0,0.7495337676118569,1.6809114876377664,1.235672874504196,0.0252732839680152,0
HD 15642,Shen2024_Galactic,A,4.47567118832443,3.77,594.69,1,3.13,2.14,,0.8770338339967164,1.3763692539813044,1.1449420834036472,,0
HD 18409,Shen2024_Galactic,A,4.477121254719663,4.15,3571.3450000000003,1,0.8,1.7,102.0,0.973941491938346,1.5842908580634631,1.4355379225063112,0.0739561202657694,0
HD 16832,Shen2024_Galactic,A,4.505149978319906,4.04,322.28,1,3.57,2.37,70.0,0.9216242836105808,1.521818657178356,1.290685842669865,0.0708474246702629,0
HD 24431,Shen2024_Galactic,A,4.54282542695918,3.79,211.67,1,4.19,2.35,81.0,0.7203856749229904,1.445561160298221,1.05668631530366,0.1405110807956085,0
BD +39 1328,Shen2024_Galactic,A,4.515873843711679,4.03,5915.69,1,0.36,1.47,37.0,0.8703504534789837,1.5498689395594152,1.2789755188966836,0.038471407536002,0
HD 36483,Shen2024_Galactic,A,4.523746466811565,3.62,169.54,1,2.56,1.86,74.0,0.653415597283349,1.3657406130961365,0.9760650377621214,0.1545533961708687,0
HDE 344783,Shen2024_Galactic,A,4.471291711058939,3.67,187.635,1,0.255,1.15,,0.8420578257543307,1.3310134626187895,1.0822347113954802,,0
Cyg X-1,Shen2024_Galactic,A,4.442479769064448,4.09,5491.73,1,0.35,1.53,,0.9965246285073164,1.5247120631503708,1.4458181979675095,,0
HD 191612,Shen2024_Galactic,A,4.556302500767287,3.89,247.73,1,2.47,2.0,45.0,0.7368467925132471,1.5078565888047206,1.1076877020555815,0.0694123395330474,0
BD +36 4063,Shen2024_Galactic,A,4.44870631990508,4.04,10709.19,1,0.18,1.27,,0.9762000309358274,1.5017585597829937,1.4006006456978493,,0
HD 229232,Shen2024_Galactic,A,4.632457292184724,4.11,239.51,1,6.225,2.535,,0.6451764338830697,1.725743393116017,1.1782659647343603,,0
HDE 229196,Shen2024_Galactic,A,4.583198773968623,4.18,440.54,1,2.71,2.02,,0.7964286017759467,1.7032770682027862,1.2996133398879115,,0
Cyg OB2-5,Shen2024_Galactic,A,4.552668216112194,4.14,5858.33,1,0.25,1.35,,0.8302390890647079,1.6626814531413576,1.3178747929462653,,0
Cyg OB2-24,Shen2024_Galactic,A,4.570542939881897,3.73,359.51,1,3.05,2.76,,0.5339974537503446,1.459180572344172,0.9746125596213968,,0
CYG OB2-11,Shen2024_Galactic,A,4.571708831808688,4.05,1504.3,1,1.56,2.35,85.0,0.7682673548294803,1.6229195950924238,1.214776039902505,0.1024600955569678,0
HD 203064,Shen2024_Galactic,A,4.547774705387822,3.89,544.625,1,2.43,2.0700000000000003,,0.7645826628804622,1.4972435512015037,1.1199820076748908,,0
HD 108,Shen2024_Galactic,A,4.544068044350276,4.04,373.14,1,1.12,1.63,45.0,0.8281732074188082,1.5889223498836091,1.2516056813660026,0.0498331916494386,0
BD +60 586,Shen2024_Galactic,A,4.5843312243675305,3.63,344.83000000000004,1,0.24,1.335,77.0,0.2846442554965043,1.4418256737765267,0.8937476680882173,0.1943814994129531,1
HD 15137,Shen2024_Galactic,A,4.472756449317212,3.48,989.99,1,2.37,2.17,,0.7178859976307631,1.25076987087475,0.9428996747921906,,0
HD 16691,Shen2024_Galactic,A,4.598790506763115,4.05,1265.77,1,2.34,2.38,88.0,0.6957335841453604,1.655183107452668,1.1768919568478204,0.1157450924270445,0
HD 17603,Shen2024_Galactic,A,4.52244423350632,4.22,2986.24,1,0.88,1.9,108.0,0.8861420490408174,1.682588426714879,1.4319080635044923,0.0789637132514871,0
HD 14633,Shen2024_Galactic,A,4.544068044350276,3.78,189.27,1,4.19,2.07,69.0,0.7080279935320594,1.439396879731672,1.045882649604306,0.1227095354284298,0
HD 237211,Shen2024_Galactic,A,4.487138375477186,4.25,3358.48,1,0.67,1.7,82.0,0.9271746554985288,1.6791490136502487,1.5164680053911082,0.049346654855624,0
HDE 305524,Shen2024_Galactic,A,4.606381365110605,3.89,304.73,1,2.3949999999999996,1.835,,0.5370341403878756,1.5722346065667938,1.039665054562449,,0
HDE 305438,Shen2024_Galactic,A,4.570542939881897,3.73,260.39,1,0.215,1.445,,0.5339974537503446,1.459180572344172,0.9746125596213968,,0
HD 93190,Shen2024_Galactic,A,4.488550716500444,3.43,464.23,1,1.07,1.9,,0.5984892229623022,1.2548769317347397,0.8874174950814748,,0
HD 91837,Shen2024_Galactic,A,4.558708570533166,3.67,148.26,1,4.45,2.28,,0.5279297394932584,1.4171394471167316,0.9499133567668924,,0
HD 92607,Shen2024_Galactic,A,4.53655844257153,3.7,102.12,1,2.78,1.88,,0.6811590367993974,1.4013156834320617,1.0086332770100486,,0
HD 36512,Shen2024_Galactic,A,4.518513939877887,3.44,59.705,1,0.375,1.6,33.0,0.4339094473212352,1.2977792923116638,0.854644135873738,0.0911552475396336,0
BN Gem,Shen2024_Galactic,A,4.570542939881897,3.73,1650.94,1,0.945,1.52,,0.5339974537503446,1.459180572344172,0.9746125596213968,,0
HD 69106,Shen2024_Galactic,A,4.456366033129043,3.93,700.1800000000001,1,3.5,2.46,,0.9842689073974528,1.4256352773185792,1.2886056392571863,,0
HD 37737,Shen2024_Galactic,A,4.477121254719663,3.8,6643.65,1,0.68,1.74,,0.8872092846030661,1.394608896889732,1.166566207945556,,0
HD 39680,Shen2024_Galactic,A,4.6180480967120925,3.95,450.42,1,1.47,1.55,,0.5515775122834093,1.6258569788256778,1.073987095589146,,0
SS 215,Shen2024_Galactic,A,4.691081492122969,4.08,866.4000000000001,1,2.245,2.55,,0.2716736336133591,1.8636742018418793,1.113321721760142,,0
{theta}^1^ Ori,Shen2024_Galactic,A,4.595496221825574,3.84,748.74,1,0.53,1.41,,0.5373754982331203,1.539101940721071,1.0214329979401489,,0
{theta}^2^ Ori,Shen2024_Galactic,A,4.501059262217751,3.51,606.28,1,0.475,1.16,,0.6292065597841212,1.2941434501776643,0.9238426521394612,,0
ALS 8294,Shen2024_Galactic,A,4.620136054973758,3.9,252.05,1,1.125,1.43,87.0,0.4857828674148082,1.6084504497085788,1.0388906898065018,0.1572318171218323,0
HDE 227245,Shen2024_Galactic,A,4.57978359661681,3.91,109.27,1,5.56,2.32,71.0,0.6767599223581902,1.5449927643272372,1.094127006745788,0.1129908336092081,0
HDE 344777,Shen2024_Galactic,A,4.553883026643875,3.99,129.8,1,2.59,1.72,103.0,0.7872040046203077,1.5533777084890508,1.1831340662437635,0.1335411245860451,0
BD +33 1025,Shen2024_Galactic,A,4.5843312243675305,3.72,375.775,1,0.39,1.44,10.0,0.4379558478932776,1.4716329166467352,0.9493315224274252,0.0222116258024115,0
HD 102415,Shen2024_Galactic,A,4.519827993775719,3.55,85.64,1,8.35,2.75,,0.5700289802516089,1.3360101825111264,0.9233823962292432,,0
HD 201345,Shen2024_Galactic,A,4.528916700277655,3.72,160.73,1,2.69,1.71,89.0,0.7122880138101882,1.4003694572507153,1.0250585889070485,0.166051685598662,0
HD 209339,Shen2024_Galactic,A,4.506505032404872,3.61,142.96,1,1.945,1.665,78.0,0.7040166840471801,1.3337219138653384,0.9843756501210388,0.1598198884970538,0
CYG OB2-9,Shen2024_Galactic,A,4.603144372620182,3.88,1115.51,1,1.7950000000000002,2.26,82.0,0.5430390091246144,1.565114395696512,1.0385275577400257,0.1483194701699015,0
CPD -26 2716,Shen2024_Galactic,A,4.556302500767287,4.11,2041.75,1,1.55,2.31,138.0,0.817392415820897,1.649834907433218,1.2914452994884158,0.1394266066475255,0
HD 193514,Shen2024_Galactic,A,4.555094448578319,4.03,2532.99,1,0.81,1.6,84.0,0.8036688967546797,1.5919352260472233,1.2254064382739331,0.0988063186511667,0
HD 69464,Shen2024_Galactic,A,4.553883026643875,4.23,1969.035,1,1.29,1.85,105.0,0.862070977026939,1.7029187747052732,1.3835221256447836,0.0858181294627979,0
HD 94963,Shen2024_Galactic,A,4.559906625036112,4.09,706.76,1,3.05,2.4749999999999996,92.0,0.8038748537621511,1.6411227239822257,1.2690321334779608,0.097874051117681,0
HD 192639,Shen2024_Galactic,A,4.540329474790874,4.12,4382.42,1,0.75,1.76,95.0,0.8442778275094078,1.645201883280846,1.325768005437607,0.0886885328645773,0
HD 191423,Shen2024_Galactic,A,4.509202522331103,3.72,381.45,1,5.93,2.58,,0.7708537697783022,1.3766342291776548,1.0499307815344752,,0
HD 71304,Shen2024_Galactic,A,4.505149978319906,4.11,1280.7,1,1.61,2.16,100.0,0.8934692542315226,1.6113272613123486,1.374405995815137,0.0834652839023715,0
HD 202124,Shen2024_Galactic,A,4.492760389026838,4.14,8513.49,1,0.3,1.455,114.0,0.9171024326500696,1.6183580975805691,1.4183633877003805,0.0859910663219489,0
HD 28446,Shen2024_Galactic,A,4.474216264076255,3.64,231.365,1,3.05,2.12,,0.8245355807054288,1.3313655120925405,1.0665934279422409,,0
HD 75222,Shen2024_Galactic,A,4.480006942957151,4.09,4666.81,1,0.76,2.0,65.0,0.9878161105527644,1.5239278159611351,1.373803106987297,0.0543278002188991,0
HD 195592,Shen2024_Galactic,A,4.447158031342219,4.27,11079.05,1,0.13,1.23,100.0,0.9881712049485548,1.643100071500375,1.5853478090489952,0.0513527921160926,1
HD 191781,Shen2024_Galactic,A,4.457881896733992,3.83,10366.15,1,0.27,1.48,48.0,0.969219959982425,1.366810454463674,1.2066631783493882,0.0589508307673119,0
HDE 338 931,Shen2024_Galactic,A,4.580924975675619,3.95,783.415,1,2.61,2.08,9.0,0.6941281827757214,1.5614992280791282,1.1143948974869788,0.0136697157133168,0
HD 190864,Shen2024_Galactic,A,4.574031267727719,4.05,247.29,1,4.58,2.38,90.0,0.7629864498360565,1.624852152149062,1.2112432159183144,0.109373261841844,0
HD 42088,Shen2024_Galactic,A,4.6020599913279625,3.81,303.85,1,0.265,1.135,76.0,0.4560035041268243,1.539534992287241,0.9927800422684524,0.1527374096019646,1
BD +60 134,Shen2024_Galactic,A,4.60959440922522,3.88,187.87,1,4.26,2.06,,0.5091907972927856,1.574976088939296,1.0303350479471092,,0
HDE 303311,Shen2024_Galactic,A,4.603144372620182,3.89,776.64,1,0.17,1.21,61.0,0.5542434387149047,1.5681856928862354,1.0447289353463465,0.1087709121243232,1
HD 193443,Shen2024_Galactic,A,4.518513939877887,3.95,324.91999999999996,1,3.3200000000000003,2.22,140.0,0.8503680024598091,1.507391308020295,1.215003204053793,0.1686695562632644,0
HD 44811,Shen2024_Galactic,A,4.57287160220048,3.78,55.31,1,1.045,0.815,43.0,0.5825674795944296,1.4788612374827377,1.004832666313113,0.0840519241691022,0
ALS 12370,Shen2024_Galactic,A,4.5910646070264995,3.63,228.08999999999995,1,5.26,2.38,,0.1910378198711186,1.473087614701339,0.8898188800096297,,0
BD +60 2635,Shen2024_Galactic,A,4.599883072073688,4.02,148.51999999999998,1,4.4350000000000005,2.045,73.0,0.6817068828145054,1.6379489938407563,1.1550138420012122,0.1009766338249022,0
HD 193682,Shen2024_Galactic,A,4.6127838567197355,4.09,348.745,1,5.245,2.5549999999999997,90.0,0.6885523163732309,1.6908987596894665,1.1901964214054632,0.114804248164769,0
HD 36879,Shen2024_Galactic,A,4.567026366159061,3.89,1022.35,1,1.44,1.79,,0.7036249705310474,1.519012634805991,1.0936903111895038,,0
HD 117490,Shen2024_Galactic,A,4.4996870826184034,3.65,84.56,1,6.5,2.66,,0.748481142521675,1.3328749207508912,1.010596715006004,,0
HD 189957,Shen2024_Galactic,A,4.506505032404872,3.84,365.19,1,2.94,2.11,54.0,0.84208600846007,1.4355350946731409,1.1479915530478988,0.075912636935844,0
HD 93521,Shen2024_Galactic,A,4.501059262217751,3.61,383.56,1,6.12,2.48,,0.7197569966562841,1.3334263746285688,0.9931937738268584,,0
HD 24912,Shen2024_Galactic,A,4.555094448578319,3.94,434.76,1,3.13,2.47,,0.7635139882276918,1.5316750463948066,1.1481830183773447,,0
HD 218195,Shen2024_Galactic,A,4.532754378992498,3.99,259.46,1,3.82,2.12,78.0,0.8318710615393433,1.5415428177513688,1.2228821001684005,0.0922835671062235,0
AzV 16,Bowman2024_SMC,B,4.434568904034199,4.250158519295837,0.00243,0,0.33,,,0.9864001182307484,1.6426121994063163,1.6037221373695965,,0
AzV 18,Bowman2024_SMC,A,4.3747483460101035,4.199934476695152,0.00106,0,0.35,,,0.9997755991219004,1.5987375316626973,1.6751368531199202,,0
AzV 83,Bowman2024_SMC,A,4.576341350205793,3.626306493477907,0.000769,0,0.88,,,0.3240466049636633,1.440946746686632,0.9026539667848238,,0
Cl* NGC 346 MPG 12,Bowman2024_SMC,B,4.491361693834273,3.686265888265677,0.000426,0,0.96,,,0.8078568263049483,1.3616576956600497,1.069959767054718,,0
AzV 202,Bowman2024_SMC,B,4.419955748489758,3.65811300632105,1.68e-05,0,2.04,,,0.9760163522212512,1.2562934345634067,1.140662171837012,,0
Cl* NGC 346 ELS 46,Bowman2024_SMC,A,4.603144372620182,3.493518583135466,0.00287,0,2.1,,,0.0010856203568904,1.4440881894501607,0.824523713679552,,0
Cl* NGC 346 ELS 25,Bowman2024_SMC,A,4.549003262025788,3.466954140757888,0.00302,0,0.73,,,0.2595622966519504,1.3400262925070692,0.8334445136003584,,0
AzV 267,Bowman2024_SMC,A,4.549003262025788,3.896954140757888,0.00053,0,1.47,,,0.7629225035605325,1.505547522166045,1.1256338618290138,,0
AzV 264,Bowman2024_SMC,A,4.328379603438738,4.39445950640969,0.00117,0,0.4,,,1.091665523376397,0.6787435743606097,1.408559674169954,,0
AzV 251,Bowman2024_SMC,B,4.519827993775719,3.64310038521305,9.92e-05,0,2.69,,,0.6955410708992774,1.3689874209922932,0.9992147796012336,,0
Cl* NGC 346 MPG 682,Bowman2024_SMC,B,4.541579243946581,3.6323055098757,0.00471,0,0.73,,,0.5625941410831858,1.380085601670604,0.9434972595787592,,0
AzV 372,Bowman2024_SMC,A,4.451786435524291,4.3180868347519,0.000546,0,0.48,,,1.0200167565395757,1.431150160303412,1.4980194684699597,,0
AzV 429,Bowman2024_SMC,B,4.583198773968623,3.7496400070313327,0.000139,0,1.03,,,0.4896595245172493,1.4881960163895582,0.9750539491688232,,0
AzV 468,Bowman2024_SMC,A,4.549003262025788,3.2269541407578877,4.66e-05,0,7.78,,,0.002094564841621,1.2765631181364632,0.7334801453663845,,0
AzV 479,Bowman2024_SMC,A,4.503790683057181,4.096103824883461,2.36e-05,0,1.05,,,0.8988872715305606,1.5990220329228648,1.3643737494402592,,0
AzV 472,Bowman2024_SMC,A,4.278753600952829,4.105955496466053,0.000254,0,0.49,,,1.0003069462464609,1.4996106271111256,1.7698357363090995,,0
AzV 488,Bowman2024_SMC,A,4.401400540781544,4.3065432557809125,0.000175,0,0.56,,,1.0275312007367818,1.3673636345537985,1.5589662417226977,,0
[M2002] SMC 81469,Bowman2024_SMC,A,4.498310553789601,3.504183307813141,4.21e-05,0,1.99,,,0.6378200845734956,1.291788792423982,0.9263909987307752,,0
2dFS 3780,Bowman2024_SMC,A,4.505149978319906,3.4115410059343625,1.58e-05,0,1.39,,,0.4707152972263574,1.2757480030433064,0.8533727511476578,,0
2dFS 163,Bowman2024_SMC,B,4.513217600067939,3.612505965517676,0.0004,0,1.48,,,0.6873784535045475,1.334024135106976,0.975789972405704,,0
2dFS 3954,Bowman2024_SMC,A,4.600972895686748,3.674832675401731,4.29e-05,0,2.95,,,0.2088727237986321,1.5000189881706465,0.9081889375409432,,0
AzV 461,Bowman2024_SMC,B,4.569373909615046,3.678807016710524,0.00576,0,0.36,,,0.4687251063695456,1.4372832121912742,0.9408505410450508,,0
AzV 456,Bowman2024_SMC,A,4.47567118832443,3.9836258459524574,2.95e-05,0,0.83,,,0.9831170598512868,1.460359646138218,1.2939874549233703,,0
[L72] LH 9-89,Bowman2024_LMC,B,4.426511261364575,3.8097803922140945,0.00989,0,0.8,,,0.9902726984990812,1.345061653582652,1.2480995080271011,,0
[ELS2006] N11 051,Bowman2024_LMC,B,4.617000341120899,3.923864418566839,3.67e-05,0,2.5,,,0.5269936678527315,1.61644802023986,1.0586585061828495,,0
Sk -66 18,Bowman2024_LMC,A,4.60422605308447,4.007845304992617,1.55e-05,0,2.87,,,0.6595694131074595,1.6375360739940206,1.1399263292179165,,0
[ELS2006] N11 046,Bowman2024_LMC,B,4.525044807036846,3.8718657482995824,0.000443,0,1.17,,,0.8174933357491245,1.4674981172259975,1.1429877855455706,,0
Sk -68 41,Bowman2024_LMC,A,4.389166084364533,4.047605430112868,0.000571,0,0.42,,,1.0000424886543395,1.4677258743047947,1.506522138367176,,0
Sk -68 52,Bowman2024_LMC,A,4.389166084364533,4.247605430112867,0.00118,0,0.32,,,0.9963183368849488,1.6359114306690854,1.6842905205125882,,0
Sk -65 22,Bowman2024_LMC,A,4.525044807036846,4.291120320802119,0.000263,0,0.67,,,0.958848429371696,1.4637188851523155,1.355191355428494,,0
W61 28-5,Bowman2024_LMC,A,4.643452676486188,4.164751798599489,0.000161,0,0.93,,,0.6587810380493504,1.7792182956330491,1.2111410382881715,,0
VFTS 72,Bowman2024_LMC,A,4.763427993562937,4.084653066906484,4.76e-05,0,1.04,,,0.0013845558476551,2.145394688993516,1.2069489771005708,,0
Sk -66 17,Bowman2024_LMC,A,4.469822015978163,4.0702291565673905,9.97e-05,0,1.06,,,0.985077604071114,1.5158693467853066,1.3795197062929128,,0
BI 237,Bowman2024_LMC,A,4.723455672035186,4.404763780795482,9.09e-06,0,1.04,,,1.1407099449130162,0.0069425087602269,0.2811053686813323,,0
VFTS 244,Bowman2024_LMC,A,4.603144372620182,4.303518583135466,0.000494,0,1.87,,,0.9951937559511792,0.9000829734302407,0.9183863090314306,,0
VFTS 355,Bowman2024_LMC,A,4.627365856592733,4.210404519025669,3.99e-05,0,1.08,,,0.7062671638876807,1.7926609221069134,1.2696324172151725,,0
Sk -68 135,Bowman2024_LMC,A,4.439332693830263,4.448271867975788,0.00299,0,0.24,,,1.0620593894664143,0.9294504218517542,1.3321938050588795,,0
Sk -71 35,Bowman2024_LMC,A,4.361727836017593,4.037852436725109,0.00585,0,0.35,,,1.0001443093441795,1.4569252746528103,1.5498723370190834,,0
Sk -66 100,Bowman2024_LMC,A,4.5910646070264995,4.055199520760735,1.6e-05,0,2.75,,,0.7195466155800124,1.6502750566219393,1.192784202227669,,0
BI 173,Bowman2024_LMC,A,4.523746466811565,4.175926959900996,1.34e-05,0,2.42,,,0.8767519968482737,1.6655667107731722,1.3989386025412156,,0
RMC 109,Bowman2024_LMC,B,4.159867847092567,3.906332122928149,0.000841,0,0.27,,,1.0019009997260848,1.3534247312931038,1.8335009823475248,,0
Sk -71 41,Bowman2024_LMC,A,4.477121254719663,3.899426111533387,0.000143,0,0.77,,,0.9837091101392608,1.4016876043440172,1.221475716996128,,0
Sk -68 140,Bowman2024_LMC,A,4.371067862271736,4.0752125417416805,0.000872,0,0.48,,,1.0000890285086923,1.4776307336664076,1.5557282242447517,,0
Sk -67 166,Bowman2024_LMC,A,4.6020599913279625,4.199181057966587,4.33e-05,0,1.39,,,0.7770190644775959,1.7400958327741212,1.29199381518164,,0
Sk -68 53,Ma2024_LMC_BSG,B,4.138933940256924,4.124322967542099,864.67,1,0.235,2.6,47.5,1.000627280137234,1.507600585758756,2.0645559525822703,0.0080918817534409,0
Sk -66 125,Ma2024_LMC_BSG,B,4.171141151028382,3.6396999347061705,727.4,1,0.256,2.8,36.5,1.001908693312315,1.201600656924055,1.6023144576407795,0.0180256227459943,0
Sk -67 283,Ma2024_LMC_BSG,B,4.17260293120986,3.778703372487027,1108.24,1,0.184,2.3,46.5,1.001910304550627,1.273035639110617,1.7030186272561247,0.0182115200538843,0
Sk -67 275,Ma2024_LMC_BSG,B,4.174931593528442,3.668329339890271,889.66,1,0.195,2.2,63.5,1.0018988505052455,1.2176061182460474,1.6193813374414072,0.0301511761959483,0
HD 269639,Ma2024_LMC_BSG,B,4.041392685158225,3.649346945389365,672.25,1,0.224,3.8,26.5,1.0024985814646654,1.197217956618439,1.8631199919439536,0.0071785669107545,0
Sk -70 31,Ma2024_LMC_BSG,B,4.0813473078041325,4.251052883921815,472.39,1,0.321,3.2,33.0,1.0135133897126278,1.5750827108991303,2.2744974638136037,0.0034667964791601,0
Sk -68 152,Ma2024_LMC_BSG,B,4.041392685158225,3.2816104151291308,358.37,1,0.298,5.1,34.0,1.0018810582869444,1.051160968933118,1.6077564251881504,0.0165819027065895,0
HD 269721,Ma2024_LMC_BSG,B,4.044539760392411,3.6397912867047055,896.16,1,0.2,3.9,40.0,1.0024558073258032,1.193988196134426,1.851122924606885,0.0111390701113671,0
HD 269510,Ma2024_LMC_BSG,B,4.041392685158225,3.708068939564591,331.78,1,0.117,2.5,39.0,1.002575106071787,1.2222820628388658,1.9069484842297768,0.0095505414449118,0
Sk -70 26,Ma2024_LMC_BSG,B,4.0655797147284485,4.0707936298790255,375.17,1,0.325,3.1,39.5,1.001882437006752,1.4615344620044648,2.162438530076092,0.0053711890226076,0
Sk -67 171,Ma2024_LMC_BSG,A,4.082066934285113,3.760941092654736,662.57,1,0.345,4.4,,1.002392642348037,1.2535735250834887,1.8661533992809585,,0
Sk -67 133,Ma2024_LMC_BSG,A,4.285557309007774,3.9309410926547375,1004.97,1,0.271,2.7,53.5,1.001365598069456,1.3793545621329073,1.605555682587546,0.0262246662726037,0
Sk -67 72,Ma2024_LMC_BSG,B,4.096214585346405,3.733393397226574,721.37,1,0.301,3.4,46.5,1.002176765926268,1.2424793489347432,1.8198220470678468,0.0139169086508996,0
29990592,Bowman2019b_LMC,A,4.315235409617727,4.210941092654736,7296.337,1,0.25057,2.07085,,0.999943955814908,1.6018147405004126,1.7992763150455715,,0
30038422,Bowman2019b_LMC,A,4.47567118832443,3.9836258459524574,516.93,1,1.19703,2.83233,,0.9831170598512868,1.460359646138218,1.2939874549233703,,0
30111936,Bowman2019b_LMC,A,4.416057729263038,4.110941092654737,1846.887,1,0.71534,1.94391,,0.9970557084844364,1.5310556169510063,1.5131059267157017,,0
30268695,Bowman2019b_LMC,A,4.3747483460101035,4.199934476695152,7326.272,1,0.27612,2.05088,,0.9997755991219004,1.5987375316626973,1.6751368531199202,,0
30275662,Bowman2019b_LMC,A,4.249565211825347,4.1509410926547385,9563.164,1,0.24518,2.09054,,1.000250523192421,1.5271085992996027,1.8601181795142716,,0
30275795,Bowman2019b_LMC,A,4.36332987888716,4.070941092654736,1749.56,1,0.77955,2.23715,,1.0001338339505874,1.475952845952613,1.5694059835900744,,0
30312676,Bowman2019b_LMC,A,4.280464546626918,4.230941092654738,5587.243,1,0.21815,2.62007,,1.0000147950869271,1.612382284516623,1.88328054242449,,0
31105740,Bowman2019b_LMC,A,4.401400540781544,3.876543255780912,4956.689,1,0.45954,2.34914,,1.0007443659935182,1.354600754682449,1.336161830314316,,0
31181554,Bowman2019b_LMC,A,4.401400540781544,4.116543255780912,5016.775,1,0.4279,3.14147,,0.9996755786382644,1.5229617144539225,1.5418704098695024,,0
277298891,Bowman2019b_LMC,A,4.39137623916965,4.1509410926547385,6829.322,1,0.35756,1.9449,,0.997908876951166,1.5597999008002714,1.59411556322822,,0
373919576,Bowman2019b_LMC,A,4.523746466811565,4.175926959900996,523.524,1,1.72016,2.53623,,0.8767519968482737,1.6655667107731722,1.3989386025412156,,0
404768604,Bowman2019b_LMC,A,4.301029995663981,4.095061075310662,811.977,1,0.62054,4.67932,,1.0003616969211997,1.480072320569608,1.7006486806757044,,0
425083410,Bowman2019b_LMC,A,4.576341350205793,4.386306493477908,1010.087,1,1.75798,3.11601,,1.0485162783814976,1.1358780462181135,1.1333502516601917,,0
V1092 Cen,DornWallenstein2020_RSG,B,3.534,3.7831776626028506,,0,0.4594542237063953,1.755,,1.1207433048175393,0.9089118692861632,2.8013998483848956,,0
HS Cas,DornWallenstein2020_RSG,B,3.535,4.117973642064431,,0,1.3476286459940334,1.784,,1.1356817909815575,0.4267608960156066,2.7309095377639614,,0
HD 143183,DornWallenstein2020_RSG,B,3.537,4.1615058361034745,,0,0.7440623800462616,1.601,,1.1350371628586042,0.4142425300351716,2.735494027689312,,0
BD+35 4077,DornWallenstein2020_RSG,B,3.556,4.093825677345016,,0,0.2352970773091297,1.544,,1.1105442763595414,1.0316956884651276,2.976488447786217,,0
AD Per,DornWallenstein2020_RSG,B,3.543,4.225166271943014,,0,2.6659119445878616,2.268,,1.1352268195324675,0.4429518979520413,2.771596982585197,,0
KY Cyg,DornWallenstein2020_RSG,B,3.544,4.367001096766462,,0,0.249185757150298,1.359,,1.136320098196549,0.2585765554861909,2.747891470732669,,0
TYC 8626-2180-1,DornWallenstein2020_RSG,B,3.547,3.854572396586063,,0,0.4377198654892612,1.456,,1.123778977592534,0.7867080514395234,2.7554170074007325,,0
V589 Cas,DornWallenstein2020_RSG,B,3.547,4.032300138084999,,0,1.7393982851573262,2.142,,1.12702152714589,0.8175421303813758,2.8523797369054553,,0
RS Per,DornWallenstein2020_RSG,B,3.55,4.166258184024043,,0,1.8527932839568724,1.654,,1.1339195023706403,0.6338213834889657,2.82298749290854,,0
V602 Car,DornWallenstein2020_RSG,B,3.55,3.9054339587450166,,0,1.1303618117322112,2.165,,1.128042156444381,0.8005372339745778,2.7861718121359416,,0
W Per,DornWallenstein2020_RSG,B,3.55,4.039770876610508,,0,5.117522285913034,2.45,,1.1383850121171508,0.6715659467614117,2.7749266045813807,,0
V396 Cen,DornWallenstein2020_RSG,B,3.55,4.1847419589967885,,0,1.078285522302814,1.597,,1.1338437185121182,0.613484585378182,2.8250694566033387,,0
BI Cyg,DornWallenstein2020_RSG,B,3.553,4.286932348811588,,0,0.241729864963389,1.478,,1.1415302800023068,0.2585969166355156,2.6956491580306867,,0
BC Cyg,DornWallenstein2020_RSG,B,3.553,4.220396572717906,,0,0.3647832754799343,1.284,,1.1335671471969542,0.5819715713283431,2.8275916233114367,,0
SU Per,DornWallenstein2020_RSG,B,3.553,3.831041088608031,,0,2.986021446377023,2.099,,1.0810512265851226,1.0443542562447583,2.865788801989446,,0
PZ Cas,DornWallenstein2020_RSG,B,3.556,4.259540256399662,,0,1.1384473754785074,1.596,,1.1343328519214662,0.3785843789929323,2.7475431204778955,,0
ST Cep,DornWallenstein2020_RSG,B,3.556,3.3582284255029364,,0,0.3309522626157108,1.557,,1.11772409270092,0.925660728941724,2.5534005577104275,,0
RW Cyg,DornWallenstein2020_RSG,B,3.556,4.03984565676201,,0,0.3661259330386366,1.406,,1.1421719306706348,0.6344152405846751,2.7483209929336394,,0
TZ Cas,DornWallenstein2020_RSG,B,3.556,3.85164015308412,,0,1.8879589927864215,1.886,,1.088895157347121,1.0026289184548487,2.8531572021608698,,0
BU Per,DornWallenstein2020_RSG,B,3.556,4.086918960681723,,0,3.176745371095716,2.371,,1.1134915394229508,0.9881582748492456,2.953006166227801,,0
V349 Car,DornWallenstein2020_RSG,B,3.559,4.5733767556332285,,0,0.413496864359302,1.562,,1.1389752565560811,0.2147806405805195,2.798238566220113,,0
V774 Cas,DornWallenstein2020_RSG,B,3.559,3.5784922957943635,,0,0.8725599950213561,1.721,,1.0166863068749945,1.1672203488883883,2.7813795439301767,,0
HD 95687,DornWallenstein2020_RSG,B,3.559,3.811724195303539,,0,0.1348199433222323,1.375,,1.044365136932602,1.2168366840478433,2.923622377330521,,0
V441 Per,DornWallenstein2020_RSG,B,3.559,4.575831385214336,,0,3.998867916881792,2.412,,1.139007357589806,0.2159852813584974,2.8004163791924643,,0
HD 303250,DornWallenstein2020_RSG,B,3.559,3.7995937094272505,,0,0.4548583683678061,1.798,,1.035878379245653,1.2461537811310008,2.9274579341563514,,0
RT Car,DornWallenstein2020_RSG,B,3.559,4.203098056887789,,0,0.3374786749192013,1.529,,1.1311103268375946,0.6468028149319671,2.841082013220315,,0
V772 Cen,DornWallenstein2020_RSG,B,3.56,3.5900615929393203,,0,0.5851284672496152,2.655,,1.014611276760485,1.1766787273231356,2.789962056376357,,0
HD 101007,DornWallenstein2020_RSG,B,3.562,3.4430417043650894,,0,0.2254319307250642,1.592,,1.0593217628722789,1.0692111927419052,2.657411185577235,,0
V648 Cas,DornWallenstein2020_RSG,B,3.562,3.766908938357326,,0,2.7824290750331353,1.956,,1.0337827837555589,1.24266848189124,2.908934595428049,,0
IX Car,DornWallenstein2020_RSG,B,3.562,3.949302781172759,,0,0.2003208849488928,1.549,,1.1324979208408676,0.7814362021045421,2.79331196979951,,0
W Cep,DornWallenstein2020_RSG,B,3.566,4.401217452179203,,0,0.4341378698633261,1.719,,1.1378438487647042,0.1262587726632492,2.650642439674945,,0
V910 Cen,DornWallenstein2020_RSG,B,3.568,4.367264226215484,,0,0.6781207630673002,1.896,,1.1451961132143111,0.0601785649378292,2.6050817971753073,,0
V528 Car,DornWallenstein2020_RSG,B,3.568,3.767684120120988,,0,0.3603236203121923,1.627,,1.0308917178315764,1.254531737574858,2.9014518491322554,,0
YZ Per,DornWallenstein2020_RSG,B,3.568,4.504642476361578,,0,3.4826026934769225,2.342,,1.1328443258701797,0.2851215617272455,2.785053780759411,,0
V362 Aur,DornWallenstein2020_RSG,B,3.568,4.5823449950714075,,0,0.3682437369085964,1.534,,1.1374720986574425,0.1585529765632931,2.762079715953362,,0
PR Per,DornWallenstein2020_RSG,B,3.57,3.7164813392162626,,0,1.7432085771291932,1.907,,1.018224356982072,1.238856251428705,2.861774768254092,,0
FZ Per,DornWallenstein2020_RSG,B,3.571,3.678843351215028,,0,3.633674499814962,2.383,,1.0104810370556665,1.229153420463114,2.830038611638072,,0
V809 Cas,DornWallenstein2020_RSG,B,3.574,3.704245832102098,,0,1.5947389087364263,1.638,,1.013582955762693,1.2372924906040783,2.8430373770745963,,0
V439 Per,DornWallenstein2020_RSG,B,3.58,3.878478649182477,,0,1.9969252583675705,2.038,,1.0421943693853246,1.2922307947126597,2.9484801797606255,,0
V605 Cas,DornWallenstein2020_RSG,B,3.585,3.776795642347256,,0,1.0415899417008858,1.811,,1.030082956315994,1.2568862328301595,2.872013189323389,,0
41 Gem,DornWallenstein2020_RSG,B,3.597,3.89877093863894,,0,0.4657739042783007,2.104,,1.0434298102096438,1.3001825558552251,2.9311406331664425,,0
RW Cep,DornWallenstein2020_RSG,B,3.597,4.346206523387185,,0,0.5862060519038502,1.842,,1.1642755768096569,-0.0251078283821219,2.4958172285944893,,0
HD 155603,DornWallenstein2020_RSG,B,3.601,3.746338306043661,,0,2.326826653390283,1.999,,1.0191910098824537,1.2438322372858155,2.8163835495130227,,0
NR Vul,DornWallenstein2020_RSG,B,3.602,4.285556898629517,,0,0.3454633016971898,1.384,,1.143316567765496,0.1822895064335787,2.5561100410402315,,0
QY Pup,DornWallenstein2020_RSG,B,3.608,4.534145744043654,,0,0.0924889255531702,1.326,,1.133564929443832,0.1248245630355866,2.642819074063873,,0
HD 17958,DornWallenstein2020_RSG,B,3.623,4.485215102807361,,0,0.3821247133058712,1.527,,1.1292449053932994,0.1092685679755857,2.5768961836592754,,0
HD 33299,DornWallenstein2020_RSG,B,3.633,3.1162442647357027,,0,0.5418962992573896,1.687,,1.0499505983864206,1.0222524287107884,2.3269945451235965,,0
AZ Cas,DornWallenstein2020_RSG,B,3.656,4.40520309458854,,0,1.948040919117446,3.035,,1.1467111266501784,0.0034526580144857,2.4188660486646976,,0
SK -67 57,DornWallenstein2020_YSG,B,3.656,4.552556938131689,,0,0.6769670059204396,2.415,,1.1316202659144732,0.0766660872899445,2.524025163864583,,0
HV 883,DornWallenstein2020_YSG,B,3.68,3.7305163338478793,,0,0.2712251927264746,1.4,,1.0094011439351538,1.2290436126936437,2.641173329920651,,0
HD 269953,DornWallenstein2020_YSG,B,3.692,4.275312835217662,,0,0.3706449536373902,1.527,,1.0991841331635066,1.2963999242069169,2.927171098622658,,0
HD 269110,DornWallenstein2020_YSG,B,3.75,4.023035477688536,,0,0.4984495555649714,1.945,,1.0208707353769064,1.393567160655781,2.737838824877185,,0
HD 268687,DornWallenstein2020_YSG,B,3.784,3.969722799998151,,0,0.4912189601601708,1.974,,1.028614997373548,1.3472735451492643,2.6158226962346114,,0
HD 269840,DornWallenstein2020_YSG,B,3.791,4.067571498975102,,0,1.2671571902220968,2.303,,1.018054019313614,1.4135595779838386,2.676318518890519,,0
HD 269902,DornWallenstein2020_YSG,B,3.793,4.075459223858629,,0,0.506057052756424,1.739,,1.0163373817645716,1.4196027684850183,2.6789868459170236,,0
HD 269331,DornWallenstein2020_YSG,B,3.81,4.047445402155871,,0,0.3089787285806549,1.734,,1.0154415489761932,1.4148036736634977,2.6372745944307296,,0
RMC 137,DornWallenstein2020_YSG,B,3.847,4.175565860987891,,0,0.4385641859793203,1.897,,1.0198840554894708,1.4747435423977844,2.650598140082105,,0
CPD-69 430,DornWallenstein2020_YSG,B,3.857,3.960540785394222,,0,0.2425772642766275,1.736,,1.0198239593405296,1.3557742766498653,2.4687197709500666,,0
W61 27-27,DornWallenstein2020_YSG,B,3.861,4.447239444490235,,0,0.2484466798187564,1.688,,1.1423593359402415,-0.0014774936943927,2.021649800688385,,0
HD 269392,DornWallenstein2020_YSG,B,3.865,3.730085719224057,,0,0.184313773123214,1.579,,1.006451469248026,1.2262003629724247,2.271349116194971,,0
HD 269128,DornWallenstein2020_YSG,B,3.872,3.9480397882978417,,0,0.5089700770447565,1.294,,1.020216615929768,1.3489335753135554,2.429463871564557,,0
HD 269700,DornWallenstein2020_YSG,B,3.882,3.897343578611777,,0,0.0619472766199187,1.283,,1.0246300530515846,1.31178975688552,2.3651813668368225,,0
HD 270151,DornWallenstein2020_YSG,B,3.897,3.63197527981171,,0,0.1424332764380663,1.445,,1.00373086443805,1.1946596600305883,2.146224142858874,,0
CPD-69 491,DornWallenstein2020_YSG,B,3.914,3.6525693182306704,,0,0.2179607547136337,1.578,,1.00334823243713,1.1935328433580032,2.1182367612990007,,0
HD 270754,DornWallenstein2020_YSG,B,3.915,3.798981372547276,,0,0.1545944080542936,1.381,,1.01510538929661,1.2589098084252155,2.222777080819334,,0
HD 269655,DornWallenstein2020_YSG,B,3.924,4.352105076400045,,0,0.1894927290057094,1.488,,1.0406155385065383,1.2683347786666412,2.4849470661540916,,0
HD 269997,DornWallenstein2020_YSG,B,3.927,3.829702356150414,,0,0.3386996022385515,1.598,,1.013820830810343,1.2732049231135392,2.2177519560729944,,0
W61 6-77,DornWallenstein2020_YSG,B,3.969,4.317954154388289,,0,0.3478036343791419,1.845,,1.054549319580189,1.1626245707193603,2.336889449427755,,0
HD 269777,DornWallenstein2020_YSG,B,3.976,3.8862818279868576,,0,0.1665323250935391,1.429,,1.0112841396135046,1.315648587669347,2.1723041712055107,,0
CPD-69 394,DornWallenstein2020_YSG,B,3.984,3.884940052217679,,0,0.286869039459076,1.261,,1.0099545291289291,1.316044223109592,2.1553654426365685,,0
HD 269992,DornWallenstein2020_YSG,B,3.99,3.9045956329840346,,0,0.3358407746188971,1.667,,1.0084272308821614,1.3409514431572385,2.1725033728321925,,0
HD 269786,DornWallenstein2020_YSG,B,4.0,3.9228616091602455,,0,0.1755514483696176,1.311,,1.0052778529706416,1.3548895432359345,2.1680080647902287,,0
HD 269101,DornWallenstein2020_YSG,B,4.027,3.69807394142611,,0,0.462122366701206,1.919,,1.0027319549905285,1.2186276361721402,1.9310740276690783,,0
SK -69 68,DornWallenstein2020_YSG,B,4.029,3.587416018884961,,0,0.2628053881966568,1.616,,1.0172660435155438,1.169610431539491,1.8538904170981736,,0
HD 268798,DornWallenstein2020_YSG,B,4.033,3.894738821345203,,0,0.3550980434892801,1.511,,1.003958615331941,1.3233116565229293,2.063415764093126,,0
HD 269769,DornWallenstein2020_YSG,B,4.037,3.649400824298992,,0,1.0301290815009407,2.561,,1.0025161995870413,1.1970635682939366,1.870593086908491,,0
