sample,y,x,coef,lo,hi,n_rows,n_tracks
MW w0.0 | sHRD domain,log_v,logLspec,1.5616,1.5338,1.6028,3976,26
MW w0.0 | sHRD domain,log_v,logTeff,-2.0063,-2.2965,-1.7292,3976,26
MW w0.0 | sHRD domain,log_F,logLspec,3.3578,3.2238,3.5586,3976,26
MW w0.0 | sHRD domain,log_F,logTeff,-9.1481,-10.1813,-8.3722,3976,26
MW w0.0 | sHRD domain,log_rho,logLspec,-1.2035,-1.2640,-1.1373,3976,26
MW w0.0 | sHRD domain,log_rho,logTeff,0.2459,0.1063,0.2993,3976,26
MW w0.0 | sHRD domain,log_nuc,logLspec,0.0226,-0.0389,0.0968,3976,26
MW w0.0 | sHRD domain,log_nuc,logTeff,1.7489,1.4576,1.9970,3976,26
MW w0.0 | sHRD domain,log_mach,logLspec,1.2585,1.2063,1.3282,3976,26
MW w0.0 | sHRD domain,log_mach,logTeff,-1.7417,-2.0885,-1.4528,3976,26
"MW w0.0 | hot, 3.16<logL<3.70",log_v,logLspec,1.5579,1.5264,1.5937,2354,16
"MW w0.0 | hot, 3.16<logL<3.70",log_v,logTeff,-2.6345,-2.6944,-2.5745,2354,16
"MW w0.0 | hot, 3.16<logL<3.70",log_F,logLspec,3.5805,3.5005,3.6767,2354,16
"MW w0.0 | hot, 3.16<logL<3.70",log_F,logTeff,-11.6031,-11.7633,-11.4546,2354,16
"MW w0.0 | hot, 3.16<logL<3.70",log_mach,logLspec,1.3700,1.3437,1.3994,2354,16
"MW w0.0 | hot, 3.16<logL<3.70",log_mach,logTeff,-2.5996,-2.6473,-2.5516,2354,16
"MW w0.0 | hot, 3.70<logL<4.40",log_v,logLspec,1.7246,1.6031,1.8336,1433,13
"MW w0.0 | hot, 3.70<logL<4.40",log_v,logTeff,0.5120,0.1924,0.7811,1433,13
"MW w0.0 | hot, 3.70<logL<4.40",log_F,logLspec,2.3886,2.0293,2.7333,1433,13
"MW w0.0 | hot, 3.70<logL<4.40",log_F,logTeff,-2.5736,-3.4420,-1.8272,1433,13
"MW w0.0 | hot, 3.70<logL<4.40",log_mach,logLspec,0.7432,0.6332,0.8662,1433,13
"MW w0.0 | hot, 3.70<logL<4.40",log_mach,logTeff,0.3120,0.0693,0.5101,1433,13
MW w0.0 | tau+logM,log_v,tau,0.8546,0.8344,0.8742,3618,18
MW w0.0 | tau+logM,log_v,logM,1.8327,1.7616,1.8707,3618,18
MW w0.0 | tau+logM,log_F,tau,2.6404,2.6052,2.6832,3618,18
MW w0.0 | tau+logM,log_F,logM,2.4405,2.1609,2.5771,3618,18
MW w0.0 | tau+logM,log_rho,tau,-0.3784,-0.3906,-0.3657,3618,18
MW w0.0 | tau+logM,log_rho,logM,-1.8439,-1.8581,-1.8215,3618,18
MW w0.0 | tau+logM,log_nuc,tau,-0.1216,-0.1720,-0.0640,3618,18
MW w0.0 | tau+logM,log_nuc,logM,0.5174,0.4798,0.5677,3618,18
MW w0.2 | sHRD domain,log_v,logLspec,2.3757,2.2111,2.5354,3549,26
MW w0.2 | sHRD domain,log_v,logTeff,-7.9021,-8.5640,-7.1440,3549,26
MW w0.2 | sHRD domain,log_F,logLspec,4.1360,4.0373,4.2432,3549,26
MW w0.2 | sHRD domain,log_F,logTeff,-11.9653,-13.0276,-10.8870,3549,26
MW w0.2 | sHRD domain,log_rho,logLspec,-1.5064,-1.5977,-1.3976,2545,26
MW w0.2 | sHRD domain,log_rho,logTeff,1.4894,1.0771,1.8337,2545,26
MW w0.2 | sHRD domain,log_nuc,logLspec,0.7285,0.6365,0.8285,2545,26
MW w0.2 | sHRD domain,log_nuc,logTeff,-1.9484,-2.7966,-1.0703,2545,26
MW w0.2 | sHRD domain,log_mach,logLspec,2.1128,1.9651,2.2558,2545,26
MW w0.2 | sHRD domain,log_mach,logTeff,-6.9159,-8.0842,-5.8183,2545,26
"MW w0.2 | hot, 3.16<logL<3.70",log_v,logLspec,2.7326,2.5329,2.9337,1962,16
"MW w0.2 | hot, 3.16<logL<3.70",log_v,logTeff,-9.4239,-10.1915,-8.6800,1962,16
"MW w0.2 | hot, 3.16<logL<3.70",log_F,logLspec,4.2592,4.1229,4.4095,1962,16
"MW w0.2 | hot, 3.16<logL<3.70",log_F,logTeff,-14.7393,-15.2897,-14.1304,1962,16
"MW w0.2 | hot, 3.16<logL<3.70",log_mach,logLspec,2.7130,2.4707,2.9392,1277,16
"MW w0.2 | hot, 3.16<logL<3.70",log_mach,logTeff,-8.8847,-10.7317,-7.3511,1277,16
"MW w0.2 | hot, 3.70<logL<4.40",log_v,logLspec,2.5497,2.2303,2.8068,1334,13
"MW w0.2 | hot, 3.70<logL<4.40",log_v,logTeff,-0.7488,-1.4312,-0.1032,1334,13
"MW w0.2 | hot, 3.70<logL<4.40",log_F,logLspec,3.3499,2.9098,3.7320,1334,13
"MW w0.2 | hot, 3.70<logL<4.40",log_F,logTeff,-3.9739,-4.9993,-2.9105,1334,13
"MW w0.2 | hot, 3.70<logL<4.40",log_mach,logLspec,1.2095,0.9940,1.4234,1197,13
"MW w0.2 | hot, 3.70<logL<4.40",log_mach,logTeff,-0.2314,-0.6380,0.1039,1197,13
MW w0.2 | tau+logM,log_v,tau,1.7273,1.5971,1.9016,3218,18
MW w0.2 | tau+logM,log_v,logM,1.9925,1.2820,2.4207,3218,18
MW w0.2 | tau+logM,log_F,tau,3.1306,3.0518,3.2634,3218,18
MW w0.2 | tau+logM,log_F,logM,2.9384,2.3296,3.3565,3218,18
MW w0.2 | tau+logM,log_rho,tau,-0.5348,-0.6387,-0.4913,2362,18
MW w0.2 | tau+logM,log_rho,logM,-2.1754,-2.3223,-1.9632,2362,18
MW w0.2 | tau+logM,log_nuc,tau,0.1503,-0.0112,0.3988,2362,18
MW w0.2 | tau+logM,log_nuc,logM,1.3517,0.9522,1.6049,2362,18
MW w0.4 | sHRD domain,log_v,logLspec,2.1836,2.0584,2.2913,3890,26
MW w0.4 | sHRD domain,log_v,logTeff,-7.2372,-7.6346,-6.6676,3890,26
MW w0.4 | sHRD domain,log_F,logLspec,4.1219,3.9896,4.2643,3890,26
MW w0.4 | sHRD domain,log_F,logTeff,-12.4803,-13.4460,-11.6421,3890,26
MW w0.4 | sHRD domain,log_rho,logLspec,-1.5197,-1.6060,-1.4296,3390,26
MW w0.4 | sHRD domain,log_rho,logTeff,1.8856,1.5854,2.0790,3390,26
MW w0.4 | sHRD domain,log_nuc,logLspec,0.7676,0.7024,0.8407,3390,26
MW w0.4 | sHRD domain,log_nuc,logTeff,-3.4061,-3.9531,-2.7943,3390,26
MW w0.4 | sHRD domain,log_mach,logLspec,2.0714,1.9660,2.1744,3390,26
MW w0.4 | sHRD domain,log_mach,logTeff,-8.1743,-8.7454,-7.4295,3390,26
"MW w0.4 | hot, 3.16<logL<3.70",log_v,logLspec,2.3565,2.2451,2.5020,2295,16
"MW w0.4 | hot, 3.16<logL<3.70",log_v,logTeff,-8.7635,-9.0559,-8.4615,2295,16
"MW w0.4 | hot, 3.16<logL<3.70",log_F,logLspec,4.3227,4.2129,4.4590,2295,16
"MW w0.4 | hot, 3.16<logL<3.70",log_F,logTeff,-15.2010,-15.6576,-14.6563,2295,16
"MW w0.4 | hot, 3.16<logL<3.70",log_mach,logLspec,2.3282,2.2149,2.4598,2026,16
"MW w0.4 | hot, 3.16<logL<3.70",log_mach,logTeff,-9.9918,-10.2306,-9.7377,2026,16
"MW w0.4 | hot, 3.70<logL<4.40",log_v,logLspec,2.5775,2.1561,2.9215,1397,13
"MW w0.4 | hot, 3.70<logL<4.40",log_v,logTeff,-1.1198,-2.0853,-0.1675,1397,13
"MW w0.4 | hot, 3.70<logL<4.40",log_F,logLspec,3.2242,2.6580,3.7228,1397,13
"MW w0.4 | hot, 3.70<logL<4.40",log_F,logTeff,-3.9424,-5.2488,-2.5563,1397,13
"MW w0.4 | hot, 3.70<logL<4.40",log_mach,logLspec,1.4755,1.1580,1.8438,1273,13
"MW w0.4 | hot, 3.70<logL<4.40",log_mach,logTeff,-0.9784,-1.8880,-0.2894,1273,13
MW w0.4 | tau+logM,log_v,tau,1.8647,1.7766,1.9568,3587,18
MW w0.4 | tau+logM,log_v,logM,1.2556,0.7724,1.5716,3587,18
MW w0.4 | tau+logM,log_F,tau,3.3783,3.2846,3.4614,3587,18
MW w0.4 | tau+logM,log_F,logM,2.4200,1.8311,2.7480,3587,18
MW w0.4 | tau+logM,log_rho,tau,-0.7323,-0.7874,-0.6799,3187,18
MW w0.4 | tau+logM,log_rho,logM,-1.8510,-1.9657,-1.6771,3187,18
MW w0.4 | tau+logM,log_nuc,tau,0.7462,0.6617,0.8447,3187,18
MW w0.4 | tau+logM,log_nuc,logM,0.3457,-0.0421,0.6221,3187,18
