gaia,sector,Tmag,cls,Af,nu_floor,bic_white,cw_white,bic_slf,nu_slf,a0_slf,g_slf,cw_slf,bic_floor,logk_floor,cw_floor,bic_slf+floor,nu_slf+floor,a0_slf+floor,g_slf+floor,logk_slf+floor,cw_slf+floor,dbic_above_floor,dbic_slf_vs_white
4685835884339219456,27,12.3,SLF,2.894,0.81815,3266.9,1.4028,-3365.7,0.02,146.29,1.0979,0.18415,-3221.3,0.62538,0.21119,-3358.1,0.02,137.59,1.0878,-0.26156,0.18396,136.78,6632.6
4685835884339219456,28,12.3,SLF,5.3846,0.29271,3458.2,1.4288,-4215.4,0.02,190.23,1.2954,0.17888,-4169.4,0.24359,0.1767,-4211.5,0.17233,30.01,10,0.14879,0.17922,42.146,7673.6
4685835884339219456,67,12.3,SLF,8.9953,0.22745,2632.7,1.0969,-4909.4,0.02,97.29,1.0928,0.15216,-4902.1,0.17395,0.15747,-4900.8,0.02,94.111,1.0926,-0.4241,0.15245,-1.3601,7542.1
4685835884339219456,68,12.3,SLF,10.018,0.34547,2363.3,1.0367,-3933.7,0.020596,130.25,1.1005,0.18388,-3917.7,-0.089741,0.1819,-3928.8,0.25868,14.132,5.2218,-0.12493,0.18429,11.088,6297
4685854571724688768,27,12.9,SLF,3.8829,0.81815,3767.1,1.6367,1623.9,0.02,202.58,1.1746,0.85905,1650.9,0.35052,0.86836,1631.8,0.02,198.08,1.1777,-0.32472,0.8598,19.083,2143.2
4685854571724688768,28,12.9,SLF,6.5464,0.29271,2077.5,1.0142,-2808.4,0.02,101.23,1.0533,0.23991,-2806.7,0.29849,0.24859,-2800.8,0.02,94.235,1.047,-0.24763,0.24025,-5.8506,4886
4685854571724688768,67,12.9,SLF,12.039,0.22745,937.94,0.7483,-4356,0.053706,38.005,1.1433,0.18311,-4365.3,0.0034915,0.1864,-4345.4,0.040276,1e+05,10,6.6642e-05,0.18653,-19.831,5293.9
4685943121123943680,27,11,SLF,1.4395,0.81815,-3202.1,0.26571,-6080.9,0.02,31.423,1.1627,0.11539,-6048.5,0.011141,0.11699,-6070.9,0.02,31.196,1.1692,-0.64021,0.11553,22.388,2878.7
4685943121123943680,28,11,SLF,2.7693,0.29271,-3470,0.25584,-7035.1,0.02,42.492,1.3164,0.097581,-7020,-0.11483,0.096558,-7039.2,0.31765,3.0748,10,-0.31421,0.097933,19.247,3565.2
4685943121123943680,67,11,SLF,5.1393,0.22745,-3421,0.27986,-6348.7,0.079538,9.512,1.1028,0.12491,-6358.1,-0.010603,0.12703,-6346.5,3.6647,0.18858,8.1837,-0.099383,0.12731,-11.551,2927.7
4685943121123943680,68,11,SLF,4.7957,0.34547,-3713.7,0.26018,-6756.2,0.02,28.55,1.0677,0.11441,-6749.3,-0.34385,0.11341,-6770.7,0.36177,2.6898,10,-0.46129,0.1155,21.47,3042.5
4685943254211136000,27,12,SLF,1.1367,0.81815,-2971.8,0.28192,-4324.1,0.14198,4.9014,1.0952,0.18022,-4320.1,0.17886,0.18573,-4317.9,0.02,14.325,0.89944,-0.095107,0.17931,-2.1484,1352.3
4685943254211136000,67,12,SLF,3.6426,0.22745,-1838.7,0.39994,-4440.7,0.02,42.753,1.0844,0.20051,-4449.9,0.17625,0.20249,-4431.6,0.23313,3.7091,10,0.15476,0.2029,-18.356,2602
4685943254211136000,68,12,SLF,3.4077,0.34547,155.93,0.62743,-3252.7,0.32588,7.9216,1.1526,0.22549,-3266.1,0.35287,0.22609,-3245.9,0.86268,1.4706,10,0.34528,0.22662,-20.204,3408.6
4685945010910000640,27,13.6,none,0.39125,0.92175,-5187.4,0.15946,-6961.4,0.71455,1.1893,2.2565,0.093012,-6971.4,0.36671,0.092853,-6956.3,0.93515,0.65838,10,0.25419,0.093206,-15.087,1774
4685945010910000640,68,13.6,none,1.6879,0.30046,-3644.6,0.2643,-7212.2,0.67505,2.331,1.7729,0.10087,-7197.6,0.25125,0.096401,-7207.8,0.92962,1.6456,2.4943,0.043287,0.099482,10.219,3567.6
4685947553531340800,27,11.2,binary/rot,2.4433,0.81815,1795.3,0.96078,1116.6,0.60064,5.8362,1.2042,0.73216,1131.4,0.40041,0.75968,1123.8,0.60111,5.4735,1.1683,-0.13935,0.73151,7.5719,678.75
4685947553531340800,28,11.2,binary/rot,3.8823,0.29271,-1789,0.38835,-3506.8,0.02,26.655,0.95427,0.2279,-3512.4,0.083824,0.23215,-3504.3,3.5096,0.298,10,-0.029099,0.23133,-8.1282,1717.8
4685947553531340800,67,11.2,binary/rot,6.1545,0.22745,25.28,0.60904,-3214.7,0.18196,10.282,1.0697,0.23653,-3209,0.36768,0.24598,-3208.8,1.7365,1.4018,1.4232,0.12846,0.24087,-0.17279,3240
4685959373284393728,28,13.9,none,0.75942,0.28674,-4206.1,0.21311,-6740.4,0.47646,2.1494,1.8334,0.10329,-6745.1,0.52429,0.10201,-6733.5,0.48608,2.0616,1.8718,-0.029551,0.10323,-11.68,2534.3
4685959373284393728,67,13.9,none,1.8962,0.22745,-3603.1,0.26859,-4379.3,0.02,18.983,1.0633,0.21478,-4390,0.12566,0.2156,-4372.3,0.26453,1.6758,10,0.069797,0.21611,-17.679,776.22
4685959373284393728,68,13.9,none,1.6011,0.39049,-1934,0.39002,-3670.4,0.066264,12.923,1.0635,0.23757,-3675.4,0.2765,0.23672,-3665.2,0.45371,2.6496,3.7796,0.20247,0.23871,-10.183,1736.4
4685972636146149504,28,12.3,SLF,7.3845,0.29271,1141.7,0.8039,-3038.4,0.37029,10.874,1.3201,0.21808,-3048,0.33041,0.22182,-3040.3,40,0.38118,0.38638,0.29298,0.069334,-7.6613,4180.1
4685972636146149504,67,12.3,SLF,10.716,0.22745,1642.2,0.87718,-4688.1,0.18966,18.823,1.3583,0.16476,-4700.9,0.1282,0.16382,-4681.9,0.41067,6.1304,2.1631,0.10191,0.16475,-18.971,6330.4
4685976621875402368,28,13,SLF,2.7703,0.29271,-4074.2,0.22021,-6254.2,0.28268,2.8604,1.2596,0.11273,-6266,0.068498,0.11373,-6247.3,0.69512,0.73354,1.2897,-0.034834,0.11293,-18.694,2180
4685976621875402368,67,13,SLF,5.3413,0.22745,-4316.4,0.22866,-5474.3,0.02,11.728,0.89068,0.16116,-5477.1,-0.24321,0.16493,-5468.9,3.8675,0.17518,5.7815,-0.35239,0.16352,-8.2391,1157.8
4685976621875402368,68,13,SLF,4.6745,0.34547,-4201,0.23288,-6212.1,0.36997,2.4216,1.2304,0.12893,-6225.2,-0.29135,0.12825,-6207.5,1.9643,0.29079,10,-0.33146,0.1289,-17.705,2011.2
4685983420730442624,27,12.4,SLF,2.2338,0.81815,-382.96,0.54867,-4428.7,0.2027,11.066,1.6867,0.17574,-4399.5,0.11343,0.17568,-4420.7,0.18296,11.781,1.7048,-0.34652,0.17598,21.259,4045.7
4685983420730442624,28,12.4,SLF,4.7635,0.29271,850.44,0.74783,-4217.9,0.02,85.405,1.0884,0.16947,-4216.3,0.27583,0.17584,-4215.1,22.247,0.12967,3.1857,0.23697,0.16067,-1.2051,5068.4
4685983420730442624,67,12.4,SLF,7.4799,0.22745,929.69,0.74691,-4978.6,0.02,147.67,1.2927,0.16981,-4973.9,0.05537,0.16861,-4978.6,0.34887,8.3044,6.4131,-0.017276,0.17021,4.7775,5908.3
4685983420730442624,68,12.4,SLF,8.2874,0.34547,2199.3,0.99871,-3017.6,0.1403,21.758,1.0882,0.21559,-3028,0.10411,0.21782,-3013.9,0.16422,15.105,10,0.095669,0.21864,-14.176,5217
4685987857514223744,28,13.7,none,1.4131,0.28674,-2804.5,0.30181,-4617.1,0.5502,2.5599,2.4991,0.1807,-4613.8,0.35362,0.17793,-4610.6,0.58292,2.3142,2.8561,-0.020514,0.18014,-3.2655,1812.7
4686408111398825728,27,12.6,none,1.84,0.92175,-5667.4,0.14094,-6908,0.3943,1.2886,1.3732,0.09389,-6910.1,-0.34729,0.095008,-6898.5,0.19706,1.7063,1.1773,-0.62698,0.093864,-11.615,1240.6
4686408111398825728,28,12.6,none,3.3895,0.28674,-2898.7,0.29483,-5636.8,0.56474,2.7125,1.7905,0.13322,-5646,0.071019,0.13143,-5633.8,1.5525,0.66232,5.7824,-0.032024,0.13243,-12.239,2738.1
4686408111398825728,68,12.6,none,5.8128,0.30046,1117.2,0.78078,-3932.9,0.41873,8.6688,1.1221,0.14261,-3936.6,0.38444,0.14934,-3926,0.57315,5.7022,1.1326,0.054421,0.14336,-10.646,5050.1
4686410550940229888,27,14,SLF,0.79537,0.81815,-5939.1,0.13142,-6339.9,0.02,5.7036,0.94115,0.11315,-6342.6,-0.22461,0.11425,-6334.5,0.02,82431,6.8609,-0.30007,0.11438,-8.0492,400.75
4686410550940229888,28,14,SLF,1.4778,0.29271,-8040.4,0.082261,-8127,0.77922,0.22473,1.5662,0.077947,-8135.9,-0.50633,0.078255,-8119.3,2.4257,0.062127,10,-0.60231,0.077899,-16.674,86.596
4686410550940229888,68,14,SLF,2.5081,0.34547,-794.62,0.50543,-5695.3,0.41415,5.9229,1.296,0.12227,-5703.9,0.35892,0.11845,-5696.9,1.4409,1.3238,10,0.32413,0.12017,-6.9936,4900.7
4686410688379157888,27,13.2,SLF,1.3977,0.81815,-7166.2,0.095853,-7380.5,0.29825,0.50313,8.7953,0.089316,-7360.4,-0.73114,0.08884,-7366.2,0.2935,0.49522,9.2118,-1.1782,0.089084,5.8014,214.25
4686410688379157888,28,13.2,SLF,2.6956,0.29271,-7332.8,0.098061,-7496.5,1.0085,0.28593,1.7833,0.090266,-7500.9,-0.55646,0.090615,-7489.1,1.9087,0.12675,7.1142,-0.77551,0.090452,-11.732,163.77
4686410688379157888,68,13.2,SLF,4.6816,0.34547,-7181.6,0.11821,-7963.6,0.36686,0.92998,1.148,0.090973,-7975.4,-0.66824,0.091127,-7959.5,1.5024,0.19416,10,-0.74997,0.091659,-15.905,781.96
4686410997616777984,27,14.3,binary/rot,0.43305,0.81815,-7748.3,0.082525,-8284.5,0.02,3.9644,0.95028,0.068248,-8281.1,-0.11723,0.069046,-8278.6,0.16245,0.88124,10,-0.25214,0.069255,-2.4883,536.19
4686410997616777984,28,14.3,binary/rot,0.82485,0.29271,-7752.6,0.088354,-8305.2,0.02,2.8982,0.77076,0.070277,-8301.8,0.045052,0.072904,-8308.4,4.3472,0.079865,10,-0.12401,0.071593,6.5845,552.51
4686410997616777984,68,14.3,binary/rot,1.5235,0.34547,-7911.3,0.10013,-8718.5,0.18887,1.1035,0.91737,0.074308,-8727.6,-0.21165,0.076069,-8713.7,6.6527,0.062635,3.6934,-0.28096,0.075261,-13.896,807.24
4686413230999834496,27,14.3,SLF,1.2548,0.81815,-4201.8,0.20547,-4683.3,0.14135,2.2927,0.93609,0.16845,-4679.8,-0.12084,0.17345,-4674.9,0.0258,5.193,0.78977,-0.4577,0.16791,-4.9151,481.55
4686413437158238208,27,12.1,SLF,2.8632,0.81815,2220.1,1.0717,-3897.4,0.37334,15.388,1.9366,0.18834,-3887.4,0.34977,0.18875,-3889.7,0.36675,15.278,1.9352,-0.27177,0.18841,2.2844,6117.5
4686413437158238208,28,12.1,SLF,7.1182,0.29271,2855.5,1.2302,-1561,0.47368,13.852,1.6762,0.34606,-1566.6,0.38069,0.34032,-1554.1,0.49802,12.566,1.7323,-0.016198,0.34571,-12.526,4416.5
4686413437158238208,68,12.1,SLF,10.374,0.34547,4259.7,1.5958,-2027.6,0.28642,22.971,1.1961,0.2372,-2038.3,0.22895,0.23316,-2022,1.6393,2.6724,10,0.21533,0.23536,-16.31,6287.3
4686413540237697408,28,14.4,none,2.0503,0.28674,-2220,0.34894,-2686.6,1.0026,1.4419,1.6518,0.29012,-2688.6,0.30372,0.29147,-2681.3,1.7524,0.83294,2.3342,-0.054107,0.29061,-7.26,466.59
4686413810818254464,27,14.2,none,0.77815,0.81815,-6536.7,0.1127,-7010.1,0.02,5.7286,1.0003,0.095554,-7007.5,-0.26222,0.096077,-7003.7,0.24703,0.80145,10,-0.42493,0.096365,-3.8268,473.41
4686413810818254464,28,14.2,none,1.5953,0.29868,-7425.4,0.095832,-7725.9,0.071479,1.5952,1.0719,0.08573,-7738.1,-0.41646,0.085901,-7718.3,1.6914,0.06326,10,-0.45641,0.085825,-19.803,300.58
4686413810818254464,68,14.2,none,3.1464,0.39049,-3842.3,0.25268,-6314,0.18313,4.2426,1.1059,0.12324,-6325.4,-0.12934,0.12327,-6308.6,0.47724,1.3691,7.784,-0.15266,0.12378,-16.749,2471.7
4686414467950355072,27,13,SLF,1.5316,0.81815,-1327.6,0.43032,-2876.4,0.39142,4.3002,1.6573,0.26837,-2884.1,0.20768,0.26877,-2871,0.33549,3.1293,10,0.14255,0.26933,-13.111,1548.8
4686414467950355072,68,13,SLF,3.8363,0.34547,-718.9,0.51421,-4049.8,0.28935,6.6181,1.0967,0.1865,-4062.5,0.22021,0.18897,-4044.2,3.8528,0.45219,2.0906,0.15809,0.18967,-18.344,3330.9
4686417148009897344,27,13.4,none,0.97064,0.81815,-5768.5,0.13732,-7517.4,0.02,11.162,1.0331,0.080282,-7501.1,-0.10315,0.081915,-7509.5,0.02,9.7845,1.0315,-0.49524,0.08059,8.3306,1748.9
4686417148009897344,28,13.4,none,1.623,0.29868,-4681.1,0.18941,-6979.6,0.10076,4.6108,1.0231,0.090809,-6982.2,0.2662,0.094399,-6973.9,0.16474,0.64084,0.59474,0.17766,0.08651,-8.3038,2298.5
4686417148009897344,68,13.4,none,3.2528,0.39049,-3341.2,0.28319,-6695.4,0.074474,8.2779,0.91196,0.094426,-6698.4,0.014576,0.10183,-6695.5,14.102,0.083123,10,-0.03715,0.099324,-2.8696,3354.2
4687158592506675328,27,12.3,SLF,2.5197,0.81815,-743.62,0.50006,-5468.2,0.02,39.061,0.9835,0.11295,-5352.9,0.2287,0.12991,-5459.7,0.02,35.245,0.96659,-0.46492,0.11279,106.83,4724.6
4687158592506675328,68,12.3,SLF,8.3704,0.34547,2219.4,1.0033,-3074.3,0.38598,11.598,1.138,0.17888,-3085.9,0.2235,0.18226,-3096.8,10.626,0.34601,10,0.1449,0.18644,10.881,5293.6
4687159868124113152,27,10,none,9.9921,0.81815,858.59,0.75507,-1225,0.02,15.265,0.55206,0.18497,-1002.2,-0.25419,0.42761,-1250.5,22.013,0.5728,2.3576,-0.36467,0.24926,248.24,2083.6
4687159868124113152,28,10,none,18.307,0.28674,9945.2,7.1513,4406.6,0.74715,58.874,1.7661,1.3979,4419.6,0.76679,1.3785,4413.6,0.76215,57.205,1.7759,-0.058658,1.3976,5.9942,5538.6
4687159868124113152,68,10,none,33.171,0.39049,6391.1,2.5916,1157.9,0.22035,42.319,1.111,0.52731,1145.6,-0.081922,0.53488,1163,0.12132,55.019,4.4012,-0.086587,0.53626,-17.385,5233.3
4687161895348646400,27,13.8,SLF,0.86923,0.81815,-4195.1,0.20582,-5659.8,1.1402,1.125,2.5955,0.12871,-5667.9,0.27748,0.12891,-5652.5,1.1808,1.0075,2.628,-0.16795,0.1287,-15.349,1464.7
4687161929708394752,27,12.8,none,2.1024,0.81815,-5952.3,0.13098,-6652.4,0.02,6.7032,0.93209,0.10258,-6650,-0.54149,0.10425,-6641.4,0.02,5.825,0.93788,-0.84988,0.10304,-8.628,700.06
4687161929708394752,68,12.8,none,7.4697,0.30046,5056.1,1.9128,-1287,1.0954,13.084,1.5965,0.27724,-1250.2,0.5604,0.24847,-1280.2,1.4043,9.8672,1.7255,0.17061,0.27537,30.034,6343.1
4687162582543422080,27,14,binary/rot,0.84391,0.81815,-5257.5,0.15661,-5614.8,0.02,4.9951,0.85997,0.1361,-5606.8,-0.1823,0.13821,-5604.6,0.02,4.8121,0.86238,-0.68391,0.13627,-2.2127,357.33
4687162582543422080,68,14,binary/rot,3.4674,0.34547,3386,1.3082,-1563.9,0.9065,10.01,1.5886,0.3114,-1550.4,0.67079,0.29122,-1557.2,1.6027,5.1615,2.2716,0.51561,0.30581,6.8448,4949.9
4687164055705068288,27,11.5,none,4.2871,0.81815,-3582.1,0.24097,-5594.6,0.02,31.736,1.2762,0.13598,-5550.4,-0.56039,0.13578,-5582.7,0.16648,4.7952,3.2088,-0.84006,0.13668,32.288,2012.6
4687164055705068288,28,11.5,none,8.4187,0.29868,10056,7.4806,3272.6,0.074303,249.25,0.98011,0.00054318,3421.1,1.452,0.62495,3279.5,0.074608,247.55,0.97965,0.004637,1e-06,141.56,6783.5
4687164055705068288,68,11.5,none,15.235,0.39049,-73.031,0.59559,-4468.1,0.15368,11.819,1.0927,0.16754,-4476.7,-0.43412,0.16851,-4462.8,0.16229,9.7819,4.2321,-0.44607,0.16917,-13.831,4395.1
4687165125163949952,27,13.4,SLF,1.2831,0.81815,-6044,0.12793,-7324.3,0.48149,1.0849,1.4742,0.084124,-7327.6,-0.17449,0.085314,-7316.5,3.2518,0.10384,6.0428,-0.2534,0.084649,-11.125,1280.3
4687165125163949952,68,13.4,SLF,4.5484,0.34547,-7086.9,0.12079,-7866.5,1.4828,0.46294,2.4986,0.093485,-7864.6,-0.57254,0.091904,-7860.6,1.9595,0.26244,10,-0.77787,0.093049,-3.9407,779.63
4687165709279578368,27,12.8,SLF,1.9405,0.81815,-5295,0.1551,-5931.2,0.36455,1.2159,1.3572,0.12396,-5939.4,-0.40431,0.12488,-5924.5,0.02,65803,6.6065,-0.44211,0.12504,-14.876,636.17
4687165709279578368,28,12.8,SLF,3.9433,0.29271,-782.35,0.4986,-4652.8,0.032018,32.516,1.0183,0.15237,-4653.9,0.28016,0.15969,-4644.1,0.16887,1.2415,0.60689,0.2054,0.14543,-9.847,3870.5
4687165709279578368,68,12.8,SLF,6.1067,0.34547,-4817.5,0.20241,-7179.3,0.5499,1.8376,1.2802,0.098709,-7191.7,-0.38275,0.097805,-7180,1.6021,0.5019,10,-0.44413,0.099128,-11.628,2361.8
4687167152388524032,27,14.2,SLF,1.4034,0.81815,-4119.6,0.20985,-5287.2,0.71828,1.3778,2.1507,0.14489,-5300.7,-0.055545,0.14495,-5281.3,0.020002,2680.4,4.6265,-0.06584,0.145,-19.328,1167.6
4687167152388524032,28,14.2,SLF,2.9963,0.29271,1657.3,0.91369,-3120.9,0.069003,32.846,1.0018,0.18297,-3091.2,0.81414,0.20611,-3114.1,0.024264,22.49,0.76766,0.59104,0.17101,22.843,4778.2
4687167152388524032,68,14.2,SLF,4.7689,0.34547,-4073.3,0.23974,-5757.5,0.678,1.7266,1.3892,0.14363,-5769.5,-0.25969,0.1425,-5758.8,3.7328,0.2265,10,-0.34555,0.143,-10.67,1684.3
4687426087389568768,28,14,SLF,2.4416,0.29271,-3852.7,0.23266,-4882.9,1.5563,0.97538,2.3853,0.16318,-4871.8,0.23587,0.16224,-4875.5,1.7788,0.8242,2.6863,-0.34452,0.16323,3.7581,1030.3
4687426087389568768,67,14,SLF,3.1274,0.22745,-5073.5,0.19276,-6373.9,0.26768,2.1708,1.1552,0.1301,-6382,0.018916,0.13183,-6367.3,0.13255,0.36518,0.3,-0.02964,0.11297,-14.669,1300.3
4687426087389568768,68,14,SLF,3.442,0.34547,-4819,0.20234,-6031.8,0.71521,1.3066,1.6941,0.14123,-6040.4,-0.27247,0.13923,-6024.2,1.1874,0.63204,2.7227,-0.40709,0.1404,-16.129,1212.8
4687437254305162880,27,13.5,SLF,1.0977,0.81815,-2182.8,0.34535,-6645.6,0.40378,4.0776,1.7313,0.09477,-6648.9,0.32849,0.095561,-6642.5,0.24948,4.2911,10,0.27609,0.09584,-6.3976,4462.8
4687437254305162880,28,13.5,SLF,2.1462,0.29271,-982.86,0.47439,-6227,0.47324,5.2719,2.0658,0.11266,-6206.5,0.35782,0.1094,-6220.6,0.56485,4.4219,2.3905,-0.0069487,0.11216,14.072,5244.1
4687437254305162880,67,13.5,SLF,3.1962,0.22745,1804,0.9098,-5983.2,0.092852,37.446,1.4525,0.12987,-5963.4,0.46149,0.12764,-5976.2,0.092181,37.678,1.4766,-0.010285,0.12983,12.758,7787.2
4687437254305162880,68,13.5,SLF,3.3579,0.34547,-1561.9,0.42448,-6756.3,0.31367,6.0484,1.4148,0.10537,-6738.9,0.041029,0.10089,-6749.2,0.39405,4.8116,1.6272,-0.18568,0.10466,10.379,5194.4
4687478138084449536,67,12.6,SLF,6.6567,0.22745,1686.7,0.88603,-2202.4,0.49334,9.3792,2.0816,0.33263,-2188.9,0.26734,0.32699,-2195.2,0.56357,7.9674,2.3583,-0.099498,0.3319,6.2972,3889.1
4687479173187523584,28,11.3,none,9.3034,0.29868,-958.04,0.47732,-4702.5,0.066525,17.114,1.0585,0.15313,-4704.6,-0.10636,0.15907,-4693.2,0.24696,1.7196,0.81986,-0.20692,0.15136,-11.434,3744.4
4687479173187523584,67,11.3,none,17.683,0.24598,-2657.2,0.3325,-5355.7,0.1821,5.5699,1.0913,0.15249,-5351.9,-0.39095,0.15708,-5349.9,3.855,0.30298,7.4637,-0.54683,0.15785,-2.0201,2698.6
4687479173187523584,68,11.3,none,16.847,0.30046,5311.7,2.0273,-354.28,0.42373,22.566,1.1307,0.28102,-358.45,0.33956,0.29744,-347.39,0.62978,13.361,1.1468,0.046821,0.28376,-11.057,5666
4687485387976612736,28,12.4,none,5.1688,0.29868,-2914.1,0.2937,-3346.3,0.18664,3.0726,1.3523,0.25399,-3358.5,-0.39896,0.25364,-3338.8,0.21573,1.4648,6.6025,-0.42632,0.25387,-19.668,432.14
4687485387976612736,67,12.4,none,8.5059,0.20892,4365.7,1.6217,-102.69,0.24598,25.784,1.2338,0.46946,-102.96,0.70547,0.48127,-95.684,0.25415,24.181,1.2301,0.00026379,0.46944,-7.2776,4468.3
4687485387976612736,68,12.4,none,8.4349,0.39049,4788.6,1.7999,205.62,0.30046,25.234,1.189,0.46546,195.92,0.33375,0.45799,211.2,0.8137,6.9967,10,0.31658,0.46137,-15.28,4583
4687485491055825536,27,12.4,SLF,2.4252,0.81815,-969.82,0.4718,-5546.2,0.02,83.085,1.1961,0.12131,-5505.1,0.12764,0.12785,-5536.9,0.02,77.718,1.1853,-0.5585,0.12129,31.804,4576.4
4687485491055825536,28,12.4,SLF,4.5339,0.29271,41.152,0.61171,-6056.8,0.25705,10.78,2.1049,0.12155,-5990.1,0.0091146,0.11742,-6051.4,0.34243,8.2701,2.6503,-0.35251,0.12049,61.332,6097.9
4687485491055825536,67,12.4,SLF,7.9574,0.22745,3371.8,1.2959,-5072.8,0.092789,61.906,1.5757,0.16189,-5020.3,0.17341,0.15676,-5069.9,0.30155,19.238,2.7572,0.035573,0.15987,49.617,8444.6
4687485491055825536,68,12.4,SLF,8.949,0.34547,-72.299,0.59569,-4598.4,0.24622,9.3576,1.1502,0.15634,-4611.3,-0.11461,0.15609,-4592.2,0.269,4.3168,10,-0.11989,0.15643,-19.014,4526.1
4687487213367243392,27,12.9,pulsator,2.6549,0.81815,-1902.9,0.37113,-3292.6,0.02,19.145,0.8444,0.22626,-3268.1,-0.050958,0.24281,-3285.2,0.02,14.375,0.79683,-0.41205,0.226,17.028,1389.6
4687487213367243392,28,12.9,pulsator,4.2126,0.29271,-3227.8,0.2717,-5604,1.8711,1.1765,10,0.13491,-5488.4,0.16686,0.12956,-5603.3,1.878,1.0601,10,-0.35578,0.13344,114.87,2376.2
4687487213367243392,67,12.9,pulsator,6.7711,0.22745,4704.1,1.7503,-3478.9,0.20263,35.391,1.6324,0.22791,-3444.9,0.41023,0.22222,-3471.5,0.20428,34.915,1.6539,-0.16039,0.22766,26.598,8183.1
4687487213367243392,68,12.9,pulsator,6.1971,0.34547,-3680.1,0.26217,-6189,0.37859,2.9669,1.2843,0.1273,-6199.9,-0.34563,0.1257,-6185.4,0.70775,1.1462,10,-0.37768,0.12643,-14.503,2508.8
4687487900566335744,27,13,SLF,1.5486,0.81815,-5303,0.15479,-6092.2,0.54892,1.049,1.3671,0.11631,-6098.7,-0.20404,0.11829,-6086.2,0.31691,0.27565,0.31433,-0.24447,0.10082,-12.506,789.24
4687487900566335744,28,13,SLF,2.5962,0.29271,-6516.3,0.1201,-7029.1,0.36408,0.82322,0.99215,0.096312,-7022.4,-0.23917,0.099121,-7028.5,3.9117,0.12754,9.3095,-0.45651,0.097966,6.104,512.85
4687487900566335744,67,13,SLF,4.3989,0.22745,262.9,0.64258,-6371.6,0.28377,10.105,1.7347,0.12325,-6349,0.21781,0.12056,-6363.8,0.29471,9.6243,1.7872,-0.26056,0.12306,14.853,6634.5
4687487900566335744,68,13,SLF,4.2685,0.34547,-4708.8,0.20748,-5910,0.79997,1.27,1.5762,0.14318,-5920.5,-0.30842,0.14133,-5906.3,1.5086,0.42354,10,-0.38178,0.14239,-14.16,1201.2
4687499720314663296,28,13.5,none,1.756,0.29868,-6618.3,0.11709,-7369.6,0.20372,1.3366,1.198,0.091312,-7382.4,-0.18956,0.091729,-7363.4,2.0131,0.097159,10,-0.24756,0.091741,-19.042,751.34
4687499720314663296,67,13.5,none,2.5656,0.22745,-931.89,0.49074,-7199.8,0.02,84.901,1.2714,0.10216,-7192.8,0.31825,0.10161,-7197.6,0.32427,5.8643,5.3207,0.24646,0.10262,4.8117,6267.9
4687499720314663296,68,13.5,none,2.8008,0.30046,-6182.7,0.14837,-7749.4,0.42882,1.3691,1.3784,0.094161,-7760.8,-0.26167,0.093124,-7742.4,0.9288,0.36363,10,-0.29476,0.093464,-18.363,1566.8
4687501953697501568,27,14,binary/rot,0.65923,0.81815,-4792.9,0.17649,-7195.2,0.19709,3.0402,1.2516,0.083989,-7178.1,0.29616,0.086488,-7187.3,0.17431,3.1849,1.2215,-0.31412,0.083967,9.217,2402.3
4687501953697501568,28,14,binary/rot,1.4689,0.29271,-1345.3,0.43357,-6452.2,0.4294,5.9598,2.3275,0.10882,-6388.1,0.50877,0.10432,-6497.8,0.64682,3.6598,10,0.19303,0.10736,109.72,5106.9
4687501953697501568,67,14,binary/rot,2.367,0.22745,-4834.7,0.20343,-7238.2,0.12913,4.5808,1.16,0.10501,-7250.2,0.15272,0.10617,-7231.7,0.21482,0.50478,0.70384,0.10874,0.10365,-18.529,2403.5
4687501953697501568,68,14,binary/rot,2.5096,0.34547,-4913.6,0.19803,-7259.9,0.22834,2.8161,1.0251,0.094022,-7271.2,-0.0089616,0.096269,-7250.2,0.79349,0.037306,1.2185,-0.009207,0.09627,-21.001,2346.3
4687503946562429184,28,13.1,none,2.5069,0.28674,-6532.3,0.11962,-7167,0.29868,1.0622,1.452,0.097253,-7179.8,-0.38251,0.097036,-7159.3,0.26774,0.44899,3.0411,-0.39563,0.09709,-20.528,634.7
4687503946562429184,67,13.1,none,3.5012,0.24598,-4622.6,0.2134,-7627.4,0.067407,10.827,1.432,0.10118,-7614.9,-0.24437,0.10007,-7620.4,0.24441,3.1335,2.7165,-0.3975,0.10089,5.5125,3004.8
4687503946562429184,68,13.1,none,4.6221,0.30046,-6722.5,0.13123,-7388.4,0.7791,0.64427,2.8775,0.1077,-7387.3,-0.63086,0.10571,-7379.3,0.75531,0.54873,4.2506,-0.82571,0.10674,-7.9388,665.91
4687504182822540416,67,13.4,pulsator,5.5259,0.22745,5753.8,2.2181,-1974.5,0.02,203.66,1.0137,0.21833,-1936.2,0.90834,0.25588,-1967.4,0.02,199.28,1.0108,-0.048488,0.21822,31.2,7728.3
4687504182822540416,68,13.4,pulsator,6.1889,0.34547,4941.7,1.8637,-2689.1,0.02,198.94,1.0798,0.22127,-2664.5,0.33081,0.22041,-2691.9,0.23044,29.248,7.7984,0.2934,0.22484,27.422,7630.9
4687505389671548672,28,12.9,none,3.9071,0.28674,-4521.6,0.19706,-5700.5,0.78496,1.2224,2.0769,0.13643,-5708.6,-0.19355,0.13533,-5692.7,1.0943,0.72846,2.8301,-0.40483,0.13615,-15.868,1178.9
4687505389671548672,68,12.9,none,7.9418,0.39049,1646.8,0.88075,-3199.3,0.20675,15.354,1.1159,0.2064,-3211.1,0.064696,0.20808,-3192.5,0.87376,2.5666,10,0.054059,0.2091,-18.645,4846.1
4687505801988031232,28,13.6,SLF,1.8123,0.29271,-2371.7,0.33604,-6863.9,0.02,152.33,1.6468,0.10242,-6807.4,0.14818,0.10054,-6882.9,0.31248,4.3557,10,-0.15808,0.10213,75.475,4492.2
4687505801988031232,67,13.6,SLF,2.8002,0.22745,-1657.1,0.41666,-7119.5,0.02,54.399,1.1678,0.10326,-7119.7,0.27163,0.10388,-7115.5,0.27474,5.1788,10,0.22364,0.10465,-4.2503,5462.4
4687505801988031232,68,13.6,SLF,3.4225,0.34547,-1960.3,0.3877,-6521.4,0.02,28.513,0.94305,0.10513,-6515.8,0.026128,0.10826,-6519,0.31374,4.3968,10,-0.016183,0.10972,3.2521,4561.1
4687507245097014144,27,11.2,none,6.4665,0.92175,9541.9,7.0457,4079.7,0.55728,70.525,1.8228,1.4108,4080.5,0.89394,1.4352,4086.5,0.54676,70.76,1.81,0.04157,1.4106,-6.0215,5462.2
4687507245097014144,28,11.2,none,12.296,0.29271,2247.1,1.0578,-1802.3,0.02,151.31,1.404,0.36539,-1754.9,-0.23513,0.35971,-1802.3,0.11199,42.705,4.4008,-0.46645,0.36408,47.457,4049.5
4687507245097014144,67,11.2,none,29.682,0.22745,13165,11.84,9293.6,0.02,1168.5,1.0371,4.1782,9291.6,0.80496,4.2877,9300.6,0.02,1142.2,1.0347,-0.0048804,4.1791,-9.0429,3871.1
4687507584364583040,28,11.4,SLF,9.4255,0.29271,5368.7,2.2959,-2306.4,0.090424,82.331,1.4788,0.28714,-2263.7,0.21124,0.28295,-2299.8,0.02416,436.14,1.5158,0.01338,0.28618,36.065,7675
4687507584364583040,67,11.4,SLF,16.218,0.22745,4571.7,1.6988,-2733.1,0.02,187.66,1.111,0.24318,-2736.3,0.16697,0.25127,-2725.4,0.02,172.28,1.108,-0.27403,0.24405,-10.91,7304.8
4687507584364583040,68,11.4,SLF,17.318,0.34547,5275.8,2.0108,-643.89,0.089205,55.042,1.0146,0.32431,-651.73,0.096672,0.34234,-638.94,0.046044,99998,10,0.090136,0.34378,-12.793,5919.7
4687508413319210368,27,13.4,none,0.9873,0.71455,-7270.2,0.093323,-7566,2.1441,0.2078,10,0.081716,-7537.6,-0.19929,0.082586,-7563.1,2.3272,0.153,10,-0.55186,0.081636,25.525,295.74
4687508413319210368,28,13.4,none,1.7538,0.28674,-7032.6,0.10565,-7584.6,0.96795,0.4625,2.123,0.086748,-7591,-0.16006,0.086367,-7577.1,1.3165,0.2934,3.0582,-0.43711,0.086789,-13.843,551.94
4687508413319210368,67,13.4,none,2.7977,0.22745,-1323,0.44929,-7334.6,0.02,107.89,1.3849,0.10232,-7315.2,0.20697,0.10092,-7334.2,0.31746,5.8242,4.0899,0.090925,0.10211,19.028,6011.7
4687508413319210368,68,13.4,none,3.0114,0.30046,-7382.8,0.11292,-8178.8,1.6676,0.41429,2.3377,0.086224,-8173.5,-0.34102,0.084945,-8167.4,1.8127,0.35966,2.5702,-0.7805,0.086089,-6.1199,796.03
4687509749039520768,27,13.4,SLF,0.81271,0.81815,-4781.6,0.177,-6653,0.1781,2.9887,1.1686,0.097331,-6640.2,0.19431,0.10045,-6645.2,0.11984,3.5838,1.0915,-0.29036,0.097132,5.0109,1871.4
4687509749039520768,28,13.4,SLF,1.6241,0.29271,-5451.9,0.15642,-7403,0.21921,2.1744,1.0881,0.082955,-7405,0.20463,0.085102,-7397.6,2.7719,0.23732,2.1585,0.02117,0.084599,-7.3807,1951.1
4687509749039520768,67,13.4,SLF,2.8076,0.22745,-5050.8,0.19375,-7146.5,0.15111,3.403,1.1492,0.10872,-7157.5,0.037664,0.10962,-7146,3.5406,0.13994,10,-0.060332,0.10941,-11.554,2095.7
4687509749039520768,68,13.4,SLF,2.7283,0.34547,-5628.7,0.1683,-7857.1,0.43357,1.6638,1.2709,0.087433,-7870.2,-0.1758,0.086739,-7849.7,0.59083,0.77676,1.4784,-0.24518,0.087179,-20.516,2228.4
4687512948804514176,28,13.8,SLF,1.4749,0.29271,-739.81,0.5039,-6333.7,0.02,82.677,1.2858,0.10965,-6316,0.44696,0.10877,-6324.9,0.15678,11.755,2.1222,0.32487,0.11032,8.8373,5593.9
4687512948804514176,67,13.8,SLF,2.7983,0.22745,-3114.1,0.29993,-6831.6,0.26037,4.8518,1.4716,0.11423,-6843,0.22251,0.11331,-6827.5,0.62387,1.4572,9.4064,0.18718,0.11374,-15.586,3717.5
4687512948804514176,68,13.8,SLF,2.5132,0.34547,-1472.2,0.43323,-6795.1,0.21727,7.7704,1.3899,0.10746,-6765.1,0.11913,0.10337,-6787.7,0.24798,6.8807,1.5018,-0.20611,0.10711,22.646,5322.9
4687513910877142528,27,14.1,none,0.5448,0.71455,-6743.3,0.10687,-7523.8,2.4219,0.32132,4.5778,0.079484,-7455.5,0.46733,0.079898,-7514.9,2.464,0.31077,4.7494,-0.51527,0.079491,59.382,780.49
4687513910877142528,28,14.1,none,1.2636,0.28674,-6355.6,0.12498,-6812.8,0.83178,0.48775,10,0.10774,-6809.2,-0.025517,0.10614,-6806.6,0.8318,0.43046,10,-0.38463,0.10722,-2.6705,457.2
4687513910877142528,67,14.1,none,2.241,0.20892,-1398.4,0.43823,-5282.4,1.087,3.0005,1.821,0.14317,-5270.3,0.72918,0.13903,-5275.3,1.1285,2.8679,1.8475,-0.0797,0.14317,4.9637,3884
4687513910877142528,68,14.1,none,2.0006,0.30046,-1468.8,0.43356,-6826.3,1.0577,3.0937,1.6946,0.091738,-6788.5,0.48059,0.084505,-6818.8,1.0794,3.0064,1.7181,-0.18759,0.091538,30.249,5357.5
4688962517474878720,27,13.5,none,0.70036,0.92175,-5114.8,0.16246,-5458.1,0.28252,1.1343,0.98743,0.13859,-5459.5,-0.035624,0.14229,-5450.3,0.11589,1.4751,0.8157,-0.34426,0.13791,-9.1298,343.32
4688962517474878720,28,13.5,none,1.2965,0.28674,-5505.7,0.15434,-7040.5,1.3623,0.70406,7.984,0.097894,-6983.4,0.33603,0.094485,-7037.2,1.2356,0.72476,10,-0.04752,0.09672,53.847,1534.8
4688962517474878720,67,13.5,none,3.1265,0.20892,-1985.9,0.38687,-3618.4,1.1617,1.8872,10,0.25126,-3588.5,0.41229,0.24094,-3628.9,1.1325,1.7417,10,0.10347,0.24572,40.407,1632.6
4688962517474878720,68,13.5,none,2.1656,0.30046,-4795.3,0.20343,-6190.8,1.3813,0.98845,1.8637,0.1308,-6189,0.12495,0.12798,-6183.2,1.6059,0.81435,2.1159,-0.29875,0.13083,-5.8093,1395.5
4688966292708802304,27,12.1,SLF,2.7463,0.81815,-1509.4,0.41066,-5237.8,0.02,36.004,1.0408,0.13433,-5183.7,0.00067069,0.14194,-5227.8,0.02,33.99,1.0333,-0.66517,0.13444,44.141,3728.4
4688966292708802304,28,12.1,SLF,5.1838,0.29271,-2084.2,0.3609,-5629.2,0.02,62.453,1.2815,0.13645,-5622.9,-0.20275,0.13562,-5627,0.28216,4.3728,10,-0.30114,0.13661,4.1574,3545
4688966292708802304,67,12.1,SLF,8.9545,0.22745,-3272.6,0.28939,-6122,0.02,36.519,1.2096,0.14131,-6121.1,-0.45076,0.14081,-6120.9,0.24201,3.7393,10,-0.56441,0.14197,-0.11506,2849.5
4688966292708802304,68,12.1,SLF,9.2864,0.34547,-1575.7,0.42315,-5319.9,0.14276,9.0553,1.116,0.14709,-5328.3,-0.34583,0.14671,-5317,0.20188,5.5078,10,-0.36404,0.14737,-11.309,3744.2
4688967289176997504,28,12.3,none,3.4019,0.29271,-792.48,0.49735,-5755.9,0.02,71.246,1.2672,0.12951,-5735.4,0.074089,0.12845,-5755.2,0.26537,6.9236,10,-0.051151,0.1301,19.778,4963.4
4688967289176997504,68,12.3,none,10.816,0.39049,9246.1,4.9615,4260.2,0.21408,85.918,1.0897,1.0409,4250.3,0.72185,1.0691,4267.2,0.21033,85.38,1.0873,-0.0070932,1.041,-16.903,4985.9
4688967362197739392,27,10.8,pulsator,6.255,0.81815,5517.2,2.5024,-2013.3,0.02,119.85,1.0288,0.27656,-1800.4,0.38835,0.31034,-2002.1,0.02,120.31,1.0295,-0.78944,0.27656,201.63,7530.5
4688967362197739392,28,10.8,pulsator,16.078,0.29271,5709.7,2.4987,-839.93,0.02,92.463,0.88574,0.33704,-756.95,0.15993,0.40799,-870.46,33.893,0.64518,1.2852,0.041823,0.0042878,113.51,6549.6
4688967362197739392,68,10.8,pulsator,23.376,0.34547,8581.8,4.2657,4294.4,0.35871,53.294,1.1494,1.122,4281.5,0.39068,1.1314,4301.4,0.3583,48.196,1.144,0.0014114,1.1216,-19.9,4287.4
4688967568356557440,27,10.7,none,11.688,0.81815,-2929.1,0.28504,-4058,0.025253,17.513,1.0256,0.19832,-4047.2,-0.90851,0.20166,-4043,0.02,17.52,1.0198,-1.1766,0.19931,-4.1559,1128.9
4688967568356557440,28,10.7,none,24.62,0.28674,-2956.1,0.29066,-3612.9,1.5681,1.0912,1.741,0.22329,-3591.3,-0.67338,0.22466,-3612.2,3.0885,0.54395,4.3029,-1.1397,0.22511,20.851,656.84
4688967568356557440,67,10.7,none,39.697,0.24598,-2331,0.35789,-4413.4,0.11907,7.5782,1.0604,0.1965,-4413,-0.78782,0.20122,-4404.2,5.0966,0.24333,3.4504,-0.89012,0.19894,-8.7675,2082.4
4688967568356557440,68,10.7,none,40.676,0.30046,-2258.2,0.3623,-4107.1,0.60131,2.9035,1.2544,0.20246,-4114.2,-0.90757,0.20207,-4094.6,1.1191,0.76506,10,-0.92513,0.20278,-19.522,1848.9
4688978838366817280,27,12.7,SLF,2.3635,0.81815,-1414,0.42087,-4720.8,0.76,3.4468,1.9264,0.15473,-4726.3,0.21423,0.15657,-4714.3,0.82248,1.2964,1.4373,0.11322,0.15372,-12.014,3306.8
4688978838366817280,28,12.7,SLF,4.2903,0.29271,-875.01,0.48726,-5569.2,0.33585,6.4403,1.4395,0.12417,-5582.5,0.20443,0.12363,-5563.1,1.6823,0.61602,3.359,0.17463,0.12412,-19.366,4694.2
4688978838366817280,67,12.7,SLF,7.5825,0.22745,-1637.4,0.41852,-5864.8,0.56743,4.185,1.4889,0.12947,-5872.4,0.12619,0.12835,-5859.5,1.8212,0.968,4.7476,0.054307,0.13022,-12.9,4227.4
4688978838366817280,68,12.7,SLF,7.5372,0.34547,-1434,0.43701,-4738.6,0.67043,3.721,1.6016,0.17473,-4733.2,-0.21791,0.16994,-4729.3,0.7179,3.2768,1.6957,-0.55328,0.17404,-3.8947,3304.6
4688980414561766016,27,13,SLF,1.4152,0.81815,-5026.9,0.16618,-6026.7,0.52228,1.2501,1.7226,0.12019,-6037.4,-0.18943,0.12061,-6020.4,0.1733,1.3429,10,-0.22023,0.12074,-17.082,999.74
4688980414561766016,28,13,SLF,2.5772,0.29271,-3818.2,0.23466,-5769.5,0.34994,2.6319,1.3825,0.12988,-5782.9,0.092465,0.13006,-5763.1,1.6945,0.32999,2.7825,0.034156,0.13032,-19.748,1951.4
4688980414561766016,67,13,SLF,4.4186,0.22745,-4507.6,0.21901,-6430.5,0.30731,2.627,1.3532,0.12866,-6443.7,-0.090806,0.12883,-6425.2,2.6084,0.15812,10,-0.13911,0.12897,-18.494,1922.9
4688980414561766016,68,13,SLF,4.617,0.34547,-940.47,0.48893,-5159.1,0.3152,6.3799,1.1338,0.13453,-5172.7,0.13025,0.13577,-5155.3,1.7687,0.81449,10,0.11003,0.13696,-17.319,4218.6
4688986534938381184,27,12.9,SLF,2.076,0.81815,707.13,1.4583,449.51,0.19564,17.007,1.0199,0.927,447.45,0.58493,0.97657,450.76,6.7292,1.0383,10,0.52843,0.92089,-3.3087,257.62
4688986534938381184,67,12.9,SLF,5.7201,0.22745,3481.2,1.3302,78.853,0.27,19.909,1.4055,0.54133,66.693,0.58098,0.53966,85.864,0.27214,19.156,1.4097,-0.0015179,0.54131,-19.171,3402.3
4688986534938381184,68,12.9,SLF,6.3565,0.34547,3029.3,1.2499,-2217.1,0.058693,51.616,1.0259,0.24293,-2223.9,0.30525,0.25002,-2210.1,0.027556,89.216,1.0043,-0.050146,0.2433,-13.804,5246.4
4689002851458876800,28,11.4,none,8.5293,0.29868,-305.29,0.56129,-1012.4,0.23761,5.5856,1.1262,0.43816,-1022.4,-0.14974,0.44256,-1008.6,1.8051,0.75754,10,-0.28049,0.44351,-13.784,707.06
4689002851458876800,67,11.4,none,14.068,0.20892,-82.747,0.59437,-1973.6,0.38932,6.0995,1.2853,0.34344,-1976.2,0.0037402,0.34773,-1965.9,0.6384,3.248,1.3138,-0.28713,0.34353,-10.305,1890.9
4689002851458876800,68,11.4,none,12.164,0.30046,4351.3,1.6295,850.7,0.48978,17.004,1.5972,0.63654,861.53,0.14441,0.61694,857.82,0.60388,13.515,1.8719,-0.12403,0.63333,3.7027,3500.6
4689003027613801216,28,12.9,SLF,3.4489,0.29271,93.76,0.61975,-5430.4,0.045151,50.403,1.3176,0.13375,-5425.8,0.23547,0.13285,-5424.6,0.33001,7.3909,2.9512,0.15733,0.13426,-1.187,5524.2
4689003027613801216,67,12.9,SLF,6.4442,0.22745,-65.224,0.59673,-4504.3,0.35411,7.3548,1.2604,0.16983,-4507.3,0.3497,0.17284,-4500.5,2.1129,1.1683,1.7792,0.15021,0.17294,-6.8369,4439.1
4689003027613801216,68,12.9,SLF,6.4371,0.34547,-1186.9,0.46228,-5842.7,0.22641,8.0655,1.2905,0.13029,-5836,-0.1883,0.12697,-5835.7,0.52422,3.5012,5.0539,-0.23159,0.12829,-0.31818,4655.8
4689018661298288000,28,13.3,SLF,3.6098,0.29271,-2552.6,0.32128,-3228.8,0.02,14.088,0.88457,0.25376,-3237.5,-0.10293,0.25799,-3221.4,40,0.29904,0.3,-0.13985,0.19618,-16.05,676.16
4689018661298288000,67,13.3,SLF,4.9075,0.22745,-4322.6,0.22835,-6008.4,0.02,12.072,0.83806,0.13403,-5998.2,-0.05651,0.14134,-6000.4,2.3227,0.37414,1.1841,-0.24938,0.13588,2.1897,1685.8
4689018661298288000,68,13.3,SLF,4.8906,0.34547,-2426.3,0.34871,-5332.2,0.63393,2.9305,1.4,0.14994,-5342.3,-0.086067,0.14762,-5324.2,0.74735,2.1761,1.4827,-0.32602,0.14947,-18.089,2905.9
4689033539046230400,27,11.4,pulsator,4.1099,0.81815,1712.7,0.94057,-5050.4,0.02,84.581,1.2697,0.14699,-4883.4,0.018415,0.14836,-5037.2,0.02,85.774,1.2757,-0.98382,0.14711,153.79,6763
4689033539046230400,28,11.4,pulsator,7.8865,0.29271,921.59,0.76115,-4520.4,0.02,79.307,1.1655,0.16994,-4503.8,-0.091209,0.17096,-4509.8,0.14532,19.82,2.8801,-0.17174,0.17278,6.0066,5441.9
4689033539046230400,67,11.4,pulsator,13.602,0.22745,2510.2,1.067,-3830.3,0.02,96.194,0.9972,0.17116,-3814.2,0.20158,0.18879,-3822.3,0.02,84.145,0.98018,-0.32127,0.17127,8.1093,6340.6
4689033539046230400,68,11.4,pulsator,14.094,0.34547,4624,1.7337,-549.9,0.25893,24.896,1.0907,0.33748,-561.83,0.19854,0.34774,-547.11,17.223,0.24715,10,0.17122,0.34347,-14.715,5173.9
4689037181200454656,27,13.8,binary/rot,0.81481,0.81815,-3740.5,0.23135,-6913.3,0.066389,18.023,1.7957,0.097016,-6835.5,0.12875,0.096131,-6926.9,0.25846,3.4043,10,-0.3494,0.097006,91.378,3172.8
4689037181200454656,28,13.8,binary/rot,1.5238,0.29271,-5710.3,0.1467,-7667.6,0.25133,2.2289,2.1869,0.086158,-7651.4,-0.092302,0.084999,-7663.5,0.37862,1.4092,5.3488,-0.34564,0.085713,12.141,1957.3
4689037181200454656,67,13.8,binary/rot,2.7667,0.22745,3631.5,1.3741,-5156.2,0.059799,93.141,1.4237,0.15083,-5130.8,0.68981,0.14719,-5149.2,0.062012,89.537,1.4346,-0.0071894,0.15087,18.357,8787.7
4689037181200454656,68,13.8,binary/rot,2.6525,0.34547,-4777.8,0.20424,-6346,0.058374,6.0269,0.93857,0.12608,-6357.6,-0.14047,0.12779,-6341.7,0.25569,1.661,10,-0.16592,0.12824,-15.837,1568.2
4689054670286883968,27,13,none,1.6858,0.71455,-5676.1,0.14062,-5958.4,0.92425,0.48523,3.2058,0.12583,-5969.6,-0.43519,0.12561,-5952.1,0.8178,0.35015,10,-0.57175,0.1259,-17.504,282.31
4689054670286883968,28,13,none,3.005,0.29868,-1257.2,0.44315,-4942.3,0.17092,9.0143,1.1541,0.14153,-4947.6,0.40696,0.14691,-4938.8,0.083445,1.2286,0.51656,0.34919,0.1296,-8.7672,3685.1
4689054670286883968,67,13,none,5.6187,0.20892,-6823.5,0.12988,-7792.3,0.40614,1.0697,1.6509,0.098712,-7803.3,-0.53967,0.098254,-7783.3,0.84539,0.32258,2.8627,-0.61198,0.098456,-19.99,968.82
4689054670286883968,68,13,none,5.2021,0.30046,-6016.9,0.15408,-7435.4,0.40551,1.3837,1.0774,0.095819,-7442.7,-0.39674,0.097627,-7426.8,0.85662,0.46106,0.98563,-0.51914,0.095314,-15.856,1418.5
4689054945164735616,27,12.8,SLF,1.8911,0.81815,582,0.70323,-1411.5,0.40992,7.4025,2.2133,0.3959,-1398.4,0.27647,0.3941,-1404.5,0.40674,7.0369,2.463,-0.091968,0.39588,6.0853,1993.5
4689054945164735616,28,12.8,SLF,3.4966,0.29271,8026.1,4.4409,3533.9,0.099867,137.44,1.1671,1.1669,3532.8,1.2655,1.1906,3540.8,0.099588,137.5,1.1667,-0.0023262,1.1669,-8.0067,4492.2
4689054945164735616,67,12.8,SLF,5.9612,0.22745,-372.33,0.55678,-3074.9,0.18876,9.4173,1.1485,0.26032,-3082.2,0.2643,0.26457,-3082.3,3.4345,0.53002,10,0.11866,0.2657,0.098237,2702.5
4689054945164735616,68,12.8,SLF,7.5074,0.34547,2929.7,1.1792,-1098.2,0.11581,28.955,1.0293,0.35156,-1108.9,0.25656,0.36075,-1091.2,0.14334,1.1806,0.30277,0.23125,0.29638,-17.66,4027.9
4689057346006300544,27,11.9,none,2.3515,0.92175,-2499.5,0.31834,-5860.8,0.379,4.124,1.8584,0.12087,-5851.3,-0.12835,0.1208,-5852.7,0.54149,2.5335,4.8321,-0.27378,0.12153,1.3825,3361.3
4689057346006300544,28,11.9,none,4.7404,0.29868,-984.76,0.47417,-5199.1,0.068288,20.269,1.1108,0.13177,-5204.3,0.19088,0.13734,-5198.9,0.14568,0.55645,0.3,0.14066,0.091708,-5.4101,4214.3
4689057346006300544,67,11.9,none,7.6644,0.24598,3636.5,1.3757,-4474.4,0.17525,32.474,1.5493,0.17822,-4434.3,0.22225,0.17118,-4467.6,0.21353,26.819,1.6952,-0.069734,0.17731,33.296,8110.9
4689057346006300544,68,11.9,none,9.0152,0.39049,-1518.8,0.42866,-5451.1,0.24409,7.0469,1.2423,0.14269,-5450.1,-0.37289,0.13935,-5445.7,0.52636,3.333,2.5816,-0.42772,0.14129,-4.4116,3932.3
4689058892200836096,27,13,none,1.9527,0.81815,-3256.7,0.262,-3816.2,0.02,7.7657,0.81839,0.21376,-3794.1,-0.27827,0.2191,-3804.3,0.02,7.6026,0.8184,-0.866,0.21392,10.143,559.5
4689058892200836096,28,13,none,4.1828,0.29868,-1425.7,0.425,-4044.7,0.14414,8.5796,1.1446,0.19249,-4054.9,0.15973,0.19583,-4038.2,7.5931,0.27688,0.3,0.13103,0.15582,-16.726,2619
4689058892200836096,67,13,none,6.5375,0.22745,-4628.9,0.21309,-5258,0.02,6.1446,0.75061,0.16928,-5255.5,-0.47595,0.17699,-5256.2,12.053,0.15898,1.27,-0.55107,0.16319,0.71459,629.02
4689058892200836096,68,13,none,6.174,0.30046,4757.3,1.7871,-752.46,0.56239,17.392,1.2381,0.29927,-761.47,0.66632,0.29257,-749.34,1.78,3.8999,10,0.64826,0.29731,-12.128,5509.7
4689058999614762368,27,13.5,none,0.67592,0.71455,-4684.5,0.18148,-5573,0.92175,0.95016,2.8069,0.1357,-5584.6,0.25668,0.13537,-5573.9,0.8221,0.78256,10,0.074748,0.13614,-10.682,888.51
4689058999614762368,28,13.5,none,2.033,0.28674,-2116.3,0.35803,-4068,0.53387,3.1113,1.4053,0.1937,-4076.2,0.45612,0.19431,-4063.7,1.828,0.86212,2.4397,0.25558,0.19547,-12.497,1951.6
4689061920192649984,27,13.1,none,1.5371,0.71455,-5769.9,0.13727,-6229.2,1.1204,0.52477,2.4004,0.11516,-6235.2,-0.27018,0.11573,-6220.9,2.1249,0.1848,3.6551,-0.39045,0.11511,-14.335,459.28
4689061920192649984,28,13.1,none,2.4461,0.29868,-4030,0.22264,-6451.7,0.19577,3.4843,1.063,0.1011,-6445.8,0.22997,0.10522,-6445,1.9453,0.45223,1.3924,0.021815,0.10243,-0.78508,2421.7
4689061920192649984,67,13.1,none,5.159,0.20892,-2582.6,0.33814,-5681.9,0.38274,3.9854,1.3884,0.14466,-5694.3,0.12029,0.14409,-5676,1.3906,0.71982,4.127,0.07258,0.14499,-18.331,3099.4
4689061920192649984,68,13.1,none,4.1827,0.30046,4336.8,1.6241,-1629.7,0.39049,19.946,1.1893,0.23361,-1640.7,0.76731,0.23039,-1626.1,1.6722,3.3786,10,0.752,0.2342,-14.618,5966.5
4689062298150064640,27,13.8,binary/rot,1.2413,0.81815,-3399.2,0.25258,-6114.2,1.2182,1.4548,5.6,0.11437,-6118.3,0.24402,0.11153,-6126.9,1.1522,1.277,10,0.0014624,0.11284,8.6625,2715
4689062298150064640,28,13.8,binary/rot,2.1903,0.29271,-3052.1,0.28382,-5375.6,0.95764,1.8871,1.7744,0.13766,-5377,0.39031,0.13672,-5372.2,2.064,0.74581,2.807,0.14315,0.13808,-4.8118,2323.5
4689062298150064640,67,13.8,binary/rot,4.2413,0.22745,-2277.3,0.36225,-5508.6,0.15721,7.0534,1.1188,0.14623,-5514,0.24285,0.14955,-5510.8,3.6012,0.31523,10,0.10996,0.15073,-3.1324,3231.3
4689062298150064640,68,13.8,binary/rot,3.6748,0.34547,-3296.8,0.28606,-6574.5,1.0767,1.9432,2.4489,0.11836,-6510.4,-0.052726,0.11166,-6615.3,1.1792,1.5281,10,-0.29704,0.11589,104.9,3277.7
4689074598938187776,27,14.3,none,0.48492,0.81815,-6176.1,0.12365,-6274.6,0.02,1.3406,0.55043,0.1112,-6262,-0.17563,0.11807,-6267.8,5.1767,0.10263,10,-0.28283,0.11441,5.8033,98.511
4689074598938187776,28,14.3,none,0.87714,0.28674,-6754.8,0.11319,-7604.9,1.1755,0.46178,8.7489,0.086853,-7570.5,0.25847,0.085156,-7597.1,1.1693,0.44602,9.8211,-0.35032,0.086672,26.613,850.03
4690500047016009728,28,12.6,none,4.7279,0.28674,-4555.6,0.1954,-5094.9,0.33275,1.5188,1.4321,0.16278,-5107.8,-0.45074,0.1626,-5092.3,1.0733,0.36844,10,-0.56784,0.163,-15.533,539.35
4690500047016009728,67,12.6,none,7.6411,0.22745,-2101.4,0.37692,-3171.9,0.02,19.239,0.88639,0.27105,-3177.9,-0.18375,0.2775,-3167.8,3.5084,0.28078,10,-0.2754,0.27563,-10.104,1070.5
4690500047016009728,68,12.6,none,6.708,0.39049,1148.2,0.78631,-2843.4,0.23088,13.029,1.1569,0.24572,-2854.4,0.07743,0.24459,-2840,0.89686,2.889,10,0.052354,0.24658,-14.472,3991.6
4690500184455105536,28,12.5,none,5.5391,0.29868,-184.4,0.5784,-2964,0.16166,10.974,1.1811,0.25177,-2975,0.16476,0.25533,-2957.1,0.02,36.897,0.98665,-0.0015946,0.25084,-17.93,2779.6
4690500184455105536,67,12.5,none,8.7422,0.22745,2081.7,0.96861,-3892.1,0.02,201.16,1.3074,0.21718,-3887,0.092165,0.2156,-3890.2,0.31953,11.683,4.7458,0.026057,0.21731,3.1671,5973.7
4690500184455105536,68,12.5,none,9.3462,0.39049,294.75,0.64756,-3549.2,0.14688,13.862,1.1191,0.21776,-3556.3,-0.19845,0.21714,-3542.8,0.2383,6.6052,10,-0.21414,0.21801,-13.51,3843.9
4690502280398443776,28,13.9,none,3.0443,0.29868,-2036.2,0.36523,-2915.9,0.15899,5.1539,1.1511,0.27433,-2928.4,0.079545,0.27615,-2910.2,3.7397,0.1827,10,0.040417,0.275,-18.163,879.75
4690502280398446720,28,10.8,pulsator,12.293,0.29271,3389.3,1.4045,-1274.7,0.053534,74.864,1.2065,0.37418,-1281.9,0.093644,0.3766,-1268.8,0.20373,19.817,6.9003,0.070292,0.37775,-13.128,4664
4690502280398446720,67,10.8,pulsator,19.264,0.22745,3383.1,1.2992,-1710,0.02,136.41,1.0761,0.33884,-1713.1,-0.003877,0.34785,-1696.3,0.15925,21.392,10,-0.016888,0.34865,-16.79,5093.1
4690502280398446720,68,10.8,pulsator,20.554,0.34547,5482.3,2.1075,2246.9,0.19037,32.418,1.0466,0.80823,2234.4,0.057267,0.81908,2249.5,4.2703,1.7769,2.5924,-0.025196,0.8226,-15.162,3235.4
4690503306873686912,28,12.8,SLF,3.049,0.29271,-5605.5,0.15057,-6284.3,0.02,6.2543,0.8427,0.11725,-6291.1,-0.32708,0.12043,-6279.3,40,0.14088,0.39769,-0.37428,0.088577,-11.755,678.76
4690503306873686912,67,12.8,SLF,5.0553,0.22745,-3939.2,0.24898,-5018.3,0.02,18.191,1.0256,0.18312,-5029.8,-0.25601,0.18444,-5010.2,0.1934,1.898,10,-0.2769,0.18466,-19.555,1079.1
4690503826587160832,28,12.3,SLF,5.7725,0.29271,2712.2,1.1872,-4556.5,0.21833,26.329,1.8344,0.1668,-4499,0.2367,0.15841,-4563.6,0.5137,11.872,3.5731,0.016163,0.16376,64.57,7268.8
4690503826587160832,67,12.3,SLF,9.8179,0.22745,1874.8,0.92445,-3408.3,0.10051,30.612,1.1711,0.2172,-3417.1,0.26121,0.22255,-3407.7,8.4457,0.21499,10,0.20983,0.22097,-9.4357,5283.1
4690503826587160832,68,12.3,SLF,10.628,0.34547,3260.2,1.2713,-4070.8,0.037062,125.55,1.2464,0.18236,-4005,-0.094112,0.17335,-4073.4,0.45747,13.175,4.059,-0.18825,0.17921,68.378,7331
4690506712804881792,67,14.3,binary/rot,0.99338,0.22745,-4505.5,0.21911,-9056.6,0.02,39.36,1.2145,0.067893,-9062.2,0.48737,0.067978,-9064.6,0.34213,2.4377,10,0.41775,0.068607,2.4044,4551.1
4690506712804881792,68,14.3,binary/rot,1.2194,0.34547,-1600.4,0.42077,-5132,0.11991,11.748,1.2426,0.16405,-5120.8,0.46185,0.16094,-5137.1,0.33337,4.4797,10,0.39052,0.16273,16.284,3531.6
4690506914646214912,28,12.1,none,6.0239,0.28674,-4127.1,0.21733,-4330.6,1.5692,0.50226,5.142,0.19804,-4317.4,-0.44695,0.19731,-4317.6,1.6093,0.46406,5.6244,-0.99381,0.19794,0.22326,203.44
4690506914646214912,67,12.1,none,9.6865,0.22745,-465.72,0.54517,-3942.1,0.02,64.706,1.1192,0.2209,-3949.3,-0.12016,0.2228,-3933.4,0.2666,5.4941,7.7064,-0.15068,0.22354,-15.938,3476.3
4690506914646214912,68,12.1,none,9.2375,0.39049,-1639.4,0.41706,-4320.9,0.28743,5.3651,1.1336,0.18751,-4334.1,-0.33079,0.18796,-4314.1,0.3372,2.1048,7.4212,-0.33741,0.18824,-20.006,2681.5
4690507670561677696,28,12.6,none,4.5303,0.29868,2867.7,1.2339,1744.8,0.28674,12.876,1.1844,0.8515,1737.5,0.54308,0.86156,1751.5,1.9447,2.093,1.8922,0.39449,0.85614,-14.047,1122.8
4690507670561677696,67,12.6,none,4.0295,0.24598,3916.7,1.4654,-822.02,0.10031,40.401,1.0794,0.38448,-810.23,0.89658,0.40476,-814.98,0.099104,40.086,1.0754,-0.014962,0.38439,4.7502,4738.7
4690507670561677696,68,12.6,none,7.1535,0.39049,-1804.4,0.4017,-2731.4,0.25256,4.2764,1.276,0.30501,-2738.2,-0.42819,0.30214,-2724.6,0.1716,3.894,10,-0.46134,0.30294,-13.557,927.02
4690507881037706112,28,13.1,none,2.0279,0.29868,-7123.9,0.10328,-7508.4,0.087156,1.5546,0.98299,0.088984,-7519.2,-0.40802,0.090019,-7507,4.9468,0.06118,10,-0.45649,0.088726,-12.139,384.49
4690507881037706112,67,13.1,none,3.467,0.20892,-4773.4,0.20626,-7672.1,1.0761,1.3238,2.4333,0.094743,-7659.9,0.11449,0.092013,-7664.5,1.212,1.1097,2.8349,-0.2718,0.094367,4.5503,2898.7
4690507881037706112,68,13.1,none,3.5938,0.30046,-7308.8,0.11484,-7852.2,0.79118,0.53781,1.064,0.090808,-7843.8,-0.43484,0.093157,-7863.9,4.7023,0.13036,6.8067,-0.67879,0.092192,20.141,543.36
4690516677131714432,28,11.2,SLF,3.2344,0.29271,281.58,0.64933,-5222,0.51196,7.3532,2.1194,0.1425,-5181.3,0.35535,0.13746,-5221,0.73351,5.1643,3.2778,0.12099,0.14076,39.641,5503.6
4690516677131714432,67,11.2,SLF,5.693,0.22745,2223.7,1.0002,-3811.5,0.19607,19.971,1.2757,0.19294,-3823.2,0.528,0.19495,-3804.5,0.19292,19.132,1.2694,0.0036879,0.19291,-18.734,6035.2
4690516677131714432,68,11.2,SLF,5.704,0.34547,1575,0.86649,-4176.3,0.15904,21.13,1.2635,0.17986,-4161.2,0.12567,0.17286,-4175.6,0.60013,6.9179,2.929,0.051936,0.17736,14.471,5751.3
4690519769509887488,28,12.3,none,6.9443,0.29271,-1585.1,0.40851,-4567.5,0.021979,45.385,1.1263,0.17364,-4575.2,-0.1966,0.17511,-4559.2,0.26775,3.8638,10,-0.22654,0.17559,-16.017,2982.4
4690519769509887488,67,12.3,none,11.694,0.24598,-474.57,0.54408,-4730.7,0.20892,9.2904,1.1978,0.16774,-4734.7,-0.0078611,0.17156,-4727.6,3.1536,0.61142,2.4313,-0.16507,0.17191,-7.0513,4256.1
4690519769509887488,68,12.3,none,12.647,0.39049,1953.5,0.94438,-2954.2,0.23112,15.868,1.1805,0.22785,-2959.7,-0.15392,0.22351,-2950.2,0.90034,3.8611,10,-0.18205,0.22614,-9.5829,4907.6
4690520387983090432,28,12.6,SLF,3.2706,0.29271,1189.8,0.81357,-5772,0.28263,14.176,1.883,0.12297,-5735.2,0.35565,0.1162,-5780.3,0.57385,7.3759,3.3576,0.13729,0.12045,45.081,6961.8
4690520387983090432,67,12.6,SLF,5.5604,0.22745,1163.6,0.78739,-5967.3,0.16623,19.361,1.4775,0.12855,-5964,0.24652,0.12606,-5960.9,0.28371,10.866,2.0155,0.15769,0.12775,-3.0283,7130.9
4690520387983090432,68,12.6,SLF,6.1399,0.34547,2053.9,0.9662,-4467.3,0.034625,79.805,1.1371,0.16197,-4446.9,0.088396,0.15862,-4461.7,0.31656,12.203,2.8052,0.039223,0.16171,14.777,6521.2
4690521762372716160,28,13.3,none,2.5333,0.29271,-5820.1,0.14275,-6536.4,0.02,9.2836,1.0466,0.11384,-6545.4,-0.35939,0.11415,-6530.3,0.16532,1.4659,10,-0.41648,0.11442,-15.11,716.31
4690521762372716160,67,13.3,none,3.5621,0.24598,-6238,0.14822,-7520.8,0.055516,6.2738,1.2839,0.10573,-7528.8,-0.39901,0.1055,-7514.6,0.21346,1.4635,10,-0.45796,0.10572,-14.181,1282.7
4690521762372716160,68,13.3,none,4.066,0.39049,-5283.9,0.18203,-5748.8,0.21109,1.6361,1.0612,0.15422,-5760.9,-0.55785,0.15435,-5740.7,0.42534,0.4644,10,-0.58054,0.1546,-20.192,464.92
4690522002890799488,28,12.8,SLF,3.7639,0.29271,-6210,0.12958,-6773.4,0.21534,1.4041,1.5972,0.10868,-6781.1,-0.60898,0.10819,-6766,0.39524,0.61884,10,-0.71769,0.10851,-15.177,563.43
4690522002890799488,67,12.8,SLF,6.7998,0.22745,-6072.4,0.15386,-6379.3,0.02,4.4758,0.83088,0.13676,-6386.1,-0.7422,0.13883,-6371.7,9.1978,0.068394,10,-0.78005,0.13609,-14.363,306.91
4690522002890799488,68,12.8,SLF,6.7679,0.34547,-4300.1,0.22769,-6266.2,0.34214,2.4781,1.1078,0.12286,-6278.6,-0.40268,0.12404,-6264.1,1.8495,0.40875,10,-0.46429,0.12542,-14.551,1966.1
4690522273449262592,28,12.5,SLF,3.6886,0.29271,-2000.1,0.36852,-5524.9,0.02,30.674,0.98047,0.1263,-5522.3,0.13479,0.1325,-5524.7,15.901,0.090988,10,0.089248,0.12538,2.3996,3524.7
4690522273449262592,68,12.5,SLF,6.5439,0.34547,1574.7,0.86642,-4924.3,0.02,74.465,0.99739,0.13259,-4918.8,0.049621,0.13741,-4920.7,0.1314,23.234,6.7347,0.030166,0.13878,1.8204,6499
4690525438865707904,28,13.7,pulsator,3.9223,0.29271,-2546.7,0.32175,-4435.6,0.45575,2.9927,1.2972,0.17584,-4441.4,0.14027,0.17767,-4432.4,2.5253,0.55418,2.4867,-0.050938,0.17759,-8.9542,1888.9
4690525438865707904,68,13.7,pulsator,6.5895,0.34547,541.75,0.68499,-2549.8,1.029,4.6123,2.0821,0.2928,-2523.4,0.056063,0.2813,-2545.6,1.4994,2.7318,3.9605,-0.12694,0.28824,22.145,3091.5
