id,sector,bic_white,cw_white,bic_slf,nu_slf,a0_slf,g_slf,cw_slf,dbic_slf_vs_white
ALS_8294,43,1669.3,0.93056,-295.44,2.4314,3.8597,1.1176,0.2861,1964.8
ALS_8294,44,2015,1.0188,43.183,0.78236,6.7174,0.83243,0.26111,1971.9
ALS_8294,45,2111.5,1.0364,0.55068,1.3,5.5858,0.91117,0.23705,2110.9
ALS_8294,59,1924.1,0.97487,-172.74,2.0674,4.3427,1.0179,0.24746,2096.8
BD_+33_1025,43,-592.39,0.51981,-1595.9,2.9376,1.7079,1.5984,0.32393,1003.5
BD_+33_1025,44,-600.94,0.51842,-1552.8,2.2787,1.8901,1.3195,0.324,951.88
BD_+33_1025,45,-1093,0.4584,-1559.5,6.1559,0.88397,2.3284,0.3414,466.49
BD_+33_1025,59,-1479.9,0.41978,-1967.7,1.6706,1.4548,0.88284,0.29369,487.73
BD_+36_4063,14,23303,138.76,12437,0.02,38558,1.347,6.6146,10866
BD_+36_4063,15,20313,152.02,12574,0.02,28998,1.2142,11.309,7739.6
BD_+36_4063,41,22980,136.04,11049,0.02,45928,1.4115,4.6301,11930
BD_+36_4063,55,23313,130.97,10263,0.02,35798,1.3626,2.8428,13050
BD_+36_4145,14,9873.8,6.0559,5215.2,3.2141,24.087,1.5399,0.54422,4658.6
BD_+36_4145,15,8406.3,5.9593,4848.2,3.6325,22.239,1.5871,0.78807,3558.1
BD_+36_4145,41,9188.6,5.2775,4544.8,3.1617,21.093,1.5377,0.47968,4643.9
BD_+36_4145,55,9744.9,5.7306,4743.7,3.252,22.71,1.6068,0.50125,5001.2
BD_+39_1328,86,14308,17.688,4747.6,0.98134,138.04,1.9847,1.0744,9560.5
BD_+60_2522,84,16105,30.414,6252.8,1.8362,165.77,2.1035,0.93036,9852.2
BD_+60_2522,85,16202,32.496,7367.8,1.7809,181.47,2.0741,1.5599,8834.3
BD_+60_2635,84,2821.6,1.2026,284.25,3.6343,4.3074,1.3193,0.27786,2537.3
BD_+60_2635,85,4029.8,1.6306,1042.2,3.1266,6.3308,1.2714,0.25191,2987.6
BD_+62_2078,16,3032.2,1.3458,1233.5,0.02,48.852,0.67392,0.53162,1798.7
BD_+62_2078,17,2520,1.1792,1508.1,1.5686,5.2208,0.99867,0.64864,1012
BD_+62_2078,24,2882.2,1.1973,1316.2,0.37274,10.348,0.77784,0.52299,1566
BN_Gem,44,16828,47.147,8314.3,1.9553,246.24,2.0213,1.7166,8513.7
BN_Gem,45,16454,42.241,9941.8,1.7287,238.14,1.7779,3.5705,6512.5
BN_Gem,46,17213,39.657,9145.5,2.5161,187.54,2.1398,2.0026,8067.4
BN_Gem,71,16317,45.789,8978.3,2.2063,227.89,2.0843,2.689,7338.8
CPD-47_2963,8,17312,51.988,8406.5,2.0837,267.99,2.3625,2.3125,8906
CPD-47_2963,9,16665,42.869,8245.5,1.6697,245.46,2.0075,2.1141,8419.2
CPD_-47_2963,8,17312,51.988,8406.5,2.0837,267.99,2.3625,2.3125,8906
CPD_-47_2963,9,16665,42.869,8245.5,1.6697,245.46,2.0075,2.1141,8419.2
CYG_OB2-11,41,15773,24.899,4799.8,1.6404,149.07,2.2803,0.77829,10973
CYG_OB2-11,55,15268,20.484,4708.2,1.9601,111.21,2.3572,0.74349,10560
CYG_OB2-11,56,16307,23.6,5429.1,1.4892,148.11,2.0654,0.80581,10878
CYG_OB2-11,75,16010,22.587,4795.5,1.8105,126.3,2.3051,0.71885,11215
CYG_OB2-9,41,13260,13.774,4463.4,1.9825,72.511,2.1917,0.80623,8796.6
CYG_OB2-9,55,13012,12.173,3294.7,1.9722,63.964,2.1881,0.53028,9717.1
CYG_OB2-9,75,13605,13.115,3898,1.9134,70.302,2.1358,0.60453,9707.2
Cyg_OB2-24,41,1401,0.84238,-985.36,3.4598,3.0545,1.4742,0.28297,2386.4
Cyg_OB2-24,55,1613.3,0.87849,-795.37,3.961,2.9654,1.5845,0.30226,2408.6
Cyg_OB2-24,75,1347.8,0.82124,-1438.3,3.1958,3.1373,1.4709,0.25009,2786
Cyg_OB2-5,14,32455,1172.8,22926,0.025864,1e+05,1.1082,63.425,9529.5
Cyg_OB2-5,15,27599,1112.4,18760,0.039916,1e+05,1.3273,67.288,8839.3
Cyg_OB2-5,41,30896,878.59,18229,0.029326,1e+05,1.2845,17.509,12667
Cyg_OB2-5,55,32052,982.96,20145,0.03523,1e+05,1.333,36.939,11907
Cyg_X-1,14,22035,103.24,12032,0.10229,4123.4,1.2721,4.2625,10003
Cyg_X-1,54,20999,91.144,10564,0.071945,5761,1.3164,3.3997,10435
Cyg_X-1,55,21378,83.826,8580.9,0.36236,1255.5,1.6697,1.9908,12797
Cyg_X-1,74,21294,89.332,10611,0.16941,2385.5,1.3568,2.8298,10683
HDE_227245,41,6020.6,2.5017,2543.7,3.1921,9.8549,1.5322,0.53414,3476.9
HDE_227245,54,6691.5,2.9925,2472.3,3.8561,10.983,1.8472,0.49862,4219.2
HDE_227245,55,5324.7,2.0676,1969.7,2.7239,8.7392,1.3243,0.39611,3354.9
HDE_227245,74,5803.2,2.3616,2071.1,3.4537,9.0098,1.6095,0.45436,3732.1
HDE_229196,41,20817,81.737,9337.2,0.02,28997,1.3377,2.0334,11480
HDE_229196,75,21506,78.22,9962.2,0.072367,5293.7,1.2989,1.3306,11543
HDE_229196,81,20606,77.066,9612.1,0.041994,9389.5,1.281,1.5797,10994
HDE_229196,82,19811,73.52,9151.1,0.047833,7433.6,1.2662,1.1098,10660
HDE_242926,19,951.56,0.76901,-292.93,0.14144,11.689,0.88491,0.4718,1244.5
HDE_242926,43,1068.5,0.79718,-673.08,0.46058,7.4964,1.2052,0.43315,1741.5
HDE_242926,44,1545.6,0.90247,-526.57,0.0675,26.898,0.93945,0.43757,2072.1
HDE_242926,45,1328.8,0.84919,-567.06,0.20212,12.628,1.0283,0.4379,1895.8
HDE_303308,36,9975.3,7.8147,7928,0.54548,64.961,1.0323,3.4424,2047.3
HDE_303308,37,15127,25.504,12552,0.02,1452.8,0.83157,10.419,2574.8
HDE_303308,63,16727,31.413,12735,0.33305,376.53,1.0584,8.0303,3992.2
HDE_303308,64,13818,15.101,10679,1.1749,92.265,1.2031,4.6218,3139
HDE_303311,36,3150.8,1.3571,1750.5,0.86884,8.0467,0.84522,0.57648,1400.4
HDE_303311,37,3403.4,1.4048,1672.5,0.27725,13.854,0.74018,0.51092,1730.9
HDE_303311,63,3653.6,1.4346,1666.4,0.83798,9.365,0.93191,0.5537,1987.3
HDE_303311,64,3216.9,1.2804,1407.3,0.73873,8.5685,0.88548,0.52646,1809.6
HDE_305438,10,291.98,0.65074,-374.63,1.1133,2.9011,1.4059,0.49754,666.61
HDE_305438,11,221.61,0.63852,-455.75,0.31669,5.0079,0.88655,0.47321,677.36
HDE_305438,63,-308.78,0.56296,-717.32,0.02,10.547,0.58551,0.43202,408.54
HDE_305438,64,-425.51,0.54844,-790.98,0.02,11.08,0.64349,0.45134,365.47
HDE_305524,36,6983.7,3.6222,3104.9,3.594,13.526,1.6425,0.51935,3878.7
HDE_305524,37,6978.5,3.4005,3334,3.302,13.171,1.4738,0.49516,3644.5
HDE_305524,63,7753,3.7758,3274.4,2.0563,18.261,1.3558,0.4813,4478.5
HDE_305524,64,7218,3.2496,3256.3,3.2145,12.768,1.5196,0.51904,3961.7
HDE_338_931,41,13548,14.742,5669,2.4581,66.433,1.9163,0.68077,7879.2
HDE_338_931,54,13658,15.793,6348.1,2.4253,73.731,1.8357,0.77034,7309.9
HDE_338_931,81,14969,20.465,6631.9,1.8386,106.8,1.7918,0.89048,8336.7
HDE_344777,40,5061.2,1.8629,1948.5,2.3583,8.1827,1.1497,0.32886,3112.6
HDE_344777,41,5017.3,1.975,1942.8,1.4117,10.936,1.0222,0.30845,3074.5
HDE_344777,54,4999.6,1.998,2201.5,2.3165,8.8619,1.1982,0.46524,2798.1
HDE_344777,81,4724.5,1.8395,1870.6,1.4436,9.9252,0.99276,0.30225,2853.9
HDE_344783,40,-671.46,0.52171,-1489,0.091564,7.1619,0.72279,0.36151,817.53
HDE_344783,41,-635.55,0.52132,-1383.5,0.51166,3.2653,0.84178,0.35761,747.98
HDE_344783,54,901.41,0.75094,-785.17,0.17918,10.569,0.91393,0.40844,1686.6
HD_101190,37,13452,16.854,7958.5,3.9333,60.67,1.8705,0.98577,5493.1
HD_101190,38,14499,18.148,8362.1,3.5487,68.264,1.8122,0.79909,6136.4
HD_101190,64,14152,16.323,8189,3.7576,59.838,1.7939,0.56125,5963
HD_101190,99,15063,18.345,9133.4,4.3728,62.464,1.9574,1.1118,5929.4
HD_101223,37,6994.2,3.4138,3057.4,1.2404,20.714,1.1031,0.33271,3936.8
HD_101223,38,7008.8,3.1333,3208.8,1.1951,19.271,1.0642,0.36516,3800
HD_101223,64,6664,2.8564,3165.4,2.2118,13.053,1.1703,0.32779,3498.6
HD_101223,99,7300.5,3.1633,3481.1,1.8754,15.778,1.1521,0.33229,3819.4
HD_102415,100,5266.4,2.1767,2560.4,8.8417,5.1291,2.3155,0.46278,2706
HD_102415,64,5194.6,2.029,2519.6,7.5256,5.22,1.8148,0.37944,2675
HD_102415,99,6505.6,2.6422,3405.8,8.4431,6.4064,2.238,0.50127,3099.8
HD_108,17,12178,15.82,6045.8,0.77969,126.29,1.4495,1.6721,6132.1
HD_108,18,12597,16.84,5685.7,0.77615,137.49,1.5016,1.3907,6911.5
HD_108,84,12524,12.732,5112.6,1.4127,77.235,1.7209,0.97206,7411.7
HD_108,85,11803,11.019,5777.4,1.6299,62.787,1.6105,1.1432,6025.1
HD_110360,11,3898.5,1.7019,1387.2,0.02,72.014,0.69958,0.42894,2511.4
HD_110360,37,3084.5,1.331,950.24,0.50963,11.312,0.8824,0.44512,2134.3
HD_110360,38,3449.2,1.3597,803.44,0.02,51.131,0.66685,0.32609,2645.8
HD_110360,64,3457.7,1.3542,627.96,0.02,62.94,0.7298,0.40357,2829.7
HD_112244,11,27815,725.37,18897,0.56505,8165.4,1.6992,42.663,8917.7
HD_112244,37,27714,717.15,15673,1.1231,4982.9,2.3512,16.118,12041
HD_112244,38,29549,619.02,16410,0.91473,4859.6,2.1551,13.393,13139
HD_112244,64,29128,533.1,18812,0.76813,4906.6,1.6905,19.524,10317
HD_117490,100,6953.5,3.1361,3258.3,6.5956,8.6491,2.1548,0.50715,3695.3
HD_117490,101,6988.2,3.5677,3305,5.999,10.378,2.055,0.5064,3683.3
HD_117490,65,7277.3,3.1051,3333.8,6.2169,8.8911,1.9748,0.42508,3943.5
HD_117490,99,8377.5,4.0369,3810.8,5.197,12.659,1.908,0.43414,4566.6
HD_123056,11,11814,11.747,5726.4,1.8012,63.865,1.5504,0.75987,6087.3
HD_135591,12,21720,78.911,15749,3.4098,301.98,1.7024,3.6708,5970.9
HD_135591,38,21033,84.013,14859,2.9434,349.44,1.6556,1.7371,6174.1
HD_135591,39,21585,76.567,15312,3.2376,300.61,1.6705,0.0056211,6273.5
HD_135591,65,21995,84.688,15376,3.0206,342.08,1.6753,0.0089421,6619.1
HD_14434,18,11149,11.97,6281.7,5.3782,36.707,2.2669,0.97596,4867.6
HD_14633,18,11161,11.384,6573.9,1.846,59.244,1.2992,0.0003636,4587.1
HD_149038,103,28147,750.36,18763,0.67948,7273.8,1.6437,29.924,9383.9
HD_149038,39,32849,956.91,22036,0.79637,8014.6,1.8599,46.574,10813
HD_149038,66,27917,707.81,18218,1.2264,4807.4,1.9879,26.789,9698.1
HD_149038,93,27099,548.37,16418,1.4526,3432.1,2.1066,12.935,10681
HD_150574,12,13638,19.496,7693.7,2.5655,87.588,1.9501,1.9669,5944.2
HD_151804,12,27890,734.03,19139,0.45694,9442.9,1.8647,56.596,8751.3
HD_151804,39,31484,704.55,20455,0.41553,10414,1.8972,40.947,11029
HD_151804,66,28686,835.13,17249,0.17326,28960,1.5551,21.132,11437
HD_151804,93,27032,539.28,15885,0.33042,10185,1.7035,16.976,11147
HD_152003,12,22927,207.46,14471,0.71065,1972,1.6866,12.969,8455.6
HD_152147,103,21981,157.64,12374,0.76321,1303.4,1.7214,6.573,9607
HD_152147,12,22728,197.25,13064,0.74985,1724.1,1.9096,9.8257,9664.6
HD_152147,39,23576,119.66,13170,0.93923,945.96,1.7915,5.3194,10407
HD_152247,12,17377,50.511,10222,2.0089,255.17,1.8519,3.1133,7155.6
HD_152247,39,19408,46.997,11218,1.9863,241.81,1.8227,2.6168,8189.9
HD_152247,66,16874,42.554,9204.7,2.4727,197.29,1.9214,1.3659,7669.3
HD_152247,93,16920,42.504,8739.8,2.2967,200.89,1.9277,1.1856,8180.5
HD_152249,103,22617,185.13,14150,1.108,1355,1.7744,9.6179,8466.3
HD_152249,12,20649,116.18,13882,1.1925,790.5,1.9001,13.115,6767
HD_152249,39,25721,193.52,15773,1.0849,1381.3,2.0559,12.313,9947.9
HD_152424,103,25332,368.07,15067,0.21637,9168.9,1.4441,10.376,10266
HD_152424,12,26284,487.73,16948,0.38251,7552.5,1.6487,26.758,9336
HD_152424,39,28196,337.1,16663,0.80826,2931.8,2.2773,16.814,11533
HD_154368,12,26152,410.18,17876,0.85119,3719.3,1.7664,28.38,8275.7
HD_154368,66,26656,500.7,17156,0.59931,5627.6,1.6986,22.758,9500.1
HD_154368,93,25784,394.14,15402,0.59893,4564.4,1.671,10.396,10382
HD_154643,12,15157,26.475,9729.1,2.4145,120.59,1.5039,0.99847,5428
HD_155913,104,11766,10.983,7609,5.5273,33.402,1.8337,0.71536,4157.1
HD_155913,12,11629,11.691,7614.1,5.877,34.479,1.936,0.95157,4015
HD_155913,39,12829,10.862,8321.7,5.8145,32.269,1.8898,0.78238,4507.5
HD_156154,12,18488,60.728,10804,2.0018,309.17,2.203,4.677,7683.5
HD_15629,18,11206,12.077,6689.5,4.2137,42.206,1.9446,1.2527,4516.6
HD_156738,12,10741,8.8055,5594.9,3.4153,34.34,1.8306,0.85901,5145.6
HD_156738,39,11181,7.4798,5408.8,4.4624,25.328,2.0719,0.67318,5772.5
HD_156738,66,9974.6,7.4785,5192.9,5.0804,23.666,2.1135,0.72347,4781.8
HD_156738,93,10135,7.7662,4953.2,4.4167,26.559,2.0198,0.62449,5181.4
HD_188209,14,27956,410.78,18277,0.82805,3523.3,1.8636,24.668,9679.6
HD_188209,15,27012,400.02,17981,1.2889,2647.5,2.2822,28.309,9030.5
HD_188209,41,27620,406.02,15281,1.1643,2768.5,2.3316,11.24,12339
HD_188209,54,26960,378.35,14150,1.0146,2982.3,2.1854,7.6749,12810
HD_189957,41,12466,11.423,6177,2.23,54.191,1.5477,0.44383,6288.7
HD_189957,54,12788,12.83,6295.9,2.1094,63.353,1.5928,0.63522,6491.8
HD_189957,55,13119,12.48,6495.9,1.8481,65.553,1.5106,0.60841,6623.6
HD_189957,74,12314,10.873,6096.1,2.3322,50.731,1.5654,0.47043,6218
HD_190864,41,14397,18.004,8249.1,3.9626,64.866,1.967,0.99951,6147.6
HD_190864,54,14454,19.099,8257.1,3.2215,75.89,1.7676,0.75134,6197
HD_190864,55,14907,18.845,8047.8,3.5394,71.219,1.9266,0.74927,6858.7
HD_190864,74,14186,16.867,7963.6,3.5142,64.55,1.8037,0.54941,6222.7
HD_191423,41,14141,16.952,8204.4,5.5956,51.549,2.2946,0.87742,5936.8
HD_191423,54,14214,18.036,8092.5,4.4842,61.03,2.0586,0.80456,6121.7
HD_191423,55,14534,17.291,8089.8,4.53,57.946,2.0949,0.78016,6443.7
HD_191423,81,14131,16.804,8008.4,5.4861,51.184,2.2749,0.75652,6122.2
HD_191612,14,13292,13.438,7028.2,1.9022,68.972,1.5375,1.0036,6263.5
HD_191612,15,10498,10.526,5979.9,3.0378,42.656,1.713,1.1726,4517.7
HD_191612,41,12039,10.33,6520.2,2.6717,44.42,1.6679,1.0534,5518.9
HD_191612,54,12376,11.63,6206.3,2.0668,57.394,1.6167,0.94857,6170.2
HD_191781,41,16938,32.768,6231.2,0.2584,619.57,1.4264,1.0514,10707
HD_191781,54,16526,31.327,7212.2,0.191,719.61,1.2621,1.0108,9314.1
HD_191781,56,16763,26.144,5060.2,0.48582,310.4,1.5828,0.70615,11703
HD_191781,75,16816,27.096,6453.2,0.46929,325.04,1.474,0.97195,10362
HD_191978,14,8363.8,4.2584,4689.2,0.72031,33.798,1.0034,0.73667,3674.6
HD_191978,15,7633.3,4.8292,4199,0.75449,38.429,1.0458,0.75072,3434.3
HD_191978,41,8640.8,4.6384,3976,0.32907,59.337,1.0048,0.65716,4664.7
HD_191978,54,8139.3,4.2284,3908.5,0.33781,49.545,0.93346,0.48866,4230.8
HD_192001,14,7839.5,3.7683,4350.3,0.82877,27.507,1.0182,0.73862,3489.2
HD_192001,41,7945.6,3.9375,3589.2,0.25022,55.464,0.9095,0.39259,4356.4
HD_192001,54,7409.4,3.5521,3611.8,0.73811,28.223,1.0319,0.58692,3797.6
HD_192001,55,7509.4,3.4222,3631.6,0.6164,28.57,0.96151,0.46591,3877.9
HD_192281,14,17040,32.211,11010,4.9626,103.34,2.1988,2.0188,6030
HD_192281,15,14908,35.093,9546.6,3.9973,125.56,1.9778,1.8751,5361.2
HD_192281,41,15991,26.211,9490,5.3557,80.79,2.3024,0.89875,6500.7
HD_192281,54,16113,28.385,9802,4.6058,94.366,2.1269,1.2159,6311.4
HD_192639,41,23612,157.91,10738,1.0232,1156.1,2.0766,2.9431,12874
HD_192639,54,21826,111.03,11148,1.1411,785.67,1.9127,3.2978,10677
HD_192639,55,23285,130.13,12823,0.87345,1103.1,1.7553,4.8029,10462
HD_192639,75,23443,121.2,12070,1.015,939.4,1.8662,3.5104,11373
HD_193443,41,17148,34.431,9245.2,1.4324,200.07,1.5609,1.3204,7903.1
HD_193443,55,17911,37.678,9886.6,1.2908,233.35,1.5419,1.7524,8024.1
HD_193443,75,17027,28.422,9073,2.1382,137.4,1.7277,1.0633,7953.8
HD_193443,81,16463,29.081,9340.2,1.8463,150.35,1.6068,1.502,7122.3
HD_193514,41,20315,72.609,11171,1.948,386.6,2.104,3.3728,9144.4
HD_193514,55,21132,79.207,11396,1.5911,466.72,2.0327,3.5713,9736.1
HD_193514,81,20259,71.019,10778,1.9257,383.95,2.0259,2.4267,9480.6
HD_193514,82,19689,71.369,9754.6,1.8361,390.61,2.0715,1.958,9934.1
HD_193595,14,7901.6,3.8232,4591,3.8264,13.681,1.3682,0.45886,3310.6
HD_193595,15,6904.9,3.9611,4203.2,3.6249,14.427,1.3078,0.50138,2701.7
HD_193595,41,7479.2,3.5277,4085.7,3.3656,13.354,1.2964,0.30745,3393.5
HD_193595,55,7893.5,3.7391,4189.8,3.1327,14.672,1.3046,0.30161,3703.7
HD_193682,41,13534,14.694,7217.7,4.1064,51.886,1.9913,0.63668,6316.8
HD_193682,55,13715,14.316,7349.2,4.505,48.116,2.0819,0.68786,6365.6
HD_193682,75,14221,15.075,7507,4.1693,52.657,2.0443,0.69282,6714.3
HD_193682,81,13935,16.051,7550.8,3.7754,58.848,1.9585,0.84052,6384.7
HD_195592,41,26860,339.43,13026,0.051601,35949,1.4869,6.0614,13834
HD_195592,55,28555,438.77,15975,0.02,62581,1.2515,11.635,12580
HD_195592,56,27961,323.45,15869,0.02,55039,1.2127,6.7773,12093
HD_195592,76,26647,287.44,14877,0.39454,3643.3,1.5063,6.0166,11770
HD_201345,55,9574.9,5.5104,5341.5,1.4131,32.054,1.1081,0.0083764,4233.4
HD_201345,82,9049.7,5.4227,4764.2,1.8845,27.909,1.2602,0.45704,4285.6
HD_202124,55,22122,99.517,10176,0.47958,1150.1,1.6334,2.5954,11946
HD_202124,56,22147,87.623,10648,0.47668,1062.8,1.559,2.4083,11499
HD_202124,75,21306,74.768,9271.2,0.56777,816.86,1.6753,1.8808,12035
HD_202124,76,22305,105.29,9566.1,0.40206,1484.5,1.6564,2.1608,12739
HD_203064,15,26338,340.19,18720,2.7832,1476.4,2.0854,18.675,7617.6
HD_203064,16,22745,279.28,15815,3.4671,1079.2,2.268,12.584,6930.6
HD_203064,55,26261,258.5,19356,2.5992,1169.6,1.796,15.283,6904.6
HD_203064,56,27696,304.75,18422,2.689,1382.6,2.094,8.2093,9274.2
HD_206183,84,2279.7,1.0541,1794.9,0.52717,6.1874,1.543,0.888,484.77
HD_207198,16,22590,232.57,14809,1.665,1307.6,1.8757,11.566,7780.5
HD_207198,17,22025,210.56,14976,2.1865,1028.3,2.0865,14.666,7049
HD_207198,24,23969,175.49,16034,2.506,803.62,2.1268,10.836,7935.6
HD_207198,56,25295,177.71,15384,2.2511,868.93,1.9919,3.2535,9911.6
HD_207538,84,9441.5,6.0159,4738.6,0.27287,91.688,1.0767,1.0933,4702.9
HD_209339,56,13560,12.732,7707.6,1.0359,91.475,1.2827,1.2694,5852
HD_209339,58,12435,10.066,7642.9,1.1486,66.257,1.1619,0.98916,4791.6
HD_209339,76,12257,10.309,7303.8,1.4374,62.179,1.2934,1.1774,4953.3
HD_209339,78,8822.3,12.894,5612.6,0.9624,93.612,1.1631,1.5151,3209.7
HD_209975,16,25627,517.63,17759,1.1999,3571.1,1.8255,31.33,7867.6
HD_209975,17,24241,371.63,17065,1.1951,2537.6,1.7492,27.787,7175.3
HD_209975,24,27780,432.18,18452,1.6384,2473,2.0709,21.557,9327.7
HD_209975,76,28141,406.06,17177,1.9013,2151.3,2.1451,9.2069,10964
HD_210809,84,19443,68.496,9065,0.73212,622.2,1.6846,2.0911,10378
HD_210839,16,27050,753.1,17679,2.3338,3565,2.5003,24.905,9370.9
HD_210839,17,26409,655.11,17891,2.2635,3181.7,2.3543,28.575,8518.3
HD_210839,24,28583,522.61,19504,2.5009,2431.5,2.498,27.472,9079.3
HD_210839,56,30740,603.79,20021,2.0238,3205.8,2.1711,16.766,10720
HD_214680,16,15109,35.619,14169,0.02,814.88,0.5667,18.059,939.85
HD_216532,17,6340.3,3.3104,4538.4,6.2229,8.8084,2.0306,1.2544,1801.9
HD_216532,24,6771.1,3.0037,4570.5,5.8495,8.3665,1.8999,1.0456,2200.6
HD_216532,84,6896.8,3.2399,4150.7,3.9569,11.32,1.467,0.75945,2746.1
HD_216532,85,5706.5,2.4622,3821.5,6.2881,6.6262,1.693,0.83279,1885
HD_217086,17,13275,21.225,9491.6,4.9495,68.392,1.7565,1.7168,3783.2
HD_217086,18,13388,20.747,8953.3,4.9454,66.883,1.9031,1.3686,4434.4
HD_217086,24,14575,19.023,9890.5,4.5326,63.858,1.7331,1.0764,4684.6
HD_217086,84,14739,21.819,9546.9,4.3188,74.745,1.7723,0.0024578,5192.3
HD_218195,57,11710,7.7563,5718.7,3.0135,31.662,1.6253,0.46687,5991.1
HD_218195,84,10383,7.5631,5091.6,2.4214,34.576,1.4624,0.25011,5291.1
HD_218195,85,10456,7.9142,5217.5,2.7014,33.96,1.5661,0.55003,5238.7
HD_218915,16,18232,89.655,9614.9,0.86018,765.74,1.7509,3.6912,8617.2
HD_218915,17,17823,73.295,9639.2,1.8029,397.36,2.4385,4.4682,8184
HD_218915,84,20551,89.667,11069,0.69739,870.99,1.5786,3.1578,9481.6
HD_224990,2,14420,16.34,7464.4,1.0133,125.92,2.2662,2.553,6955.6
HD_224990,29,15335,34.106,8507.4,0.5033,445.38,1.9776,4.4425,6827.7
HD_224990,69,13233,19.485,8478.6,0.55482,217.08,1.4108,3.8606,4754.6
HD_224990,96,15096,29.993,7260.8,0.77822,273.01,2.3312,3.0072,7835
HD_225146,17,16021,47.3,8013.5,0.65506,445.35,1.7408,3.2562,8007.9
HD_225146,18,17525,61.853,8237.1,0.42321,752.47,1.6192,3.0312,9288.3
HD_225146,57,19998,47.155,7735.6,0.34712,680.5,1.4699,1.002,12263
HD_225146,58,17987,35.309,7557.7,0.55642,394.32,1.5719,1.419,10429
HD_225160,84,18227,50.96,8430.8,0.80214,459.22,1.6768,1.7556,9796.6
HD_225160,85,18760,60.939,9700.3,1.1575,429.72,1.902,3.2108,9059.5
HD_228841,14,10279,6.6556,5931.6,4.4982,22.376,1.6258,0.3342,4347.1
HD_228841,15,9203.2,7.402,5370.6,4.3485,25.32,1.6736,0.58015,3832.6
HD_228841,41,9519.4,5.7052,5150.8,4.7902,18.727,1.7194,0.37891,4368.6
HD_228841,55,9387.8,5.2775,5068.8,5.7361,15.753,1.8682,0.4197,4319
HD_229232,41,9906.1,6.2494,5214.1,4.9689,20.107,1.8619,0.48226,4692
HD_229232,55,9707.4,5.6813,4988,5.5268,17.225,1.9897,0.51275,4719.4
HD_229232,75,9747,5.4828,4941.5,5.8896,16.157,2.0096,0.41356,4805.5
HD_229232,81,9907.7,6.2244,5046.5,5.1393,19.585,1.9053,0.41596,4861.2
HD_24912,59,27376,575.99,19424,2.7207,2528.8,2.0292,17.234,7952.2
HD_24912,86,31112,930.89,23120,2.2022,4484.9,1.957,53.161,7991.8
HD_26912,5,28507,642.12,19173,0.099055,42195,1.6747,51.077,9333.7
HD_26912,32,28984,651.38,16871,0.05259,1e+05,1.6144,22.834,12113
HD_26912,70,27269,708.18,18461,0.030183,87587,1.1591,17.268,8808.2
HD_26912,71,26951,686.38,16126,0.042225,1e+05,1.4205,20.05,10826
HD_27563,5,21024,100.59,9812,0.02,29159,1.4374,4.4927,11212
HD_27563,32,22193,128.21,9698.7,0.02,39939,1.4848,4.1335,12494
HD_28446,19,20325,98.969,14232,2.1469,486.8,1.6336,6.3977,6092.7
HD_28446,59,20446,103.08,13367,2.9392,427.1,1.8867,2.5787,7079.6
HD_28446,73,21597,93.213,14780,3.5533,355.83,1.9115,2.7476,6816.5
HD_28446,86,22749,129.51,16311,2.7758,551.62,1.8413,10.028,6438
HD_303492,10,17910,50.314,6201.9,0.20835,1395.6,1.8022,1.8876,11708
HD_326331,12,17050,46.478,11075,2.2845,220.31,1.7913,4.2582,5975.1
HD_34078,19,11573,11.091,7776.9,0.02,1173.7,1.0151,3.3937,3796.5
HD_34078,43,15210,30.392,7323.8,0.02,2584.2,1.0618,2.404,7885.7
HD_34078,44,10710,9.6245,6339.5,0.02,807.08,0.91424,1.9183,4370.8
HD_34078,45,11566,11.503,7940.5,0.02,1058.6,0.99286,3.6811,3625.1
HD_34656,19,18483,62.949,12106,2.5697,285.23,1.8958,4.8144,6377.2
HD_34656,86,20455,75.393,13030,2.6582,339.91,2.0566,5.0044,7425.6
HD_34816,5,15294,25.061,10258,0.80145,197.38,1.2854,4.1193,5036
HD_34816,32,15096,23.293,9916.8,0.26399,328.7,1.081,3.8592,5178.9
HD_34816,98,32662,21.431,20153,0.14531,465.52,1.0358,2.8627,12508
HD_35468,6,22165,355.94,17694,0.43742,4027.1,1.3793,72.172,4471.6
HD_35468,32,25963,322.34,22045,0.02,26883,0.92251,89.592,3918.3
HD_35468,98,52233,300.51,43646,0.26798,4391.7,1.1766,81.816,8586.7
HD_35912,6,16763,75.235,8207.3,0.5817,1029.4,2.2532,4.5449,8556
HD_35912,32,18801,57.052,8269,0.3573,1208.4,1.7734,2.6003,10532
HD_35912,98,37269,52.416,19524,0.18879,1661.7,1.3587,2.7342,17745
HD_36483,86,9725.3,6.0019,5361.4,2.7581,25.517,1.4972,0.8169,4363.9
HD_36512,6,8789.2,7.5882,7347.7,0.28215,87.802,1.0563,4.2529,1441.5
HD_36512,32,9818.9,6.5034,7777.9,0.51333,55.345,1.0172,2.9923,2041
HD_36512,98,21931,6.6418,14986,0.48142,68.412,1.3039,2.5223,6945
HD_36861,6,23223,482.58,18485,3.3341,1871.5,1.7272,26.034,4738.1
HD_36861,98,51686,281.59,43477,2.094,1351.1,1.3579,45.54,8208.5
HD_36879,43,15726,34.567,7869.9,1.6514,192.92,1.8137,1.6367,7855.7
HD_36879,44,15450,32.732,7482.5,2.0754,163.25,1.945,1.3024,7967.3
HD_36879,45,15753,34.236,7413.3,1.722,189.37,1.8425,1.1582,8339.5
HD_36879,71,14994,29.927,7118.4,2.1328,148.28,1.9106,0.99609,7875.3
HD_36960,6,12575,22.55,11487,1.031,123.83,1.1429,13.366,1088.2
HD_36960,32,13831,17.157,12028,1.0286,104.69,1.2667,8.876,1803.6
HD_36960,98,34384,37.113,27226,0.22373,575.37,1.0515,11.523,7158.3
HD_37041,6,12748,23.698,11466,1.8065,105.32,1.4397,13.101,1282.1
HD_37041,32,15355,24.888,13680,0.20336,320.45,0.8768,12.887,1674.6
HD_37041,98,33047,31.988,26622,0.02,1627.2,0.77423,9.2415,6424.6
HD_37042,6,12460,21.813,11480,0.02,676.19,0.66387,12.684,979.2
HD_37061,6,10612,12.821,5064,0.96492,101.51,1.909,1.8303,5548.2
HD_37061,32,14624,20.783,6048.8,0.65853,232.19,1.9786,1.8103,8575.2
HD_37128,6,33430,9095.7,26200,0.82474,74096,2.1737,822.9,7230.9
HD_37128,32,35641,3346.3,25394,1.118,23870,2.0462,142.09,10247
HD_37128,98,75571,5108.6,57450,0.56504,58531,1.619,315.28,18121
HD_37209,6,6800.4,4.2821,5130.5,0.02,175.82,0.72961,1.9453,1669.9
HD_37209,98,19278,6.0802,11356,0.02,532.24,0.91546,1.6184,7921.8
HD_37481,6,7465.9,5.1856,5130.7,0.55493,49.062,1.1034,1.8575,2335.2
HD_37481,32,8830,5.1204,5610.1,0.35903,61.452,1.0004,1.4511,3219.9
HD_37481,98,16421,3.6393,9687,0.15679,72.95,0.95007,1.1809,6733.6
HD_37711,6,21289,276.65,12761,0.048939,40025,1.5302,16.783,8528.8
HD_37711,43,22822,214.46,13198,0.35934,3306.1,1.6881,11.212,9624
HD_37711,44,22308,192.42,12536,0.20625,4335,1.4576,8.0781,9772.6
HD_37711,45,22243,180.51,11181,0.04856,23046,1.4226,4.92,11062
HD_37742,6,31763,5630.6,24281,0.6713,53623,1.6687,361.84,7482.5
HD_37742,98,48569,202.66,36975,0.40463,2571.3,1.3538,35.025,11594
HD_38666,5,12323,12.089,9022.1,3.4862,45.505,1.5696,2.6153,3301.1
HD_38666,6,10516,12.471,7856.7,4.4371,41.407,1.8623,3.1182,2659.3
HD_38666,32,12634,12.845,8982.1,1.8811,65.078,1.2647,2.2836,3651.9
HD_38666,33,12854,13.671,8893.8,2.2652,64.242,1.4686,2.5828,3960.5
HD_38771,6,14585,40.209,10351,0.09173,1204.3,1.0303,7.7646,4234.3
HD_38771,33,13152,14.695,10363,0.28973,173.81,0.86682,4.0169,2789.8
HD_38771,98,38689,41.38,21919,0.18786,898.56,1.2191,3.4064,16769
HD_39680,6,11697,17.519,5896,2.7567,76.85,2.2516,1.5948,5801.5
HD_39680,33,13091,14.478,5599.4,2.6006,66.281,2.1147,0.93008,7491.6
HD_39680,43,12134,13.814,5557.7,2.4155,64.741,2.005,1.0984,6576.7
HD_39680,45,12004,13.106,6085.7,3.1907,52.942,2.2268,1.3515,5918.5
HD_39985,6,5754.8,3.1697,4957.7,0.20893,42.932,1.4296,2.385,797.11
HD_39985,33,5384.4,2.2343,4593.9,0.54391,14.114,3.6335,1.7785,790.43
HD_39985,87,5275.1,2.4406,4075.4,0.25936,27.95,1.0686,1.567,1199.6
HD_41161,19,15008,26.192,10187,4.754,86.593,1.8492,0.99716,4821.5
HD_41753,6,21147,265.53,13315,0.34117,5074.2,1.6501,17.229,7831.6
HD_41753,33,24246,216.49,14248,0.3121,4869.1,1.7567,12.328,9998.1
HD_41753,43,25943,488.62,14666,0.46161,8109.9,2.4208,19.332,11277
HD_41753,44,25005,396.64,14031,0.33415,8876.6,2.0388,15.58,10974
HD_41997,6,12250,20.535,6117.9,2.3974,95.836,1.9045,1.2047,6131.8
HD_41997,33,13203,14.876,5876.2,3.2772,58.64,2.0576,0.61536,7326.5
HD_41997,43,12646,15.759,5956.6,2.8649,66.917,1.918,0.72151,6689.1
HD_41997,44,12454,15.303,5939.7,3.3212,60.652,2.0607,0.80437,6514.5
HD_42088,43,6658.4,3.368,3365.6,0.22905,50.949,0.95658,0.86455,3292.9
HD_42088,44,7217.8,3.9356,3626.8,0.45746,41.26,1.1264,1.026,3591
HD_42088,45,6641.7,3.2954,3988,0.78736,25.28,1.1614,1.1647,2653.6
HD_42088,71,6733.9,3.428,3630.6,0.02,182.89,0.77435,0.88369,3103.2
HD_43112,6,4802.8,2.4103,4706,0.36721,10.127,0.91096,2.2232,96.775
HD_43112,33,4485.9,1.7969,4399.2,1.9992,3.515,1.1513,1.6456,86.708
HD_43112,43,4205.6,1.7899,4046.3,1.9849,4.1349,1.3485,1.5921,159.3
HD_43112,44,4757.4,2.0792,4762.5,0.02,7.3252,0.33073,1.9129,-5.1126
HD_44743,6,10666,13.019,7798.4,0.02,598.56,0.73851,2.809,2867.1
HD_44743,33,11049,8.8245,8939.2,0.24518,96.692,0.74064,2.4496,2109.8
HD_44743,87,17558,36.067,11007,0.41715,437.19,1.2067,3.5983,6550.7
HD_44811,43,1925.8,0.99458,999.61,0.18059,10.327,0.72775,0.59895,926.19
HD_44811,44,2327.1,1.1071,1328.4,0.42457,8.1805,0.79384,0.63366,998.68
HD_44811,45,2355.3,1.1041,1269.2,0.12814,14.17,0.72757,0.63359,1086.1
HD_44811,71,1913.6,0.99095,1136.6,1.8434,3.7886,1.0787,0.637,776.97
HD_46056,6,5945.1,3.3481,4180.3,7.2978,8.6251,1.6563,0.81194,1764.9
HD_46056,33,6291.3,2.7839,4276.3,9.5698,6.2508,2.0045,0.70273,2015.1
HD_46056,87,6103.3,3.0378,4132.9,7.4986,7.7642,1.6327,0.6428,1970.4
HD_46150,6,12275,20.686,8874,4.9645,66.044,1.7397,1.939,3401.1
HD_46150,87,12879,18.208,9210.4,5.7391,54.577,1.8475,1.5103,3669
HD_46223,6,12333,21.032,8549.7,4.0317,74.483,1.6266,1.2089,3783.1
HD_46223,33,14398,19.878,9680.5,4.8603,64.41,1.8338,1.1637,4717.7
HD_46223,87,13317,20.442,8906.5,4.6914,67.603,1.7786,0.59817,4411
HD_46328,6,13623,30.488,10669,0.34652,326.04,0.92214,6.6325,2954.4
HD_46328,33,14069,18.351,10490,1.2896,109.34,1.1177,3.0827,3578.6
HD_46328,87,24009,162.76,17518,0.46039,1739,1.1897,15.779,6491.2
HD_46485,6,14555,39.861,6551.6,0.61399,375.71,1.5084,1.4731,8003.6
HD_46485,33,16754,35.198,6965.8,0.34425,453.95,1.3351,0.84259,9788.7
HD_46485,87,15593,37.295,7675.8,0.90525,298.43,1.5853,1.7215,7916.8
HD_46573,6,10986,14.276,6582.1,2.5045,62.96,1.4769,0.75503,4404.1
HD_46573,33,12694,13.15,7396.8,2.8639,55.187,1.5495,0.51991,5297.3
HD_46573,87,11445,12.542,6967.2,3.3416,48.722,1.5652,0.5053,4477.6
HD_46769,6,6736.2,4.2037,5397.5,0.061213,175.34,1.2375,2.6747,1338.7
HD_46769,87,6861,3.7255,5347.5,0.02,193.9,0.87958,2.2212,1513.5
HD_47432,33,25938,326.28,14678,0.7443,2883.5,1.7875,8.5904,11260
HD_47432,87,23265,287.01,12820,0.68638,2831.7,1.7879,7.2255,10445
HD_47839,6,14215,36.143,11896,2.2678,159.92,1.0443,1.9726,2319.1
HD_47839,33,18056,48.258,15304,3.2004,184.93,1.1752,5.0479,2752
HD_47839,87,16659,49.437,13532,5.4487,149.86,1.5525,0.00022656,3127
HD_48279,6,9409.8,9.0714,6016.6,3.0782,36.471,1.569,1.454,3393.1
HD_48279,33,11048,8.8231,6036.5,2.3789,40.931,1.4935,0.78812,5011.9
HD_48279,87,10496,10.329,6727.1,3.1093,41.672,1.6854,1.7532,3769.1
HD_48434,6,20974,252.61,12904,1.1996,1651.7,1.8994,11.334,8070
HD_48434,33,24032,205.53,15205,1.3648,1272.7,1.8762,10.855,8826.2
HD_48434,87,21431,185.36,13075,1.7505,1013.7,1.9986,7.3538,8355.6
HD_48977,6,17331,88.572,8813.5,0.20294,2913,1.5995,4.5499,8517
HD_48977,33,19707,72.012,9306.8,0.083749,5561.4,1.4033,2.5402,10400
HD_48977,87,17892,72.024,8802.6,0.052527,9057.1,1.3487,2.7004,9089.3
HD_50707,6,18616,128.2,13468,6.5661,351.47,2.9154,8.7348,5147.4
HD_50707,7,20744,122.93,14692,6.9107,328.14,2.9956,6.639,6051
HD_50707,33,21516,111.67,14195,6.7955,298.95,3.1735,4.0773,7321.3
HD_50707,87,21409,113.33,14661,7.3388,293.98,3.3084,5.2687,6748.1
HD_51309,6,25415,906.57,19103,0.25539,14282,1.4969,112.63,6312.7
HD_51309,7,28850,980.48,19513,0.23779,18607,1.5319,57.328,9337
HD_51309,33,29141,709.51,18066,0.31222,11026,1.6335,28.079,11075
HD_51309,87,28362,619.75,17745,0.55427,6426.3,1.7279,24.357,10616
HD_52089,6,27076,1461.7,22089,0.21611,24550,0.99986,0.31275,4986.8
HD_52089,7,31479,1922.7,24021,1.1661,12910,1.4656,0.087468,7458.1
HD_52089,33,32661,1665.7,25047,1.2647,10664,1.5092,59.708,7613.4
HD_52089,34,32383,2052.1,25079,1.3731,12616,1.601,111.32,7304.5
HD_53138,7,33068,2888.3,21870,0.10086,1e+05,1.5004,108.35,11197
HD_53138,87,38084,4322.5,28565,0.12955,1e+05,1.2037,220.04,9518.7
HD_53244,7,18932,77.297,10946,0.02,6011.5,1.1605,7.9321,7985.9
HD_53244,33,21601,114.01,11488,0.02,12552,1.2851,7.6103,10113
HD_53244,87,21882,127.19,12591,0.02,8498.2,1.0388,6.9719,9290.2
HD_53975,7,13937,21.501,9046.6,0.73099,160.33,1.0577,0.00023621,4890
HD_53975,33,14667,21.217,9298.2,0.64608,181.26,1.0826,0.59564,5368.7
HD_53975,87,13862,17.919,9321,1.8048,92.757,1.242,0.55016,4540.9
HD_54764,7,22399,187.85,12245,1.023,1351.8,2.0083,6.886,10153
HD_54764,33,23642,186.99,12391,0.86718,1489.5,1.8855,5.28,11251
HD_54764,87,23983,212.55,14899,0.35997,2980.2,1.3583,7.874,9083.6
HD_54879,7,3067.7,1.3285,1683.5,1.1721,7.0508,2.4615,0.8477,1384.3
HD_54879,33,3285.8,1.3432,1277.4,0.54152,11.896,1.5662,0.73879,2008.4
HD_55879,7,13915,21.381,9477.1,1.584,115.56,1.2019,0.0012379,4437.8
HD_55879,33,14760,21.703,9819.2,1.865,107.77,1.2781,0.0015664,4941
HD_55879,87,14790,22.48,9803.9,1.4326,129.92,1.2194,0.0032786,4985.9
HD_5689,18,8740.5,6.1436,3842.7,3.6373,22.878,1.8379,0.52645,4897.9
HD_5689,24,10352,7.0067,4448.2,3.8063,25.621,2.0305,0.61044,5904.1
HD_5689,25,9463.8,6.0894,4159,4.0223,21.735,1.9375,0.53097,5304.8
HD_57061,7,19955,100.45,12790,1.0481,735.05,1.7255,8.9204,7164.6
HD_57061,33,20526,87.85,13493,0.72768,785.58,1.6007,10.065,7033.3
HD_57061,34,21863,146.33,16039,0.5393,1555.2,1.3806,21.309,5823.7
HD_57061,61,15833,35.539,11820,0.75892,301.81,1.2615,7.7988,4013.9
HD_57539,7,15346,30.847,7279.2,0.20972,575.34,1.289,2.0732,8066.6
HD_57682,7,11240,10.776,7662.6,0.53538,92.33,0.89945,0.0016231,3577.4
HD_57682,34,11908,11.921,8029.3,0.41682,112.66,0.88224,0.0015342,3878.8
HD_61068,7,15709,33.855,10084,2.5623,146.51,1.6719,2.5271,5625.6
HD_61068,34,16484,37.465,10678,2.6527,158.55,1.6975,2.7549,5806
HD_61068,61,15035,30.008,10073,6.3015,83.822,2.5883,2.7372,4961.9
HD_61068,88,17918,34.383,10538,3.4824,125.87,2.1146,2.1837,7379.2
HD_64568,34,3746.5,1.5462,1393.7,4.4487,5.0534,1.3334,0.30777,2352.8
HD_64568,61,3589.2,1.5226,1093.9,4.7478,4.8666,1.4857,0.32356,2495.3
HD_64568,88,3378,1.2968,706.62,6.3374,3.6023,1.6989,0.29602,2671.4
HD_68450,34,18418,60.231,10549,2.2736,281.24,1.8302,1.4745,7868.8
HD_68450,35,17497,55.029,10796,3.0683,226.97,1.9555,2.2391,6701.8
HD_68450,61,17808,56.889,10567,2.4457,258.67,1.8306,1.7993,7240.5
HD_68450,62,18310,52.445,11106,2.4383,237.96,1.7694,1.7991,7203.6
HD_69106,61,13706,20.71,8204.6,2.6553,87.643,1.5502,0.0017864,5501.1
HD_69106,62,13987,18.294,8433.6,2.7886,76.926,1.5479,0.001441,5553.9
HD_69106,88,15340,19.232,9074.8,2.5414,85.496,1.5419,0.16777,6265.6
HD_69106,89,15817,18.856,9389.2,2.1768,87.695,1.4434,0.00074359,6427.3
HD_69464,8,13888,22.531,5703.3,1.859,120.9,2.1959,1.283,8184.8
HD_69464,35,13693,20.567,4284.3,2.0398,104.97,2.2388,0.64793,9408.6
HD_69464,61,14127,23.083,5574.2,1.4237,143.47,1.8356,0.90123,8552.3
HD_69464,62,13198,16.518,3661.6,2.3742,76.905,2.3718,0.54104,9536.6
HD_74920,8,14956,28.356,8638.3,3.4563,109.58,2.0395,1.5785,6317.3
HD_74920,9,14150,22.539,8091.4,4.2852,77.703,2.1723,1.2632,6058.2
HD_76556,8,14771,27.043,8394.4,2.8184,114.4,1.9472,1.8461,6376.9
HD_90273,9,6591.9,3.2428,2987.2,3.1761,12.777,1.3758,0.28695,3604.7
HD_90273,10,6999.5,3.4359,3194.1,3.3155,13.281,1.4569,0.39062,3805.4
HD_90273,37,6590.6,3.0895,2887.9,3.4815,11.711,1.4174,0.25703,3702.7
HD_91572,36,8686.4,5.6027,4724.9,2.08,26.687,1.2352,0.2616,3961.5
HD_91572,37,8365.5,4.7918,4726.1,3.9578,17.02,1.5138,0.53648,3639.4
HD_91572,63,8738.6,4.765,4877.9,4.187,16.424,1.5882,0.59516,3860.7
HD_91572,64,9283.3,5.2556,4857.1,2.6079,22.671,1.3178,0.0016577,4426.3
HD_91837,10,10282,7.659,4725.6,0.095088,177.02,0.94531,0.93199,5556.8
HD_91837,36,8780.4,5.7392,3015.4,1.2546,35.246,1.3906,0.48727,5765
HD_91837,37,11288,9.871,3294.4,0.02,356.82,0.85134,0.35002,7993.7
HD_91837,63,8839.3,4.8796,3321.8,1.2787,29.618,1.3225,0.51328,5517.5
HD_92504,36,5059.8,2.2129,2516.8,4.0176,7.6865,1.4905,0.54995,2543
HD_92504,37,5826.9,2.5579,2617.2,3.7551,9.2941,1.6311,0.56679,3209.7
HD_92504,63,6353.9,2.7138,2386.1,2.6311,11.902,1.4633,0.46271,3967.8
HD_92504,64,6073.1,2.4894,2371.9,2.7792,10.588,1.4732,0.49458,3701.2
HD_92607,10,7009.5,3.415,3997.8,2.4856,14.877,1.4126,0.90243,3011.7
HD_93190,10,8375.3,4.7838,2597.4,1.3715,29.763,1.7579,0.71783,5777.9
HD_93190,36,8961.6,6.0118,2700.7,1.2202,39.532,1.7016,0.70087,6260.9
HD_93190,37,10439,8.0021,2806.6,0.73495,68.912,1.5961,0.70049,7632.6
HD_93190,63,10420,7.0859,2759.5,1.0464,51.226,1.7724,0.69192,7660
HD_93222,36,9258.5,6.4869,4830.5,2.5946,28.136,1.4628,0.6115,4428
HD_93222,37,9340.9,6.0989,4983.8,2.9433,25.173,1.5246,0.68257,4357.1
HD_93222,63,9966.7,6.3675,5137.6,2.4744,28.457,1.447,0.59343,4829.1
HD_93222,64,9701.6,5.7931,5028.3,2.9255,24.066,1.5015,0.56343,4673.3
HD_93250,36,13603,19.739,8104.9,4.3553,67.463,1.9919,1.0111,5498.1
HD_93250,37,14183,20.197,8456.1,4.253,70.113,1.9984,1.1213,5727.1
HD_93250,63,14160,17.137,8788.3,5.0826,54.63,2.1174,1.3372,5372.1
HD_93250,64,14517,17.773,8592.3,4.9861,57.144,2.1654,1.0957,5925.1
HD_93521,48,16674,32.951,10551,4.9868,106.29,2.147,1.1232,6123.2
HD_93843,10,17122,41.42,10059,2.3845,188.3,1.9069,2.7209,7062.2
HD_93843,11,18243,47.791,10953,1.7736,253.17,1.7625,3.5303,7290.4
HD_93843,63,18441,47.08,10529,1.5262,270.93,1.6469,2.3116,7912
HD_93843,64,17217,33.313,9795.6,2.797,144.08,1.9142,1.5698,7421
HD_94963,63,18350,46.071,10228,2.2442,217.48,1.9954,2.5815,8121.8
HD_94963,64,18430,44.182,9258.3,2.5869,197.81,2.1188,1.3509,9171.3
HD_96715,10,8289.7,4.6839,5444.4,7.0345,12.538,1.7597,0.63226,2845.3
HD_96715,11,8899.2,5.1007,5712.1,5.9977,14.806,1.6437,0.53871,3187.1
HD_96715,37,8560.6,5.0287,5354.9,5.495,15.196,1.6189,0.56476,3205.7
HD_96715,63,8543.3,4.5502,5351.2,6.385,12.845,1.6614,0.39941,3192.1
HD_97253,10,18454,57.549,10519,2.3713,266.41,2.1138,3.2406,7935.7
HD_97253,37,18006,51.983,9017.1,2.7815,229.21,2.3101,1.6115,8989.3
HD_97253,64,18496,44.871,9546.5,3.3647,175.42,2.4732,1.7745,8949.6
HD_97848,10,6771.3,3.2201,2953.9,1.0103,20.955,1.0282,0.27975,3817.5
HD_97848,11,7046.1,3.2727,2998.8,1.381,18.74,1.1472,0.40707,4047.4
HD_97848,37,6799.3,3.2532,2539.1,1.1427,20.775,1.1291,0.31193,4260.2
HD_97848,64,6622.4,2.829,2482.9,1.2252,17.235,1.0988,0.29198,4139.5
HD_99546,10,8348.4,4.7813,4419.5,2.0691,22.731,1.2092,0.24004,3928.8
HD_99546,11,8423.8,4.5518,4420.1,2.0771,21.739,1.2195,0.33566,4003.7
HD_99546,37,7774.9,4.1407,3953.8,3.0973,16.517,1.4083,0.43616,3821.1
HD_99546,64,8385.8,4.2648,4273,3.309,16.499,1.4531,0.4444,4112.9
SS_215,36,3280.2,1.4028,-2016.7,2.0218,7.1182,1.9555,0.21787,5296.9
SS_215,37,3221.1,1.3429,-2211.9,2.739,5.8023,2.2964,0.2103,5433
SS_215,90,3735.5,1.4004,-2545.6,2.3304,6.524,2.1783,0.20822,6281.1
_theta__1__Ori,6,13979,33.773,10276,0.035435,1847.5,0.90924,6.814,3703.5
_theta__1__Ori,32,25902,317.62,19124,0.78259,2687.2,1.3425,22.85,6777.4
_theta__1__Ori,98,33694,34.107,23205,0.071194,1330.8,0.99127,5.2868,10490
_theta__2__Ori,6,12748,23.698,11466,1.8065,105.32,1.4397,13.101,1282.1
_theta__2__Ori,32,15355,24.888,13680,0.20336,320.45,0.8768,12.887,1674.6
_theta__2__Ori,98,33047,31.988,26622,0.02,1627.2,0.77423,9.2415,6424.6
