Name,TIC,SpT,logL,e_logL,logT,e_logT,logg,e_logg,Ref,Var,Nf,Simbad,_RA,_DE,alpha0,nuchar,gamma,nsec,lT,lg,lL,key,Bd,l_Bd,Bd_src,Bp_kG,l_Bp,in_primary,FeCZ_present_model,B_shutoff_kG,Bd_over_Bshutoff,res_alpha0,res_nuchar
ALS 15218,458859193,O8.5Vp,5,0.1,4.53,0.03,4,0.2,R1,cont. + SLF,2,Simbad,161.3,-59.77,54.28,1.24,2.78,2,4.53,4,3.511,ALS15218,1.5,LL,Petit2013,1.5,>,False,1,6.378,0.2352,-0.3983,-0.1884
ALS 3694,37053664,B1,3.8,0.2,4.4,0.02,4,0.1,R2,rot. + SLF,2,Simbad,250.1,-48.89,361.4,0.56,1.585,2,4.4,4,2.991,ALS3694,6,LL,Petit2013,6,>,False,1,4.042,1.484,0.8396,-0.4519
CD-59 3239,390668263,B0.5V,4.3,0.2,4.36,0.06,3.6,0.2,R1,cont. + SLF,2,Simbad,160.7,-59.99,201.2,1.245,2.215,2,4.36,3.6,3.231,CD-593239,,,,,,False,1,5.196,,0.07356,0.01768
CPD-28 2561,129361218,O6Ifp,5.5,0.2,4.54,0.02,4,0.2,R1,unknown + SLF,1,Simbad,119,-28.63,948.9,0.3,1.62,1,4.54,4,3.551,CPD-282561,1.7,LL,Petit2013,1.7,>,False,1,6.679,0.2545,0.8124,-0.811
CPD-62 2124,290796936,B2IV,3.8,0.2,4.37,0,4.05,0.1,R2,rot. + SLF,2,Simbad,173.9,-63.26,244.7,0.67,1.49,2,4.37,4.05,2.821,CPD-622124,,,,,,False,1,3.222,,0.8459,-0.3674
HD 108,406893156,O6f?p-O8fp,5.7,0.1,4.54,0.02,3.5,0.2,R1,Multi + SLF,1,Simbad,1.514,63.68,390.8,0.57,1.28,1,4.54,3.5,4.051,HD108,0.5,LL,Petit2013,0.5,>,True,1,41.91,0.01193,-0.3719,-0.4104
HD 121743,359762838,B2IV,3.6,0.2,4.32,0.03,4.02,0.12,R1,hybird + SLF,2,Simbad,209.6,-42.1,103.1,2.44,1.7,2,4.32,4.02,2.651,HD121743,0.53,LL,Petit2013,0.53,>,False,1,1.909,0.2776,0.5818,0.2327
HD 127381,457686485,B1V,3.76,0.06,4.36,0.02,4.02,0.1,R1,rot. + SLF,2,Simbad,218.2,-50.46,100.2,4.315,2.175,2,4.36,4.02,2.811,HD127381,0.5,,Petit2013,0.5,,False,1,3.167,0.1579,0.4422,0.4551
HD 136504,147226597,B2IV-V,3.7,0.2,4.31,0.01,3.97,0.15,R1,Multi + {beta} Cep  + SLF,1,Simbad,230.7,-44.69,109,2.73,2.28,1,4.31,3.97,2.661,HD136504,0.6,LL,Petit2013,0.6,>,False,1,2.025,0.2963,0.5583,0.2999
HD 149277,229331994,B2IV/V,3.5,0.2,4.3,0.04,3.75,0.15,R3,Multi + SLF,2,Simbad,249,-45.68,757.1,0.22,1.225,2,4.3,3.75,2.841,HD149277,4.7,LL,Petit2013,4.7,>,False,1,3.362,1.398,1.08,-0.7339
HD 149438,205175750,B0.2V,4.5,0.1,4.5,0.01,4,0.1,R1,unknown + SLF,2,Simbad,249,-28.22,171.4,1.3,1.76,2,4.5,4,3.391,HD149438,0.309,,Shultz2022,0.2,,False,1,5.688,0.05432,0.1967,-0.1491
HD 156324,153805844,B2V,3.8,0.6,4.34,0.06,4,0.3,R2,Multi + SLF,2,Simbad,259.6,-32.4,154.7,0.7,1.455,2,4.34,4,2.751,HD156324,1.8,LL,Petit2013,1.8,>,False,1,2.767,0.6506,0.6626,-0.3173
HD 191612,378273410,O6f?p,5.4,0.2,4.54,0.01,3.5,1,R1,unknown + SLF,1,Simbad,302.4,35.73,219.8,1.41,1.4,1,4.54,3.5,4.051,HD191612,2.5,,Petit2013,2.5,,True,1,41.91,0.05965,-0.6217,-0.01708
HD 200775,387813185,B1,4,0.3,4.25,0.05,3.4,0.2,R1,unknown + SLF,1,Simbad,315.4,68.16,323.9,5.36,2.48,1,4.25,3.4,2.991,HD200775,3.9,,Shultz2022,1,,False,1,4.68,0.8333,0.3117,0.7696
HD 205021,321818578,B1IV,4.3,0.1,4.4,0.02,3.8,0.15,R1,{beta} Cep + SLF,2,Simbad,322.2,70.56,113.7,4.73,2.71,2,4.4,3.8,3.191,HD205021,0.26,,Shultz2022,0.36,,False,1,4.888,0.05319,0.01792,0.5235
HD 3360,240669906,B2IV,3.82,0.06,4.32,0,3.8,0.05,R1,{beta} Cep + SLF,1,Simbad,9.243,53.9,106.6,2.72,1.67,1,4.32,3.8,2.871,HD3360,0.15,,Shultz2022,0.34,>,False,1,3.518,0.04263,0.245,0.3335
HD 37022,427394772,O6V,5.3,0.1,4.59,0.01,4.1,0.1,R1,Multi + SLF,2,Simbad,83.82,-5.39,332.9,0.96,1.865,2,4.59,4.1,3.651,HD37022,1.1,,Petit2013,1.1,,False,1,7.693,0.143,0.3578,-0.3617
HD 37479,11286209,B2Vp,3.5,0.2,4.36,0.04,4.2,0.2,R2,rot. + SLF,2,Simbad,84.7,-2.595,300.9,2.45,3.705,2,4.36,4.2,2.631,HD37479,10.57,,Shultz2022,9.6,,False,1,1.64,6.446,1.207,0.1655
HD 37742,11360636,O8f?p,5.6,0.1,4.46,0.01,3.2,0.1,R1,Multi + SLF,1,Simbad,85.19,-1.943,3405,0.46,1.53,1,4.46,3.2,4.031,HD37742,0.06,,Petit2013,0.06,,True,1,70.03,0.0008568,0.3441,-0.3801
HD 44743,34590771,B1II/III,4.41,0.06,4.39,0.01,3.78,0.08,R6,{beta} Cep + SLF,2,Simbad,95.67,-17.96,77.64,4.69,3.005,2,4.39,3.78,3.171,HD44743,,,,,,True,1,4.816,,-0.1479,0.531
HD 46328,47763235,B1III,4.5,0.1,4.43,0.02,3.78,0.07,R1,{beta} Cep + SLF,2,Simbad,97.96,-23.42,37.89,3.5,1.72,2,4.43,3.78,3.331,HD46328,1.2,,Shultz2022,1.5,>,True,1,5.47,0.2194,-0.587,0.3787
HD 47129,220197273,O7Vp,5.09,0.04,4.52,0.03,4.1,0.1,R1,Multi + SLF,1,Simbad,99.35,6.135,3553,0.75,1.75,1,4.52,4.1,3.371,HD47129,2.8,LL,Petit2013,2.8,>,False,1,5.572,0.5025,1.609,-0.4249
HD 52089,63198307,B1.5II,4.35,0.05,4.35,0.01,3.4,0.08,R6,unknown + SLF,2,Simbad,104.7,-28.97,294.9,1.635,1.8,2,4.35,3.4,3.391,HD52089,,,,,,True,1,6.332,,-0.04806,0.1911
HD 57682,187458882,O7.5III,4.8,0.2,4.53,0.01,4,0.2,R1,unknown + SLF,2,Simbad,110.5,-8.979,140.2,1.79,1.355,2,4.53,4,3.511,HD57682,1.7,,Petit2013,1.7,,True,1,6.378,0.2665,0.01396,-0.02901
HD 64740,268971806,B1.5Vp,3.8,0.2,4.39,0.02,4.01,0.09,R2,rot. + SLF,2,Simbad,118.3,-49.61,11.6,1.685,1.18,2,4.39,4.01,2.941,HD64740,3,,Shultz2022,16,,False,1,3.826,0.7841,-0.606,0.03033
HD 66522,238314043,B2III,3.5,0.2,4.32,0.04,3.88,0.23,R1,cont.? + SLF,2,Simbad,120.4,-50.61,39.81,0.495,1.26,2,4.32,3.88,2.791,HD66522,0.9,,Petit2013,0.9,,False,1,3.038,0.2963,-0.05492,-0.426
HD 66665,443848410,B0.5V,4.7,0.2,4.45,0.02,3.9,0.1,R1,cont. + SLF,2,Simbad,121.2,6.186,84.81,0.61,1.335,2,4.45,3.9,3.291,HD66665,0.56,,Shultz2022,0.67,,False,1,5.257,0.1065,-0.1091,-0.4219
HD 96446,466675723,B1IVp/B2Vp,3.8,0.2,4.36,0.02,3.74,0.1,R1,{beta} Cep + SLF,1,Simbad,166.5,-59.95,70.38,0.59,1.23,1,4.36,3.74,3.091,HD96446,6.5,,Petit2013,6.5,,False,1,4.528,1.436,-0.1588,-0.3408
NGC 1624 2,354879267,O7V,5.1,0.2,4.54,0.02,4,0.2,R1,unknown + SLF,1,Simbad,70.16,50.46,356.6,0.21,1.11,1,4.54,4,3.551,NGC16242,20,LL,Petit2013,20,>,False,1,6.679,2.994,0.3874,-0.9659
HD 184927,41099689,B2Vp,3.6,0.2,4.34,0.02,3.9,0.23,R1,rot. + SLF,1,Simbad,293.9,31.28,26.67,0.9,1.74,1,4.34,3.9,2.851,HD184927,8.753,,Shultz2022,3.9,,False,1,3.407,2.569,-0.2608,-0.1838
