qty,sector,lT,lL,val,dy
a,27,3.8292,4.1811,0.1502,0.0000
a,27,4.5025,5.1610,0.7135,0.0000
a,27,4.5272,5.3914,0.7199,0.0000
a,27,4.4518,5.2312,0.8384,0.0000
a,27,3.9778,3.9407,0.8401,0.0000
a,27,3.9294,4.2612,0.9555,0.0000
a,27,4.1033,4.8605,1.0064,0.0000
a,27,3.8599,4.3396,1.2320,0.0002
a,27,4.3745,5.3413,1.2632,0.0000
a,27,3.8062,4.7905,1.3285,0.0000
a,27,4.2218,5.0376,1.4229,0.0000
a,27,4.2336,5.0041,1.4229,0.0000
a,27,4.4282,5.6118,1.4279,0.0000
a,27,4.4753,5.9006,1.4774,0.0001
a,27,4.2784,5.4615,1.4855,0.0000
a,27,3.8063,4.7159,1.4954,0.0013
a,28,4.2478,4.5000,0.8878,0.0000
a,28,4.5272,5.3915,0.9059,0.0000
a,28,4.3745,4.8706,1.0819,0.0000
a,28,4.1298,4.7705,1.1232,0.0000
a,28,4.4282,5.2813,1.1249,0.0000
a,28,3.9777,4.2513,1.1496,0.0000
a,28,4.3527,5.2477,1.1932,0.0001
a,28,4.1298,4.8706,1.2023,0.0000
a,28,3.9294,4.3898,1.2204,0.0000
a,28,4.3593,5.2424,1.2274,0.0000
a,28,4.3460,5.2798,1.2274,0.0021
a,28,4.1758,4.7926,1.2796,0.0043
a,28,4.5761,6.1110,1.2846,0.0000
a,28,3.9777,4.4098,1.2862,0.0000
a,28,4.2678,4.8538,1.2995,0.0000
a,28,4.4753,5.2813,1.3587,0.0000
a,28,3.8062,4.7905,1.3723,0.0000
a,28,3.8292,4.1811,1.3850,0.0000
a,28,4.1982,4.6770,1.4665,0.0015
a,28,3.8598,4.3397,1.4920,0.0000
a,28,4.3803,5.5267,1.5247,0.0053
a,28,4.3687,5.5567,1.5247,0.0052
a,28,4.5525,6.1210,1.6748,0.0000
a,28,4.4282,5.9808,1.6898,0.0019
a,28,4.2478,5.4545,1.7390,0.0021
a,28,4.3763,5.7905,2.0552,0.0000
a,28,4.2784,5.4616,2.2396,0.0000
a,67,3.9777,4.4399,1.0572,0.0000
a,67,3.9777,4.4399,1.0850,0.0000
a,67,4.1298,4.8706,1.3730,0.0000
a,67,4.5272,5.3915,1.4302,0.0000
a,67,3.9293,4.2613,1.4393,0.0014
a,67,4.3745,5.5417,1.4925,0.0000
a,67,4.1978,4.6767,1.5098,0.0018
a,67,3.9542,5.6519,1.5426,0.0045
a,67,4.1299,4.7705,1.5664,0.0012
a,67,4.1298,4.7705,1.5962,0.0008
a,67,4.4282,5.2800,1.6229,0.0009
a,67,3.9777,4.4098,1.6893,0.0031
a,67,3.9777,4.4098,1.7140,0.0000
a,67,3.9777,4.7805,1.8007,0.0000
a,67,4.5761,4.7805,1.8270,0.0022
a,67,4.2737,4.8706,1.8393,0.0000
a,67,4.3763,5.7885,1.8517,0.0014
a,67,4.4282,5.4115,1.8566,0.0000
a,67,4.2737,4.8706,1.8671,0.0000
a,67,4.5525,6.1178,1.9209,0.0030
a,67,4.2478,5.4516,1.9357,0.0000
a,67,4.2478,5.4516,1.9642,0.0000
a,67,4.3480,5.5376,2.0098,0.0057
a,67,4.4694,5.5117,2.0773,0.0000
a,67,4.4282,5.7805,2.0971,0.0000
a,67,4.4282,5.7805,2.1256,0.0000
a,68,4.5272,5.3915,1.2994,0.0000
a,68,3.8598,4.3397,1.4060,0.0004
a,68,3.9777,4.4096,1.4114,0.0002
a,68,4.1758,4.8003,1.4147,0.0007
a,68,4.3527,5.2613,1.4575,0.0000
a,68,3.8061,4.7104,1.6435,0.0000
a,68,4.4754,5.9007,1.6838,0.0005
a,68,4.4282,5.4110,1.7258,0.0005
a,68,4.4693,5.5053,1.7607,0.0003
a,68,4.3480,5.5518,1.8592,0.0000
a,68,3.8062,4.7905,1.8675,0.0000
a,68,4.5525,6.1210,2.0206,0.0000
a,68,3.9294,4.2613,2.0239,0.0000
a,68,4.2478,5.4516,2.3779,0.0000
nu,27,3.9294,4.4599,-0.9237,0.0000
nu,27,3.9294,4.2613,-0.7702,0.0000
nu,27,3.9294,4.2612,-0.7330,0.0000
nu,27,4.1033,4.8522,-0.6606,0.0055
nu,27,4.4282,5.4119,-0.5847,0.0003
nu,27,3.8054,4.7103,-0.5753,0.0009
nu,27,4.5024,5.1611,-0.5621,0.0000
nu,27,3.9778,3.9408,-0.5361,0.0007
nu,27,4.4694,5.5116,-0.5105,0.0000
nu,27,3.8599,4.3397,-0.4983,0.0000
nu,27,3.8063,4.7949,-0.4935,0.0020
nu,27,4.2277,5.0208,-0.4907,0.0000
nu,27,4.3745,5.3413,-0.4220,0.0021
nu,27,4.2478,5.4515,-0.3892,0.0001
nu,27,4.4282,5.2812,-0.3632,0.0000
nu,27,4.4755,5.2808,-0.3421,0.0000
nu,27,4.2784,5.4615,-0.3302,0.0000
nu,27,4.4746,5.9006,-0.3046,0.0024
nu,27,4.5283,5.3914,-0.3021,0.0041
nu,27,4.4282,5.6118,-0.2591,0.0003
nu,27,4.4282,5.9807,-0.1491,0.0000
nu,28,4.2784,5.4616,-0.7994,0.0000
nu,28,4.3745,4.8706,-0.7788,0.0000
nu,28,3.9777,4.4098,-0.7390,0.0000
nu,28,4.1298,4.8809,-0.6663,0.0053
nu,28,4.1758,6.1110,-0.6183,0.0017
nu,28,3.8598,4.3397,-0.6045,0.0000
nu,28,3.9777,4.2513,-0.5979,0.0049
nu,28,4.5272,5.3913,-0.5599,0.0008
nu,28,3.8292,4.1811,-0.5427,0.0001
nu,28,4.2690,4.7670,-0.5045,0.0016
nu,28,4.1298,4.8706,-0.5039,0.0027
nu,28,4.2800,4.3898,-0.5005,0.0009
nu,28,3.8062,4.7905,-0.4482,0.0000
nu,28,4.4753,5.2813,-0.4482,0.0000
nu,28,4.3821,5.7905,-0.4363,0.0009
nu,28,4.4282,5.9307,-0.3961,0.0000
nu,28,4.2478,5.5255,-0.3708,0.0037
nu,28,4.4694,5.4386,-0.3591,0.0043
nu,28,4.3527,5.2598,-0.3145,0.0005
nu,28,4.3745,5.5417,-0.2973,0.0000
nu,28,4.4282,5.2813,-0.2402,0.0002
nu,28,4.4282,5.9808,-0.2034,0.0000
nu,28,4.5525,6.1210,-0.1643,0.0000
nu,67,4.4694,5.5117,-0.9340,0.0000
nu,67,4.1298,4.8706,-0.8976,0.0000
nu,67,4.4282,5.4115,-0.8902,0.0000
nu,67,4.1298,4.8706,-0.8752,0.0000
nu,67,4.5761,6.1110,-0.8501,0.0000
nu,67,4.5761,6.1110,-0.8323,0.0000
nu,67,4.4332,5.2813,-0.7836,0.0046
nu,67,4.4282,5.7805,-0.6797,0.0000
nu,67,3.9294,4.2613,-0.6569,0.0000
nu,67,3.9542,4.2112,-0.6461,0.0000
nu,67,4.2737,4.8746,-0.6386,0.0013
nu,67,4.1298,4.7612,-0.6359,0.0045
nu,67,4.3480,5.5518,-0.5978,0.0000
nu,67,4.4790,5.5518,-0.5890,0.0028
nu,67,4.3480,5.6619,-0.5862,0.0007
nu,67,3.9772,5.9007,-0.5782,0.0021
nu,67,4.2478,5.4516,-0.5717,0.0000
nu,67,4.2478,5.4516,-0.5602,0.0000
nu,67,4.3745,4.8706,-0.5398,0.0000
nu,67,4.3566,5.2501,-0.5288,0.0000
nu,67,4.3488,5.2724,-0.5288,0.0000
nu,67,4.2770,4.8105,-0.5173,0.0049
nu,67,4.5525,6.1210,-0.4623,0.0000
nu,67,4.2272,5.0208,-0.4584,0.0001
nu,67,4.3820,5.7905,-0.4515,0.0001
nu,67,4.5272,5.3915,-0.4500,0.0000
nu,67,4.4282,5.9307,-0.4411,0.0000
nu,67,3.9777,4.4399,-0.3924,0.0005
nu,67,4.3745,5.6519,-0.3706,0.0000
nu,67,4.4753,5.2811,-0.3279,0.0018
nu,67,4.3745,5.5417,-0.2614,0.0000
nu,68,4.2478,5.4516,-0.9270,0.0000
nu,68,4.2277,5.5518,-0.8062,0.0000
nu,68,4.4282,5.4115,-0.7678,0.0028
nu,68,3.9294,4.2613,-0.7543,0.0000
nu,68,4.3745,5.3414,-0.6821,0.0000
nu,68,4.1758,4.8005,-0.6698,0.0000
nu,68,4.5272,5.3915,-0.6670,0.0000
nu,68,4.5525,6.1215,-0.6368,0.0000
nu,68,3.9777,4.4098,-0.6359,0.0000
nu,68,3.8061,5.9007,-0.6327,0.0014
nu,68,4.4753,4.7983,-0.6296,0.0013
nu,68,4.2737,4.8706,-0.5936,0.0000
nu,68,4.4659,5.5117,-0.5767,0.0026
nu,68,3.8614,4.3397,-0.5606,0.0040
nu,68,4.3527,5.2613,-0.5116,0.0000
nu,68,4.3480,5.5518,-0.4811,0.0000
nu,68,4.3745,5.6519,-0.4655,0.0008
nu,68,3.8062,4.7104,-0.3474,0.0000
