sector,qty,side,y,x,area,n_merged
27,nu,T,-0.0278,4.4518,645.0000,1
27,nu,T,-0.0524,4.4488,645.0000,1
27,nu,T,-0.1491,4.4282,645.0000,1
27,nu,T,-0.2591,4.4282,627.0000,1
27,nu,T,-0.2879,4.5270,60.0000,1
27,nu,T,-0.3021,4.5283,400.0000,1
27,nu,T,-0.3046,4.4746,467.0000,1
27,nu,T,-0.3302,4.2784,645.0000,1
27,nu,T,-0.3421,4.4755,219.0000,1
27,nu,T,-0.3632,4.4282,662.0000,1
27,nu,T,-0.3892,4.2478,601.0000,1
27,nu,T,-0.4220,4.3745,477.0000,1
27,nu,T,-0.4907,4.2277,645.0000,1
27,nu,T,-0.4935,3.8063,656.0000,1
27,nu,T,-0.4983,3.8599,692.0000,1
27,nu,T,-0.5105,4.4694,660.0000,1
27,nu,T,-0.5361,3.9778,907.0000,1
27,nu,T,-0.5621,4.5024,1175.0000,2
27,nu,T,-0.5753,3.8054,497.0000,1
27,nu,T,-0.5847,4.4282,735.0000,1
27,nu,T,-0.6606,4.1033,1050.0000,2
27,nu,T,-0.7330,3.9294,470.0000,1
27,nu,T,-0.7702,3.9294,60.0000,1
27,nu,T,-0.9237,3.9294,1080.0000,2
27,nu,L,-0.1491,5.9807,645.0000,1
27,nu,L,-0.2445,4.1811,755.0000,1
27,nu,L,-0.2589,5.6118,645.0000,1
27,nu,L,-0.2980,5.3914,705.0000,1
27,nu,L,-0.3069,5.9006,662.0000,1
27,nu,L,-0.3302,5.4615,662.0000,1
27,nu,L,-0.3421,5.2808,219.0000,1
27,nu,L,-0.3632,5.2812,662.0000,1
27,nu,L,-0.3893,5.4515,606.0000,1
27,nu,L,-0.4241,5.3413,654.0000,1
27,nu,L,-0.4468,5.5417,645.0000,1
27,nu,L,-0.4907,5.0208,645.0000,1
27,nu,L,-0.4915,4.7949,421.0000,1
27,nu,L,-0.4983,4.3397,692.0000,1
27,nu,L,-0.5105,5.5116,660.0000,1
27,nu,L,-0.5353,3.9408,923.0000,1
27,nu,L,-0.5621,5.1611,1175.0000,2
27,nu,L,-0.5744,4.7103,655.0000,1
27,nu,L,-0.5850,5.4119,709.0000,1
27,nu,L,-0.6259,4.8606,45.0000,1
27,nu,L,-0.6552,4.8522,201.0000,1
27,nu,L,-0.6872,4.8606,160.0000,1
27,nu,L,-0.7330,4.2612,470.0000,1
27,nu,L,-0.7702,4.2613,60.0000,1
27,nu,L,-0.9237,4.4599,1080.0000,2
27,a,T,1.7678,4.3745,396.0000,1
27,a,T,1.6198,4.4692,362.0000,1
27,a,T,1.5725,4.2479,329.0000,1
27,a,T,1.4954,3.8063,656.0000,1
27,a,T,1.4855,4.2784,645.0000,1
27,a,T,1.4774,4.4753,649.0000,1
27,a,T,1.4279,4.4282,645.0000,1
27,a,T,1.4229,4.2336,52.0000,1
27,a,T,1.4229,4.2218,51.0000,1
27,a,T,1.3965,3.9294,675.0000,1
27,a,T,1.3285,3.8062,155.0000,1
27,a,T,1.2632,4.3745,645.0000,1
27,a,T,1.2237,4.4282,1289.0000,2
27,a,T,1.2320,3.8599,645.0000,1
27,a,T,1.0558,4.4488,645.0000,1
27,a,T,1.0130,4.4753,645.0000,1
27,a,T,1.0064,4.1033,655.0000,1
27,a,T,0.9555,3.9294,660.0000,1
27,a,T,0.8401,3.9778,645.0000,1
27,a,T,0.8384,4.4518,645.0000,1
27,a,T,0.7135,4.5025,690.0000,1
27,a,T,0.7199,4.5272,645.0000,1
27,a,T,0.1502,3.8292,645.0000,1
27,a,L,1.7603,5.5483,426.0000,1
27,a,L,1.7347,5.9807,375.0000,1
27,a,L,1.6107,5.5093,592.0000,1
27,a,L,1.5827,5.4515,659.0000,1
27,a,L,1.4967,4.7159,477.0000,1
27,a,L,1.4855,5.4615,645.0000,1
27,a,L,1.4773,5.9006,645.0000,1
27,a,L,1.4279,5.6118,645.0000,1
27,a,L,1.4071,4.4585,429.0000,1
27,a,L,1.4229,5.0041,52.0000,1
27,a,L,1.4229,5.0376,51.0000,1
27,a,L,1.3728,4.4605,62.0000,1
27,a,L,1.3285,4.7905,155.0000,1
27,a,L,1.2632,5.3413,645.0000,1
27,a,L,1.2468,5.4115,645.0000,1
27,a,L,1.2321,4.3396,654.0000,1
27,a,L,1.1975,5.2916,288.0000,1
27,a,L,1.0344,5.2862,1278.0000,2
27,a,L,1.0064,4.8605,655.0000,1
27,a,L,0.9555,4.2612,660.0000,1
27,a,L,0.8401,3.9407,645.0000,1
27,a,L,0.8384,5.2312,645.0000,1
27,a,L,0.7135,5.1610,690.0000,1
27,a,L,0.7199,5.3914,645.0000,1
27,a,L,0.1502,4.1811,645.0000,1
28,nu,T,-0.1643,4.5525,841.0000,1
28,nu,T,-0.2034,4.4282,841.0000,1
28,nu,T,-0.2402,4.4282,823.0000,1
28,nu,T,-0.2973,4.3745,841.0000,1
28,nu,T,-0.3145,4.3527,841.0000,1
28,nu,T,-0.3591,4.4694,841.0000,1
28,nu,T,-0.3708,4.2478,792.0000,1
28,nu,T,-0.3961,4.4282,841.0000,1
28,nu,T,-0.4363,4.3821,197.0000,1
28,nu,T,-0.4355,4.3701,76.0000,1
28,nu,T,-0.4482,4.4753,841.0000,1
28,nu,T,-0.4482,3.8062,841.0000,1
28,nu,T,-0.4997,3.9294,901.0000,1
28,nu,T,-0.5039,4.1298,926.0000,1
28,nu,T,-0.5005,4.2800,97.0000,1
28,nu,T,-0.5045,4.2690,335.0000,1
28,nu,T,-0.5427,3.8292,951.0000,1
28,nu,T,-0.5599,4.5272,1026.0000,1
28,nu,T,-0.5979,3.9777,543.0000,1
28,nu,T,-0.6045,3.8598,886.0000,1
28,nu,T,-0.6183,4.1758,931.0000,1
28,nu,T,-0.6353,4.5761,1096.0000,1
28,nu,T,-0.6663,4.1298,1021.0000,1
28,nu,T,-0.7390,3.9777,981.0000,1
28,nu,T,-0.7788,4.3745,1171.0000,1
28,nu,T,-0.7994,4.2784,841.0000,1
28,nu,L,-0.1430,4.5000,841.0000,1
28,nu,L,-0.1643,6.1210,841.0000,1
28,nu,L,-0.1656,5.5518,841.0000,1
28,nu,L,-0.2034,5.9808,841.0000,1
28,nu,L,-0.2404,5.2813,841.0000,1
28,nu,L,-0.2369,4.6609,40.0000,1
28,nu,L,-0.2369,4.6997,40.0000,1
28,nu,L,-0.2510,4.6803,290.0000,1
28,nu,L,-0.2973,5.5417,841.0000,1
28,nu,L,-0.3140,5.2598,783.0000,1
28,nu,L,-0.3543,5.5103,433.0000,1
28,nu,L,-0.3633,5.4386,75.0000,1
28,nu,L,-0.3671,5.5255,70.0000,1
28,nu,L,-0.3757,5.4532,382.0000,1
28,nu,L,-0.3961,5.9307,841.0000,1
28,nu,L,-0.4353,5.7905,554.0000,1
28,nu,L,-0.4482,4.7905,841.0000,1
28,nu,L,-0.4482,5.2813,841.0000,1
28,nu,L,-0.4997,4.3898,901.0000,1
28,nu,L,-0.5061,4.7670,692.0000,1
28,nu,L,-0.5065,4.8706,841.0000,1
28,nu,L,-0.5428,4.1811,956.0000,1
28,nu,L,-0.5591,5.3913,981.0000,1
28,nu,L,-0.5930,4.2513,946.0000,1
28,nu,L,-0.6045,4.3397,886.0000,1
28,nu,L,-0.6157,4.8030,695.0000,1
28,nu,L,-0.6166,6.1110,130.0000,1
28,nu,L,-0.6291,6.0954,116.0000,1
28,nu,L,-0.6429,6.0930,58.0000,1
28,nu,L,-0.6481,4.8706,40.0000,1
28,nu,L,-0.6553,6.1110,105.0000,1
28,nu,L,-0.6716,4.8809,413.0000,1
28,nu,L,-0.6732,4.8514,54.0000,1
28,nu,L,-0.7390,4.4098,981.0000,1
28,nu,L,-0.7788,4.8706,1171.0000,1
28,nu,L,-0.7994,5.4616,841.0000,1
28,a,T,2.2396,4.2784,841.0000,1
28,a,T,2.0552,4.3763,841.0000,1
28,a,T,1.7390,4.2478,841.0000,1
28,a,T,1.7523,4.4341,85.0000,1
28,a,T,1.7523,4.4222,85.0000,1
28,a,T,1.6898,4.4282,480.0000,1
28,a,T,1.6748,4.5525,841.0000,1
28,a,T,1.6531,4.4670,435.0000,1
28,a,T,1.6115,4.3479,288.0000,1
28,a,T,1.5793,4.3480,261.0000,1
28,a,T,1.5247,4.3803,155.0000,1
28,a,T,1.5247,4.3687,154.0000,1
28,a,T,1.4920,3.8598,841.0000,1
28,a,T,1.4665,4.1982,754.0000,1
28,a,T,1.3850,3.8292,841.0000,1
28,a,T,1.3587,4.4753,841.0000,1
28,a,T,1.3723,3.8062,347.0000,1
28,a,T,1.2862,3.9777,841.0000,1
28,a,T,1.2846,4.5761,841.0000,1
28,a,T,1.2995,4.2678,85.0000,1
28,a,T,1.2796,4.1758,841.0000,1
28,a,T,1.2204,3.9294,841.0000,1
28,a,T,1.2274,4.3593,57.0000,1
28,a,T,1.2274,4.3460,57.0000,1
28,a,T,1.2023,4.1298,841.0000,1
28,a,T,1.1932,4.3527,232.0000,1
28,a,T,1.1496,3.9777,841.0000,1
28,a,T,1.1249,4.4282,841.0000,1
28,a,T,1.1232,4.1298,841.0000,1
28,a,T,1.0819,4.3745,856.0000,1
28,a,T,0.9059,4.5272,841.0000,1
28,a,T,0.8878,4.2478,841.0000,1
28,a,L,2.2396,5.4616,841.0000,1
28,a,L,2.0552,5.7905,841.0000,1
28,a,L,1.7412,5.4545,720.0000,1
28,a,L,1.7367,5.9330,751.0000,1
28,a,L,1.6918,5.9808,555.0000,1
28,a,L,1.6748,6.1210,841.0000,1
28,a,L,1.6769,5.5088,292.0000,1
28,a,L,1.6453,5.5153,248.0000,1
28,a,L,1.5950,5.5530,794.0000,1
28,a,L,1.5299,5.5267,232.0000,1
28,a,L,1.5299,5.5567,232.0000,1
28,a,L,1.4920,4.3397,841.0000,1
28,a,L,1.4680,4.6770,585.0000,1
28,a,L,1.3850,4.1811,841.0000,1
28,a,L,1.3723,4.7905,346.0000,1
28,a,L,1.3587,5.2813,841.0000,1
28,a,L,1.2862,4.4098,841.0000,1
28,a,L,1.2846,6.1110,841.0000,1
28,a,L,1.2995,4.8538,85.0000,1
28,a,L,1.2995,4.8874,85.0000,1
28,a,L,1.2753,4.7926,417.0000,1
28,a,L,1.2204,4.3898,841.0000,1
28,a,L,1.2274,5.2424,57.0000,1
28,a,L,1.2295,5.2798,41.0000,1
28,a,L,1.2023,4.8706,841.0000,1
28,a,L,1.1931,5.2477,102.0000,1
28,a,L,1.1496,4.2513,841.0000,1
28,a,L,1.1249,5.2813,841.0000,1
28,a,L,1.1232,4.7705,841.0000,1
28,a,L,1.0819,4.8706,856.0000,1
28,a,L,0.9059,5.3915,841.0000,1
28,a,L,0.8878,4.5000,841.0000,1
67,nu,T,-0.2614,4.3745,347.0000,1
67,nu,T,-0.3279,4.4753,201.0000,1
67,nu,T,-0.3706,4.3745,492.0000,1
67,nu,T,-0.3924,3.9777,347.0000,1
67,nu,T,-0.4411,4.4282,347.0000,1
67,nu,T,-0.4500,4.5272,347.0000,1
67,nu,T,-0.4584,4.2272,419.0000,1
67,nu,T,-0.4515,4.3820,48.0000,1
67,nu,T,-0.4623,4.5525,347.0000,1
67,nu,T,-0.5173,4.2770,135.0000,1
67,nu,T,-0.5288,4.3566,76.0000,1
67,nu,T,-0.5288,4.3488,76.0000,1
67,nu,T,-0.5398,4.3745,347.0000,1
67,nu,T,-0.5602,4.2478,45.0000,1
67,nu,T,-0.5717,4.2478,265.0000,1
67,nu,T,-0.5782,3.9772,155.0000,1
67,nu,T,-0.5890,4.4790,244.0000,1
67,nu,T,-0.5862,4.3480,45.0000,1
67,nu,T,-0.5978,4.3480,265.0000,1
67,nu,T,-0.6359,4.1298,347.0000,1
67,nu,T,-0.6386,4.2737,347.0000,1
67,nu,T,-0.6461,3.9542,347.0000,1
67,nu,T,-0.6569,3.9294,352.0000,1
67,nu,T,-0.6797,4.4282,347.0000,1
67,nu,T,-0.7836,4.4332,50.0000,1
67,nu,T,-0.7836,4.4231,50.0000,1
67,nu,T,-0.7874,4.4282,40.0000,1
67,nu,T,-0.8323,4.5761,45.0000,1
67,nu,T,-0.8501,4.5761,407.0000,1
67,nu,T,-0.8752,4.1298,90.0000,1
67,nu,T,-0.8902,4.4282,367.0000,1
67,nu,T,-0.8976,4.1298,452.0000,1
67,nu,T,-0.9340,4.4694,352.0000,1
67,nu,L,-0.2316,4.6803,45.0000,1
67,nu,L,-0.2614,5.5417,347.0000,1
67,nu,L,-0.3298,5.2811,172.0000,1
67,nu,L,-0.3706,5.6519,492.0000,1
67,nu,L,-0.3919,4.4399,492.0000,1
67,nu,L,-0.4411,5.9307,347.0000,1
67,nu,L,-0.4500,5.3915,347.0000,1
67,nu,L,-0.4586,5.0208,357.0000,1
67,nu,L,-0.4514,5.7905,191.0000,1
67,nu,L,-0.4623,6.1210,347.0000,1
67,nu,L,-0.5124,4.8105,347.0000,1
67,nu,L,-0.5288,5.2501,76.0000,1
67,nu,L,-0.5288,5.2724,76.0000,1
67,nu,L,-0.5398,4.8706,347.0000,1
67,nu,L,-0.5602,5.4516,45.0000,1
67,nu,L,-0.5717,5.4516,265.0000,1
67,nu,L,-0.5672,5.6619,50.0000,1
67,nu,L,-0.5803,5.9007,347.0000,1
67,nu,L,-0.5855,5.6619,412.0000,1
67,nu,L,-0.5844,4.7805,347.0000,1
67,nu,L,-0.5862,5.5518,45.0000,1
67,nu,L,-0.5978,5.5518,265.0000,1
67,nu,L,-0.6373,4.8746,247.0000,1
67,nu,L,-0.6461,4.2112,347.0000,1
67,nu,L,-0.6404,4.7612,95.0000,1
67,nu,L,-0.6569,4.2613,352.0000,1
67,nu,L,-0.6797,5.7805,347.0000,1
67,nu,L,-0.7790,5.2813,392.0000,1
67,nu,L,-0.8323,6.1110,45.0000,1
67,nu,L,-0.8501,6.1110,407.0000,1
67,nu,L,-0.8752,4.8706,90.0000,1
67,nu,L,-0.8902,5.4115,367.0000,1
67,nu,L,-0.8976,4.8706,452.0000,1
67,nu,L,-0.9340,5.5117,352.0000,1
67,a,T,2.1256,4.4282,45.0000,1
67,a,T,2.0971,4.4282,255.0000,1
67,a,T,2.0773,4.4694,347.0000,1
67,a,T,2.0383,4.3480,45.0000,1
67,a,T,2.0098,4.3480,255.0000,1
67,a,T,1.9642,4.2478,45.0000,1
67,a,T,1.9494,4.5525,45.0000,1
67,a,T,1.9357,4.2478,255.0000,1
67,a,T,1.9209,4.5525,255.0000,1
67,a,T,1.8566,4.4282,347.0000,1
67,a,T,1.8517,4.3763,347.0000,1
67,a,T,1.8671,4.2737,45.0000,1
67,a,T,1.8393,4.2737,265.0000,1
67,a,T,1.8270,4.5761,347.0000,1
67,a,T,1.8292,3.9777,45.0000,1
67,a,T,1.8007,3.9777,255.0000,1
67,a,T,1.7759,4.4282,347.0000,1
67,a,T,1.7140,3.9777,45.0000,1
67,a,T,1.6893,3.9777,412.0000,2
67,a,T,1.6229,4.4282,429.0000,2
67,a,T,1.5962,4.1298,52.0000,1
67,a,T,1.5664,4.1299,298.0000,1
67,a,T,1.5426,3.9542,480.0000,2
67,a,T,1.5524,4.3745,317.0000,1
67,a,T,1.5098,4.1978,322.0000,1
67,a,T,1.4925,4.3745,150.0000,1
67,a,T,1.4393,3.9293,415.0000,2
67,a,T,1.4302,4.5272,347.0000,1
67,a,T,1.4456,4.3745,45.0000,1
67,a,T,1.4178,4.3745,265.0000,1
67,a,T,1.3730,4.1298,352.0000,1
67,a,T,1.2614,4.4759,636.0000,2
67,a,T,1.2381,4.3527,45.0000,1
67,a,T,1.0850,3.9777,45.0000,1
67,a,T,1.0572,3.9777,265.0000,1
67,a,L,2.1256,5.7805,45.0000,1
67,a,L,2.0971,5.7805,255.0000,1
67,a,L,2.0773,5.5117,347.0000,1
67,a,L,2.0041,5.5376,50.0000,1
67,a,L,2.0041,5.5659,50.0000,1
67,a,L,1.9642,5.4516,45.0000,1
67,a,L,1.9357,5.4516,255.0000,1
67,a,L,1.9239,6.1178,320.0000,1
67,a,L,1.9397,6.1267,40.0000,1
67,a,L,1.8566,5.4115,347.0000,1
67,a,L,1.8531,5.7885,310.0000,1
67,a,L,1.8671,4.8706,45.0000,1
67,a,L,1.8393,4.8706,265.0000,1
67,a,L,1.8373,6.1081,231.0000,1
67,a,L,1.8410,5.8079,41.0000,1
67,a,L,1.8292,4.7805,45.0000,1
67,a,L,1.8007,4.7805,255.0000,1
67,a,L,1.7884,5.9294,211.0000,1
67,a,L,1.7637,5.9441,55.0000,1
67,a,L,1.7319,5.8981,118.0000,1
67,a,L,1.7140,4.4098,45.0000,1
67,a,L,1.6862,4.4098,265.0000,1
67,a,L,1.6220,5.2800,421.0000,2
67,a,L,1.5954,4.7705,45.0000,1
67,a,L,1.5676,4.7705,265.0000,1
67,a,L,1.5756,5.6519,45.0000,1
67,a,L,1.5641,4.2112,45.0000,1
67,a,L,1.5471,5.6519,255.0000,1
67,a,L,1.5363,4.2112,265.0000,1
67,a,L,1.5079,4.6767,317.0000,1
67,a,L,1.4925,5.5417,150.0000,1
67,a,L,1.4379,4.2613,492.0000,2
67,a,L,1.4302,5.3915,347.0000,1
67,a,L,1.4249,4.8707,485.0000,2
67,a,L,1.3730,4.8706,352.0000,1
67,a,L,1.2721,5.6619,347.0000,1
67,a,L,1.2727,5.2813,45.0000,1
67,a,L,1.2447,5.2810,270.0000,1
67,a,L,1.0850,4.4399,45.0000,1
67,a,L,1.0572,4.4399,265.0000,1
68,nu,T,-0.3474,3.8062,825.0000,1
68,nu,T,-0.4655,4.3745,762.0000,1
68,nu,T,-0.4811,4.3480,825.0000,1
68,nu,T,-0.5116,4.3527,576.0000,1
68,nu,T,-0.5465,3.8598,57.0000,1
68,nu,T,-0.5606,3.8614,442.0000,1
68,nu,T,-0.5767,4.4659,410.0000,1
68,nu,T,-0.5936,4.2737,825.0000,1
68,nu,T,-0.6296,4.4753,1266.0000,2
68,nu,T,-0.6327,3.8061,795.0000,1
68,nu,T,-0.6368,4.5525,825.0000,1
68,nu,T,-0.6359,3.9777,423.0000,1
68,nu,T,-0.6670,4.5272,825.0000,1
68,nu,T,-0.6698,4.1758,825.0000,1
68,nu,T,-0.6821,4.3745,825.0000,1
68,nu,T,-0.7543,3.9294,456.0000,1
68,nu,T,-0.7678,4.4282,517.0000,1
68,nu,T,-0.8062,4.2277,825.0000,1
68,nu,T,-0.9270,4.2478,825.0000,1
68,nu,L,-0.3474,4.7104,825.0000,1
68,nu,L,-0.4647,5.6519,825.0000,1
68,nu,L,-0.4811,5.5518,825.0000,1
68,nu,L,-0.5116,5.2613,576.0000,1
68,nu,L,-0.5566,4.3397,825.0000,1
68,nu,L,-0.5792,5.5117,825.0000,1
68,nu,L,-0.5936,4.8706,825.0000,1
68,nu,L,-0.6252,5.2813,825.0000,1
68,nu,L,-0.6309,4.7983,494.0000,1
68,nu,L,-0.6341,5.9007,825.0000,1
68,nu,L,-0.6368,6.1215,802.0000,1
68,nu,L,-0.6359,4.4098,423.0000,1
68,nu,L,-0.6670,5.3915,825.0000,1
68,nu,L,-0.6698,4.8005,825.0000,1
68,nu,L,-0.6821,5.3414,825.0000,1
68,nu,L,-0.7543,4.2613,456.0000,1
68,nu,L,-0.7706,5.4115,825.0000,1
68,nu,L,-0.8062,5.5518,825.0000,1
68,nu,L,-0.9270,5.4516,825.0000,1
68,a,T,2.3779,4.2478,825.0000,1
68,a,T,2.0354,4.2277,825.0000,1
68,a,T,2.0239,3.9294,825.0000,1
68,a,T,2.0206,4.5525,825.0000,1
68,a,T,1.8675,3.8062,825.0000,1
68,a,T,1.8592,4.3480,825.0000,1
68,a,T,1.7607,4.4693,811.0000,1
68,a,T,1.7258,4.4282,798.0000,1
68,a,T,1.7259,4.3745,587.0000,1
68,a,T,1.6838,4.4754,970.0000,1
68,a,T,1.6435,3.8061,791.0000,1
68,a,T,1.6134,4.3745,201.0000,1
68,a,T,1.5824,4.3786,63.0000,1
68,a,T,1.5824,4.3705,63.0000,1
68,a,T,1.4575,4.3527,825.0000,1
68,a,T,1.4147,4.1758,825.0000,1
68,a,T,1.4114,3.9777,825.0000,1
68,a,T,1.4060,3.8598,798.0000,1
68,a,T,1.2994,4.5272,825.0000,1
68,a,T,1.2620,4.2717,358.0000,1
68,a,L,2.3779,5.4516,825.0000,1
68,a,L,2.0420,5.5518,513.0000,1
68,a,L,2.0239,4.2613,825.0000,1
68,a,L,2.0206,6.1210,825.0000,1
68,a,L,1.8675,4.7905,825.0000,1
68,a,L,1.8592,5.5518,825.0000,1
68,a,L,1.7610,5.5053,598.0000,1
68,a,L,1.7329,5.6519,811.0000,1
68,a,L,1.7263,5.4110,792.0000,1
68,a,L,1.6810,5.2809,771.0000,1
68,a,L,1.6843,5.9007,573.0000,1
68,a,L,1.6435,4.7104,825.0000,1
68,a,L,1.5906,5.3426,640.0000,1
68,a,L,1.4575,5.2613,825.0000,1
68,a,L,1.4154,4.8003,796.0000,1
68,a,L,1.4116,4.4096,813.0000,1
68,a,L,1.4064,4.3397,825.0000,1
68,a,L,1.2994,5.3915,825.0000,1
68,a,L,1.2726,4.8706,804.0000,1
