key,vmac,vsini,vmac_src,SpType,logTeff_sp,logL_sp,logg_sp
HD10125,28.0,167.0,SimonDiaz2017,O9.7 II,4.51,3.89,
HD10205,23.0,90.0,SimonDiaz2017,B5 III,,,
HD10293,22.0,64.0,SimonDiaz2017,B7 III,4.1,2.71,
HD10362,20.0,33.0,SimonDiaz2017,B7 II,4.12,2.87,
HD10390,29.0,52.0,SimonDiaz2017,B9 IV-V,,,
HD104337,58.0,99.0,SimonDiaz2017,B1 V,4.36,2.93,
HD106625,20.0,33.0,SimonDiaz2017,B8 III,4.11,2.23,
HD10756,36.0,33.0,SimonDiaz2017,B8 Ia,4.09,3.69,
HD108,84.0,44.0,SimonDiaz2017,O8 fp var,,,
HD11415,26.0,42.0,SimonDiaz2017,B3 Vp,4.17,2.82,
HD114376,36.0,117.0,SimonDiaz2017,B7 III,4.13,2.4,
HD11529,27.0,29.0,SimonDiaz2017,B5 III,4.13,2.45,
HD11857,29.0,18.0,SimonDiaz2017,B7 I,4.12,2.43,
HD119608,71.0,45.0,SimonDiaz2017,B1 Ib,4.33,3.81,
HD120086,41.0,94.0,SimonDiaz2017,B2 V,4.27,2.8,
HD120315,50.0,161.0,SimonDiaz2017,B3 V,4.25,2.36,
HD12301,41.0,32.0,SimonDiaz2017,B8 Ib,4.08,3.45,
HD12303,23.0,74.0,SimonDiaz2017,B8 III,4.07,2.46,
HD12323,34.0,130.0,SimonDiaz2017,ON9.2 V,4.54,3.63,
HD125924,25.0,68.0,SimonDiaz2017,B2 IV,4.32,2.89,
HD1279,20.0,28.0,SimonDiaz2017,B8 III,4.12,2.77,
HD12993,80.0,79.0,SimonDiaz2017,O6.5 V((f)) Nstr,4.59,3.94,
HD13022,86.0,111.0,SimonDiaz2017,O9.7 II-III,4.51,3.89,
HD13267,57.0,37.0,SimonDiaz2017,B5 Ia,4.15,3.96,
HD135230,19.0,31.0,SimonDiaz2017,B9 III,,,
HD135485,17.0,19.0,SimonDiaz2017,B3 V,4.25,2.18,
HD13745,14.0,196.0,SimonDiaz2017,O9.7 II(n),4.51,3.99,
HD137569,21.0,21.0,SimonDiaz2017,B5 III:,,,
HD13841,80.0,48.0,SimonDiaz2017,B2 Ib,4.34,3.85,
HD13854,67.0,48.0,SimonDiaz2017,B1 Iab,4.35,4.04,
HD13866,77.0,43.0,SimonDiaz2017,B2 Ib,4.3,3.82,
HD138764,25.0,19.0,SimonDiaz2017,B6 IV,,,
HD14052,64.0,36.0,SimonDiaz2017,B1 Ib,4.35,3.76,
HD140873,52.0,64.0,SimonDiaz2017,B8 III,4.15,2.19,
HD14134,58.0,39.0,SimonDiaz2017,B3 Ia,4.19,4.01,
HD14143,69.0,42.0,SimonDiaz2017,B2 Ia,4.26,3.97,
HD142096,10.0,137.0,SimonDiaz2017,B2.5 V,4.23,2.41,
HD142669,40.0,113.0,SimonDiaz2017,B2 IV-V,4.27,2.72,
HD142763,15.0,91.0,SimonDiaz2017,B8 III,4.12,2.59,
HD142990,28.0,120.0,SimonDiaz2017,B5 V,4.18,2.73,
HD14302,53.0,65.0,SimonDiaz2017,B1 II-III,4.36,3.57,
HD14322,46.0,34.0,SimonDiaz2017,B8 Ib,4.07,4.01,
HD14331,73.0,58.0,SimonDiaz2017,B0 III,4.48,3.83,
HD14357,59.0,143.0,SimonDiaz2017,B2 II,4.32,3.78,
HD144206,12.0,18.0,SimonDiaz2017,B9 III,4.06,2.05,
HD144217,59.0,96.0,SimonDiaz2017,B0.5 V,4.47,3.06,
HD144218,36.0,59.0,SimonDiaz2017,B2 IV-V,4.26,2.44,
HD14443,58.0,36.0,SimonDiaz2017,BC2 Ib,4.34,3.78,
HD144470,21.0,106.0,SimonDiaz2017,B1 V,4.4,3.06,
HD14476,61.0,33.0,SimonDiaz2017,B0.5 III,4.4,3.58,
HD14542,46.0,38.0,SimonDiaz2017,B8 Ia,4.1,3.98,
HD145482,47.0,170.0,SimonDiaz2017,B2 V,4.29,2.75,
HD14633,84.0,123.0,SimonDiaz2017,ON8.5 V,4.54,3.84,
HD147165,53.0,24.0,SimonDiaz2017,B1 III,4.39,3.31,
HD148605,83.0,186.0,SimonDiaz2017,B2.5 V,4.28,2.6,
HD149438,10.0,7.0,SimonDiaz2017,B0 V,4.51,3.11,
HD14956,84.0,50.0,SimonDiaz2017,B2 Ia,4.28,3.99,
HD15318,20.0,58.0,SimonDiaz2017,B9 III,,,
HD154445,27.0,122.0,SimonDiaz2017,B1.5 V,4.34,3.15,
HD155711,32.0,120.0,SimonDiaz2017,B9 III,,,
HD155763,23.0,42.0,SimonDiaz2017,B6 III,4.12,2.47,
HD155806,95.0,47.0,SimonDiaz2017,O7.5 V((f))z(e),4.53,4.02,
HD15629,71.0,80.0,SimonDiaz2017,O4.5 V((fc)),4.63,4.07,
HD156633,64.0,128.0,SimonDiaz2017,B1.5 Vp,4.27,2.87,
HD157056,22.0,19.0,SimonDiaz2017,OB,4.36,2.81,
HD157857,64.0,114.0,SimonDiaz2017,O6.5 II(f),4.56,4.18,
HD16046,29.0,44.0,SimonDiaz2017,B9.5 V,,,
HD161480,16.0,18.0,SimonDiaz2017,B6,4.14,2.26,
HD161572,39.0,190.0,SimonDiaz2017,B8,,,
HD161573,21.0,47.0,SimonDiaz2017,B4,4.22,2.55,
HD161660,23.0,22.0,SimonDiaz2017,B8,,,
HD162094,98.0,95.0,SimonDiaz2017,B3 V,4.19,2.39,
HD162978,102.0,58.0,SimonDiaz2017,O8 II((f)),4.54,4.09,
HD163472,13.0,67.0,SimonDiaz2017,B2 IV-V,4.32,2.86,
HD163800,105.0,59.0,SimonDiaz2017,O7.5 III((f)),4.55,4.16,
HD164353,52.0,25.0,SimonDiaz2017,B5 Ib,4.16,3.57,
HD164438,85.0,76.0,SimonDiaz2017,O9.2 IV,4.51,3.91,
HD164492,52.0,33.0,SimonDiaz2017,O7.5 Vz,4.59,3.65,
HD164794,94.0,56.0,SimonDiaz2017,O4 V((f))z,4.65,4.11,
HD16582,19.0,9.0,SimonDiaz2017,B2 IV,4.34,2.94,
HD166182,16.0,41.0,SimonDiaz2017,B2 IV,4.31,3.27,
HD166546,69.0,42.0,SimonDiaz2017,O9.5 IV,4.49,3.86,
HD167264,83.0,59.0,SimonDiaz2017,O9.7 Iab,4.48,4.02,
HD167633,111.0,139.0,SimonDiaz2017,O6.5 V((f)),4.58,4.01,
HD167659,98.0,59.0,SimonDiaz2017,O7 II-III(f),4.57,4.07,
HD167838,45.0,40.0,SimonDiaz2017,B5 Ia,4.18,3.82,
HD168075,94.0,81.0,SimonDiaz2017,O7 V(n)((f))z,4.57,3.84,
HD169454,68.0,54.0,SimonDiaz2017,B1 Ia,4.26,4.24,
HD170740,19.0,42.0,SimonDiaz2017,B2 IV-V,4.28,2.75,
HD17081,24.0,18.0,SimonDiaz2017,B7 V,4.12,2.4,
HD171301,23.0,33.0,SimonDiaz2017,B8 IV,4.07,2.08,
HD171589,94.0,93.0,SimonDiaz2017,O7.5 II(f),4.56,4.1,
HD172028,16.0,91.0,SimonDiaz2017,B2 V,4.36,2.81,
HD173936,25.0,120.0,SimonDiaz2017,B7 III,4.08,1.99,
HD174298,16.0,31.0,SimonDiaz2017,B1.5 IV,4.37,2.87,
HD175156,22.0,22.0,SimonDiaz2017,B5 II,4.15,3.24,
HD175191,129.0,142.0,SimonDiaz2017,B2.5 V,,,
HD175426,58.0,77.0,SimonDiaz2017,B2.5 V,4.24,2.63,
HD175754,97.0,193.0,SimonDiaz2017,O8 II(n)((f))p,4.48,4.42,
HD17603,115.0,109.0,SimonDiaz2017,O7.5 Ib(f),4.53,4.21,
HD176162,24.0,18.0,SimonDiaz2017,B5 IV,4.15,2.39,
HD176437,19.0,71.0,SimonDiaz2017,B9 III,,,
HD176502,18.0,13.0,SimonDiaz2017,B4 IV,4.26,2.64,
HD176853,45.0,153.0,SimonDiaz2017,B2 V,4.22,2.5,
HD177003,18.0,17.0,SimonDiaz2017,B2.5 IV,4.26,2.51,
HD17743,22.0,48.0,SimonDiaz2017,B8 III,4.13,2.21,
HD178065,4.0,17.0,SimonDiaz2017,B9 II,4.08,2.29,
HD178125,64.0,70.0,SimonDiaz2017,B8 III,4.13,1.93,
HD178849,22.0,40.0,SimonDiaz2017,B3 V,4.22,2.55,
HD179406,38.0,192.0,SimonDiaz2017,B3 V,4.19,2.94,
HD179761,21.0,19.0,SimonDiaz2017,B8 II-III,4.07,2.36,
HD180163,34.0,21.0,SimonDiaz2017,B2.5 IV,4.22,3.15,
HD181440,24.0,57.0,SimonDiaz2017,B9 III,,,
HD182255,25.0,30.0,SimonDiaz2017,B6 III,4.12,2.01,
HD183143,55.0,37.0,SimonDiaz2017,B7 Ia,4.16,4.22,
HD183227,35.0,53.0,SimonDiaz2017,B7 III,4.11,2.6,
HD183986,36.0,28.0,SimonDiaz2017,B9.5 III,,,
HD18409,88.0,131.0,SimonDiaz2017,O9.7 Ib,4.51,3.99,
HD184930,32.0,63.0,SimonDiaz2017,B5 III,4.13,2.34,
HD185418,10.0,132.0,SimonDiaz2017,B0.5 V,4.39,3.13,
HD185423,32.0,154.0,SimonDiaz2017,B3 III,4.22,3.26,
HD185872,26.0,32.0,SimonDiaz2017,B9 III,,,
HD18604,50.0,131.0,SimonDiaz2017,B6 III,4.11,2.44,
HD186568,22.0,20.0,SimonDiaz2017,B5 III,4.08,2.29,
HD186882,45.0,155.0,SimonDiaz2017,B9.5 III,,,
HD186980,78.0,51.0,SimonDiaz2017,O7.5 III((f)),4.56,4.11,
HD187459,76.0,150.0,SimonDiaz2017,B0.5 II,4.42,3.93,
HD187879,66.0,100.0,SimonDiaz2017,B1 III,4.3,3.58,
HD188001,91.0,82.0,SimonDiaz2017,O7.5 Iabf,4.52,4.19,
HD188209,76.0,52.0,SimonDiaz2017,O9.5 Iab,4.52,4.09,
HD188252,46.0,94.0,SimonDiaz2017,B2 III,4.32,3.26,
HD188260,32.0,56.0,SimonDiaz2017,B9.5 III,,,
HD188665,20.0,107.0,SimonDiaz2017,B5 V,4.13,2.25,
HD189090,33.0,58.0,SimonDiaz2017,B9 III,,,
HD189775,16.0,61.0,SimonDiaz2017,B5 III,4.12,2.67,
HD189957,73.0,90.0,SimonDiaz2017,O9.7 III,4.49,3.86,
HD190603,67.0,47.0,SimonDiaz2017,B1.5 Ia +,4.33,4.08,
HD190864,82.0,55.0,SimonDiaz2017,O6.5 III(f),4.58,4.11,
HD190919,77.0,48.0,SimonDiaz2017,B0.7 Ib,4.39,4.12,
HD191139,59.0,41.0,SimonDiaz2017,B0.5 III,4.42,3.94,
HD191243,40.0,27.0,SimonDiaz2017,B5 Ib,4.16,3.58,
HD191612,69.0,45.0,SimonDiaz2017,O8 f?p var,,,
HD191746,20.0,78.0,SimonDiaz2017,B2 IV,4.25,3.1,
HD191877,95.0,171.0,SimonDiaz2017,B1 Ib,4.33,3.82,
HD191978,81.0,62.0,SimonDiaz2017,O8 Vz,4.55,3.87,
HD192001,69.0,41.0,SimonDiaz2017,O9.5 IV,4.52,3.56,
HD192276,24.0,19.0,SimonDiaz2017,B8 III,4.11,2.01,
HD192422,87.0,49.0,SimonDiaz2017,B0.5 Ib,4.45,4.23,
HD192639,96.0,104.0,SimonDiaz2017,O7.5 Iabf,4.54,4.21,
HD192907,25.0,25.0,SimonDiaz2017,B9 III,,,
HD193183,64.0,51.0,SimonDiaz2017,B1.5 Ib,4.31,3.93,
HD193237,67.0,37.0,SimonDiaz2017,B1 pe,,,
HD193432,31.0,24.0,SimonDiaz2017,B9 IV,,,
HD193514,98.0,62.0,SimonDiaz2017,O7 Ib(f),4.54,4.16,
HD194279,59.0,50.0,SimonDiaz2017,B1.5 Ia,4.25,4.29,
HD194280,56.0,120.0,SimonDiaz2017,OC9.7 Iab,4.44,3.99,
HD194839,91.0,67.0,SimonDiaz2017,B0.5 Iae,4.39,4.29,
HD195556,11.0,158.0,SimonDiaz2017,B2.5 IV,4.23,3.19,
HD195810,35.0,49.0,SimonDiaz2017,B6 III,4.13,2.42,
HD195986,18.0,35.0,SimonDiaz2017,B4 III,4.19,2.73,
HD196025,16.0,38.0,SimonDiaz2017,B2 IV-V,4.28,2.71,
HD196867,61.0,134.0,SimonDiaz2017,B9 IV,,,
HD197226,39.0,95.0,SimonDiaz2017,B6 III,4.13,2.23,
HD197392,28.0,28.0,SimonDiaz2017,B8 II-III,4.14,2.72,
HD197511,45.0,36.0,SimonDiaz2017,B2 V,4.22,2.71,
HD197512,20.0,13.0,SimonDiaz2017,B1 V,4.35,2.9,
HD198001,35.0,102.0,SimonDiaz2017,B9.5 V,,,
HD198183,53.0,150.0,SimonDiaz2017,B5 V,4.17,2.6,
HD19820,54.0,144.0,SimonDiaz2017,O8.5 III(n)((f)),4.51,3.91,
HD198478,54.0,38.0,SimonDiaz2017,B2.5 Ia,4.2,4.11,
HD198820,31.0,34.0,SimonDiaz2017,B3 III,4.17,2.6,
HD199140,37.0,21.0,SimonDiaz2017,B2 III,4.36,3.59,
HD199216,60.0,36.0,SimonDiaz2017,B1 II,4.38,3.93,
HD199478,46.0,43.0,SimonDiaz2017,B8 Ia,4.09,3.97,
HD199578,29.0,25.0,SimonDiaz2017,B7 III,4.15,2.39,
HD199579,70.0,66.0,SimonDiaz2017,O6.5 V((f))z,4.6,3.83,
HD200340,45.0,116.0,SimonDiaz2017,B8 III,4.14,2.62,
HD2011,113.0,111.0,SimonDiaz2017,B9 III,,,
HD201345,70.0,93.0,SimonDiaz2017,ON9.2 IV,4.52,3.79,
HD201795,10.0,8.0,SimonDiaz2017,B1 V,4.43,2.81,
HD201912,13.0,19.0,SimonDiaz2017,B5 III,4.21,2.71,
HD202124,122.0,84.0,SimonDiaz2017,O9 Iab,4.51,4.19,
HD202214,25.0,21.0,SimonDiaz2017,O9.5 IV,4.49,3.36,
HD202753,24.0,38.0,SimonDiaz2017,B7 III,4.11,2.12,
HD202850,37.0,40.0,SimonDiaz2017,B9 Iab,4.07,3.75,
HD20365,19.0,128.0,SimonDiaz2017,B3 V,4.2,2.59,
HD204172,85.0,52.0,SimonDiaz2017,B0 Ib,4.46,4.05,
HD204536,16.0,74.0,SimonDiaz2017,B3 III,4.18,2.76,
HD205021,23.0,32.0,SimonDiaz2017,B1 III,4.44,3.14,
HD205139,63.0,35.0,SimonDiaz2017,B1 Ib,4.41,3.91,
HD206165,59.0,39.0,SimonDiaz2017,B2 Ib,4.28,4.03,
HD206183,27.0,15.0,SimonDiaz2017,O9.5 IV-V,4.52,3.36,
HD207198,83.0,71.0,SimonDiaz2017,O8.5 II((f)),4.52,4.15,
HD207330,47.0,37.0,SimonDiaz2017,B2.5 III,4.23,3.24,
HD207538,42.0,37.0,SimonDiaz2017,O9.7 IV,4.51,3.51,
HD207563,26.0,102.0,SimonDiaz2017,B2 V,,,
HD207840,21.0,19.0,SimonDiaz2017,B8 III,4.11,2.09,
HD208218,39.0,21.0,SimonDiaz2017,B1 III,4.33,3.42,
HD208266,2.0,135.0,SimonDiaz2017,B1 V,4.33,3.2,
HD2083,34.0,26.0,SimonDiaz2017,B0.2 V,4.47,3.28,
HD208440,21.0,95.0,SimonDiaz2017,B1 V,4.31,3.12,
HD208501,52.0,34.0,SimonDiaz2017,B8 Ib,4.13,3.97,
HD208947,66.0,148.0,SimonDiaz2017,B2 V,4.27,2.71,
HD209008,22.0,19.0,SimonDiaz2017,B3 III,4.16,2.59,
HD209339,67.0,102.0,SimonDiaz2017,O9.7 IV,4.51,3.61,
HD209419,21.0,16.0,SimonDiaz2017,B5 III,4.15,2.36,
HD209975,92.0,52.0,SimonDiaz2017,O9 Ib,4.52,4.09,
HD210191,25.0,12.0,SimonDiaz2017,B2.5 IV,4.28,3.21,
HD210424,20.0,19.0,SimonDiaz2017,B7 III,4.11,2.16,
HD21071,18.0,67.0,SimonDiaz2017,B7 V,4.14,2.22,
HD210809,112.0,65.0,SimonDiaz2017,O9 Iab,4.52,4.09,
HD212097,40.0,72.0,SimonDiaz2017,B9 III,,,
HD212222,25.0,34.0,SimonDiaz2017,B5 V,4.13,2.21,
HD212593,33.0,25.0,SimonDiaz2017,B9 Iab,4.09,3.77,
HD21278,30.0,50.0,SimonDiaz2017,B4 V,4.19,2.52,
HD21279,59.0,175.0,SimonDiaz2017,B8.5 V,,,
HD212883,12.0,9.0,SimonDiaz2017,B2 V,4.29,2.8,
HD21291,29.0,41.0,SimonDiaz2017,B9 Ia,4.05,4.09,
HD212978,32.0,125.0,SimonDiaz2017,B1.5 V,4.25,3.07,
HD212986,22.0,27.0,SimonDiaz2017,B7 III,4.16,2.27,
HD213087,91.0,56.0,SimonDiaz2017,B0.5 Ib,4.44,4.0,
HD213420,33.0,56.0,SimonDiaz2017,B2 IV,4.3,3.38,
HD214263,5.0,83.0,SimonDiaz2017,B2 V,4.31,2.82,
HD214432,83.0,136.0,SimonDiaz2017,B3 V,4.25,2.46,
HD214680,41.0,16.0,SimonDiaz2017,O9 V,4.55,3.67,
HD21483,45.0,129.0,SimonDiaz2017,B3 III,4.23,3.06,
HD214923,34.0,162.0,SimonDiaz2017,B8 V,,,
HD216411,72.0,52.0,SimonDiaz2017,B0.7 Ia,4.33,4.44,
HD216538,21.0,18.0,SimonDiaz2017,B7 III,4.11,2.34,
HD216831,17.0,67.0,SimonDiaz2017,B7 III,4.09,2.17,
HD216898,47.0,44.0,SimonDiaz2017,O9 V,4.56,3.4,
HD217348,43.0,168.0,SimonDiaz2017,B7 III,4.08,2.52,
HD218195A,67.0,52.0,SimonDiaz2017,O8.5 III Nstr,4.54,3.97,
HD218376,54.0,30.0,SimonDiaz2017,B0.5 III,4.43,3.52,
HD218407,2.0,156.0,SimonDiaz2017,B2 V,4.26,2.78,
HD218440,17.0,13.0,SimonDiaz2017,B2.5 IV,4.22,2.68,
HD218915,93.0,51.0,SimonDiaz2017,O9.2 Iab,4.52,4.09,
HD21931,31.0,152.0,SimonDiaz2017,B9 V,,,
HD220222,21.0,122.0,SimonDiaz2017,B6 III,4.15,2.37,
HD222173,35.0,67.0,SimonDiaz2017,B8 V,,,
HD222661,37.0,142.0,SimonDiaz2017,B9.5 V,,,
HD223128,20.0,11.0,SimonDiaz2017,B2 IV,4.35,2.99,
HD223987,81.0,45.0,SimonDiaz2017,B1 Ib,4.32,3.97,
HD224055,60.0,33.0,SimonDiaz2017,B3 Ia,4.21,4.02,
HD224572,47.0,186.0,SimonDiaz2017,B1 V,4.33,3.42,
HD224990,40.0,22.0,SimonDiaz2017,B4 III,4.13,2.33,
HD225094,57.0,34.0,SimonDiaz2017,B3 Iab,4.2,4.06,
HD225160,107.0,85.0,SimonDiaz2017,O8 Iabf,4.52,4.2,
HD226868,81.0,112.0,SimonDiaz2017,O9.7 Iabp var,4.47,4.14,
HD23300,21.0,19.0,SimonDiaz2017,B6 V,4.14,2.42,
HD23302,54.0,180.0,SimonDiaz2017,B6 III,4.13,2.83,
HD23338,24.0,107.0,SimonDiaz2017,B6 IV,4.11,2.61,
HD23408,22.0,30.0,SimonDiaz2017,B8 III,4.08,2.69,
HD23432,42.0,158.0,SimonDiaz2017,B8 V,,,
HD23630,48.0,160.0,SimonDiaz2017,B7 III,4.12,2.87,
HD23675,77.0,51.0,SimonDiaz2017,B0.5 III,4.43,3.88,
HD237211,86.0,48.0,SimonDiaz2017,O9 Ib,4.52,4.09,
HD23873,30.0,83.0,SimonDiaz2017,B9.5 V,,,
HD24398,59.0,40.0,SimonDiaz2017,B1 Ib,4.38,3.83,
HD24431,51.0,65.0,SimonDiaz2017,O9 III,4.54,3.91,
HD24432,49.0,32.0,SimonDiaz2017,B3 II,4.15,3.68,
HD24587,19.0,31.0,SimonDiaz2017,B5 V,4.14,2.15,
HD24640,78.0,128.0,SimonDiaz2017,B1.5 V,4.26,2.6,
HD250289,48.0,101.0,SimonDiaz2017,B2 III:e,4.32,3.76,
HD250290,34.0,41.0,SimonDiaz2017,B3 Ib,4.2,3.79,
HD25204,54.0,71.0,SimonDiaz2017,B3 IV,4.2,2.79,
HD25443,70.0,39.0,SimonDiaz2017,B0.5 III,4.44,3.64,
HD256725,27.0,68.0,SimonDiaz2017,O5.5,4.51,4.04,
HD25914,33.0,33.0,SimonDiaz2017,B6 Ia,4.16,4.16,
HD26398,51.0,142.0,SimonDiaz2017,B7 III,4.2,2.72,
HD27192,79.0,153.0,SimonDiaz2017,B1.5 IV,4.33,3.17,
HD2729,49.0,106.0,SimonDiaz2017,B6 V,4.15,2.57,
HD27396,45.0,22.0,SimonDiaz2017,B4 IV,4.21,2.58,
HD27563,26.0,33.0,SimonDiaz2017,B5 III,4.16,2.61,
HD28114,24.0,21.0,SimonDiaz2017,B6 IV,4.17,2.66,
HD28446B,24.0,12.0,SimonDiaz2017,B1 IV:,4.47,3.3,
HD28503,19.0,62.0,SimonDiaz2017,B7 III,4.12,2.43,
HD28843,60.0,113.0,SimonDiaz2017,B9 III,4.09,2.45,
HD2905,82.0,59.0,SimonDiaz2017,B0.7 Ia,4.4,4.06,
HD29227,20.0,19.0,SimonDiaz2017,B7 III,4.12,2.32,
HD29248,40.0,32.0,SimonDiaz2017,B2 III,4.37,3.04,
HD30122,20.0,17.0,SimonDiaz2017,B5 III,4.17,2.68,
HD30211,33.0,132.0,SimonDiaz2017,B4 IV,4.18,2.82,
HD30614,119.0,99.0,SimonDiaz2017,O9 Ia,4.51,4.19,
HD30677,36.0,167.0,SimonDiaz2017,B1 II-III((n)),4.33,3.94,
HD30836,30.0,39.0,SimonDiaz2017,B2 III,4.29,3.16,
HD31327,53.0,35.0,SimonDiaz2017,B2.5 Ib,4.26,3.59,
HD3240,33.0,68.0,SimonDiaz2017,B7 III,4.09,2.34,
HD32612,20.0,56.0,SimonDiaz2017,B2.5 IV,4.28,2.7,
HD3360,17.0,23.0,SimonDiaz2017,B2 IV,4.29,2.91,
HD3369,19.0,18.0,SimonDiaz2017,B5 V,4.17,2.56,
HD3379,57.0,47.0,SimonDiaz2017,B2.5 IV,4.22,2.47,
HD34078,31.0,17.0,SimonDiaz2017,O9.5 V,4.53,3.53,
HD34085,51.0,38.0,SimonDiaz2017,B8 Ia,4.1,4.1,
HD34503,32.0,34.0,SimonDiaz2017,B5 III,4.13,2.79,
HD34656,87.0,44.0,SimonDiaz2017,O7.5 II(f),4.57,4.17,
HD34759,30.0,58.0,SimonDiaz2017,B5 V,4.16,2.4,
HD34989,12.0,48.0,SimonDiaz2017,B1 V,4.43,3.03,
HD35039,20.0,11.0,SimonDiaz2017,B2 IV-V,4.3,2.87,
HD35299,15.0,8.0,SimonDiaz2017,B1.5 V,4.37,2.69,
HD35468,27.0,53.0,SimonDiaz2017,B2 III,4.29,2.99,
HD35497,18.0,58.0,SimonDiaz2017,B7 III,4.1,2.54,
HD35600,32.0,24.0,SimonDiaz2017,B9 Ib,4.08,3.13,
HD35619,62.0,43.0,SimonDiaz2017,O7.5 V((f))z,4.58,3.8,
HD35633,123.0,176.0,SimonDiaz2017,B0.5 IV,4.53,4.24,
HD35912,21.0,10.0,SimonDiaz2017,B2 V,4.28,2.47,
HD36267,46.0,136.0,SimonDiaz2017,B5 V,4.18,2.2,
HD36285,19.0,11.0,SimonDiaz2017,B2 IV-V,4.31,2.65,
HD36351,17.0,30.0,SimonDiaz2017,B1.5 V,4.34,2.74,
HD36371,45.0,35.0,SimonDiaz2017,B5 Iab,4.16,3.97,
HD36408,29.0,52.0,SimonDiaz2017,B7 II,4.06,2.45,
HD36430,30.0,13.0,SimonDiaz2017,B2 V,4.28,2.4,
HD36483,72.0,174.0,SimonDiaz2017,O9.5 IV(n),4.51,3.64,
HD36486,96.0,128.0,SimonDiaz2017,O9.5 II Nwk,4.51,3.99,
HD36512,25.0,15.0,SimonDiaz2017,O9.7 V,4.53,3.3,
HD36591,19.0,9.0,SimonDiaz2017,B1 IV,4.43,3.03,
HD36629,18.0,10.0,SimonDiaz2017,B2 Vv,4.29,2.47,
HD36822,38.0,18.0,SimonDiaz2017,B0.2 IV,4.46,3.34,
HD36861,75.0,51.0,SimonDiaz2017,O8 III((f)),4.55,4.06,
HD36862,5.0,75.0,SimonDiaz2017,B0.5 V,4.4,2.9,
HD36959,14.0,12.0,SimonDiaz2017,B1 V,4.39,2.86,
HD36960,37.0,22.0,SimonDiaz2017,B0.5 V,4.46,3.33,
HD37020,15.0,55.0,SimonDiaz2017,B0.5 V,4.48,3.13,
HD37022,56.0,26.0,SimonDiaz2017,O7 Vp,4.59,3.58,
HD37041,47.0,133.0,SimonDiaz2017,O9.5 IVp,4.54,3.31,
HD37042,13.0,33.0,SimonDiaz2017,B2-B5,4.47,3.08,
HD37043,84.0,104.0,SimonDiaz2017,O9 III var,4.52,3.96,
HD37061,93.0,191.0,SimonDiaz2017,O9 V,4.45,3.01,
HD37128,85.0,42.0,SimonDiaz2017,B0 Ia,4.47,4.05,
HD37209,15.0,50.0,SimonDiaz2017,B2 IV,4.38,2.76,
HD37320,26.0,27.0,SimonDiaz2017,B8 III,4.09,2.34,
HD37366,39.0,18.0,SimonDiaz2017,O9.5 IV,4.52,3.26,
HD37468D,48.0,197.0,SimonDiaz2017,B2 V,4.3,2.79,
HD37479,23.0,152.0,SimonDiaz2017,B2 Vp,,,
HD37481,21.0,73.0,SimonDiaz2017,B1.5 IV,4.34,2.78,
HD37711,51.0,71.0,SimonDiaz2017,B3 IV,4.21,2.61,
HD37742,100.0,116.0,SimonDiaz2017,O9.2 Ib var Nwk,4.52,4.3,
HD37744,11.0,37.0,SimonDiaz2017,B1.5 V,4.37,2.81,
HD3827,22.0,177.0,SimonDiaz2017,B0.7 V((n)),4.36,3.42,
HD38771,83.0,43.0,SimonDiaz2017,B0.5 Ia,4.47,4.06,
HD38899,23.0,24.0,SimonDiaz2017,B9 IV,,,
HD3901,19.0,129.0,SimonDiaz2017,B2 V,4.21,2.73,
HD3950,55.0,46.0,SimonDiaz2017,B1 III,4.38,3.53,
HD39985,28.0,27.0,SimonDiaz2017,B9 Ib,,,
HD40111,58.0,145.0,SimonDiaz2017,B1 Ib,4.43,3.79,
HD40626,27.0,19.0,SimonDiaz2017,B9.5 IV,,,
HD41117,67.0,43.0,SimonDiaz2017,B2 Ia,4.27,4.21,
HD4142,29.0,189.0,SimonDiaz2017,B5 V,4.19,2.65,
HD41692,20.0,30.0,SimonDiaz2017,B5 IV,4.12,2.71,
HD42087,56.0,39.0,SimonDiaz2017,B2.5 Ib,4.27,3.9,
HD42088,67.0,40.0,SimonDiaz2017,O6 V((f))z,4.6,3.96,
HD42352,47.0,163.0,SimonDiaz2017,B1 III,4.37,3.37,
HD42400,34.0,25.0,SimonDiaz2017,B5 II,4.17,3.46,
HD42401,59.0,129.0,SimonDiaz2017,B2.5 V,4.28,2.99,
HD4253,24.0,145.0,SimonDiaz2017,B9 II,4.09,2.66,
HD43247,33.0,19.0,SimonDiaz2017,B9 II-III,,,
HD43384,52.0,30.0,SimonDiaz2017,B3 Iab,4.18,4.02,
HD43818,71.0,62.0,SimonDiaz2017,B0 II,4.48,4.15,
HD4382,21.0,24.0,SimonDiaz2017,B8 III,,,
HD44743,40.0,26.0,SimonDiaz2017,B1 II-III,4.37,3.2,
HD44766,61.0,175.0,SimonDiaz2017,B8 IIIn,,,
HD44811,48.0,26.0,SimonDiaz2017,O7 V(n)z,4.57,3.77,
HD46064,29.0,59.0,SimonDiaz2017,B1.5 V,4.27,2.83,
HD46075,18.0,53.0,SimonDiaz2017,B6 III,4.11,2.19,
HD46106,75.0,97.0,SimonDiaz2017,O9.7 III(n),,,
HD46149,60.0,31.0,SimonDiaz2017,O8.5 V,4.56,3.61,
HD46150,94.0,66.0,SimonDiaz2017,O5 V((f))z,4.61,3.98,
HD46202,34.0,20.0,SimonDiaz2017,O9.2 V,4.54,3.46,
HD46223,91.0,58.0,SimonDiaz2017,O4 V((f)),4.64,4.11,
HD46328,20.0,9.0,SimonDiaz2017,B0.7 IV,4.39,3.22,
HD4636,23.0,98.0,SimonDiaz2017,B9 III,4.07,2.28,
HD46573,109.0,88.0,SimonDiaz2017,O7 V((f))z,4.56,4.0,
HD46769,23.0,69.0,SimonDiaz2017,B8 Ib,4.1,3.23,
HD46966,66.0,38.0,SimonDiaz2017,O8.5 IV,4.55,3.75,
HD47240,74.0,111.0,SimonDiaz2017,B1 II,4.29,4.08,
HD47417,123.0,107.0,SimonDiaz2017,B0 IV,4.47,3.67,
HD47432,68.0,97.0,SimonDiaz2017,O9.7 Ib,4.51,4.09,
HD47839,65.0,39.0,SimonDiaz2017,O7 V((f))z var,4.58,3.74,
HD47964,17.0,52.0,SimonDiaz2017,B8 III,4.09,2.54,
HD48038,52.0,150.0,SimonDiaz2017,B2 III,4.28,3.51,
HD48279,90.0,140.0,SimonDiaz2017,O8.5 Vz Nstr var?,4.56,3.74,
HD4841,59.0,37.0,SimonDiaz2017,B5 Ia,4.12,3.99,
HD48434,82.0,42.0,SimonDiaz2017,B0 III,4.48,3.93,
HD48691,58.0,52.0,SimonDiaz2017,B0.5 IV,4.44,3.56,
HD48807,35.0,33.0,SimonDiaz2017,B7 Iab,4.07,3.68,
HD49340,28.0,190.0,SimonDiaz2017,B7 III,4.12,2.86,
HD49606,25.0,19.0,SimonDiaz2017,B7 III,4.13,2.51,
HD5005A,86.0,65.0,SimonDiaz2017,O4 V((fc)),4.62,4.03,
HD50707,46.0,24.0,SimonDiaz2017,B1 Ib,4.38,3.31,
HD51309,43.0,27.0,SimonDiaz2017,B3 II,4.2,3.64,
HD51688,19.0,33.0,SimonDiaz2017,B8 III,4.1,2.26,
HD52273,25.0,86.0,SimonDiaz2017,B2 III,4.29,3.18,
HD52312,59.0,179.0,SimonDiaz2017,B9 III,,,
HD53138,56.0,38.0,SimonDiaz2017,B3 Iab,4.23,4.13,
HD53244,21.0,36.0,SimonDiaz2017,B8 II,4.14,2.74,
HD53929,26.0,25.0,SimonDiaz2017,B9 III,4.09,2.44,
HD53975,77.0,186.0,SimonDiaz2017,O7.5 Vz,4.55,4.0,
HD54764,87.0,123.0,SimonDiaz2017,B1 II,4.3,4.16,
HD54879,10.0,8.0,SimonDiaz2017,O9.7 V,4.52,3.16,
HD55213,12.0,184.0,SimonDiaz2017,B7 III,4.11,2.62,
HD55879,60.0,29.0,SimonDiaz2017,O9.7 III,4.51,3.71,
HD57061,93.0,56.0,SimonDiaz2017,O9 II,4.51,4.01,
HD57236,34.0,29.0,SimonDiaz2017,O8.5 V,4.58,3.51,
HD57539,13.0,171.0,SimonDiaz2017,B5 III,4.13,2.64,
HD57682,38.0,16.0,SimonDiaz2017,O9.2 IV,4.54,3.62,
HD58350,64.0,41.0,SimonDiaz2017,B5 Ia,4.16,4.29,
HD60308,54.0,44.0,SimonDiaz2017,B2 Iab,4.22,4.05,
HD60325,54.0,117.0,SimonDiaz2017,B2 IIIp,4.27,3.42,
HD61068,23.0,11.0,SimonDiaz2017,B2 III,4.39,3.08,
HD61347,78.0,115.0,SimonDiaz2017,O9 Ib,4.49,4.23,
HD62747,29.0,100.0,SimonDiaz2017,B2 II,4.34,3.36,
HD63975,20.0,27.0,SimonDiaz2017,B8 II,4.08,2.81,
HD6675,61.0,35.0,SimonDiaz2017,B0.2 III,4.48,3.68,
HD66834,17.0,176.0,SimonDiaz2017,B3 III,4.24,3.42,
HD67797,43.0,139.0,SimonDiaz2017,B5 IV,,,
HD68099,26.0,56.0,SimonDiaz2017,B6 III,4.12,2.52,
HD69686,42.0,173.0,SimonDiaz2017,B8,4.18,2.31,
HD71518,48.0,45.0,SimonDiaz2017,B2 V,,,
HD71833,20.0,32.0,SimonDiaz2017,B8 II,4.1,2.65,
HD7374,20.0,19.0,SimonDiaz2017,B8 III,4.07,2.06,
HD74604,32.0,166.0,SimonDiaz2017,B7 III,,,
HD77770,8.0,27.0,SimonDiaz2017,B2 IV,4.23,3.08,
HD7902,55.0,35.0,SimonDiaz2017,B6 Ib,4.12,3.93,
HD79931,27.0,67.0,SimonDiaz2017,B9 III,,,
HD829,21.0,12.0,SimonDiaz2017,B2 V,4.23,2.76,
HD886,16.0,8.0,SimonDiaz2017,B2 IV,4.33,2.95,
HD89688,42.0,190.0,SimonDiaz2017,B2.5 IV,,,
HD90994,54.0,77.0,SimonDiaz2017,B6 V,4.14,2.0,
HD91316,70.0,45.0,SimonDiaz2017,B1 Iab,4.37,4.0,
HD9311,55.0,30.0,SimonDiaz2017,B5 Ib,4.12,3.57,
HD97991,9.0,140.0,SimonDiaz2017,B1 V,4.36,2.97,
BD+001617A,8.0,36.0,deBurgos2024,O9.2V,4.52244423350632,3.460718026680018,4.02
BD+001617C,121.0,3.0,deBurgos2024,O9.5IV,4.507855871695831,3.5023645794380625,3.92
BD+353955,67.0,52.0,deBurgos2024,B0.7Iab,4.3979400086720375,4.062701127342887,2.92
BD+453341,91.0,84.0,deBurgos2024,B1II,4.394451680826216,4.108747815959601,2.86
BD+483437,54.0,37.0,deBurgos2024,B1Ib,4.3979400086720375,3.8327011273428875,3.15
BD+552770,59.0,43.0,deBurgos2024,B1.5III,4.437750562820388,3.471943343936289,3.67
BD+56508,51.0,40.0,deBurgos2024,B2.0V,4.401400540781544,3.386543255780912,3.61
BD+56525,63.0,136.0,deBurgos2024,B0.5V,4.350248018334163,3.49193316599139,3.3
BD+56527,58.0,97.0,deBurgos2024,B1.5II,4.357934847000454,3.892680480656553,2.93
BD+56553,34.0,36.0,deBurgos2024,B1IV,4.378397900948138,3.4745326964472887,3.43
BD+56576,30.0,15.0,deBurgos2024,B1III,4.3747483460101035,3.3399344766951518,3.55
BD+56578,49.0,55.0,deBurgos2024,BN2II-III,4.354108439147401,3.5773748492443422,3.23
BD+56640,53.0,176.0,deBurgos2024,B2III:,4.451786435524291,3.4380868347519,3.76
BD+57247,28.0,22.0,deBurgos2024,O9.5IV,4.513217600067939,3.433811492926495,4.01
BD+57252,72.0,25.0,deBurgos2024,B1IV,4.376576957056512,3.4372489208807866,3.46
BD+57520,40.0,25.0,deBurgos2024,B1III,4.414973347970818,3.5208344845380104,3.53
BD+59387,93.0,64.0,deBurgos2024,B2.5IIN-weak,4.3222192947339195,3.709818271590415,2.97
BD+59388,38.0,13.0,deBurgos2024,BN2.5III,4.311753861055754,3.457956536877754,3.18
BD+59451,34.0,130.0,deBurgos2024,B1Ib-II,4.4031205211758175,3.9634231773580075,3.04
BD+59461,52.0,26.0,deBurgos2024,B1II,4.372912002970106,3.4525891045351624,3.43
BD+602525,44.0,24.0,deBurgos2024,B0.5III,4.439332693830263,3.708271867975789,3.44
BD+602615,75.0,127.0,deBurgos2024,B0.5Ib(n),4.421603926869831,4.227356800134061,2.85
BD+602631,52.0,126.0,deBurgos2024,B0.5III,4.419955748489758,3.9107640866137694,3.16
BD+602644,36.0,15.0,deBurgos2024,B1III,4.376576957056512,3.377248920880786,3.52
BD+60279,31.0,42.0,deBurgos2024,B2II,4.357934847000454,3.5226804806565535,3.3
BD+60333,50.0,25.0,deBurgos2024,B5Ib,4.17897694729317,3.7668488818274164,2.34
BD+60339,56.0,21.0,deBurgos2024,B6Iabe,4.167317334748176,3.8202104316474395,2.24
BD+60343A,33.0,30.0,deBurgos2024,B6Ia,4.2878017299302265,3.6121480123756426,2.93
BD+60345,64.0,32.0,deBurgos2024,B0II:,4.45484486000851,3.9203205326887782,3.29
BD+60351,38.0,16.0,deBurgos2024,B6Iab,4.232996110392154,3.5929255342233533,2.73
BD+60369,64.0,94.0,deBurgos2024,B2II,4.324282455297693,3.6880709138455092,3.0
BD+60493,106.0,57.0,deBurgos2024,B0.5Ia,4.416640507338281,4.207503122007861,2.85
BD+60499,30.0,25.0,deBurgos2024,O9.5V,4.513217600067939,3.673811492926495,3.77
BD+6073,62.0,140.0,deBurgos2024,B1Ib,4.392696953259666,4.0417289056934,2.92
BD+61175,51.0,13.0,deBurgos2024,B3II,4.238046103128795,3.6931255051699177,2.65
BD+612509,103.0,49.0,deBurgos2024,B0.5Ib,4.451786435524291,3.9480868347518996,3.25
BD+612526,56.0,11.0,deBurgos2024,B1.5II,4.365487984890899,3.542893032218335,3.31
BD+612529,83.0,45.0,deBurgos2024,B1Ib,4.371067862271736,4.04521254174168,2.83
BD+622296A,67.0,38.0,deBurgos2024,B2.5Iae,4.238046103128795,4.2431255051699175,2.1
BD+6312,43.0,59.0,deBurgos2024,O9Ib,4.503790683057181,3.9561038248834612,3.45
BD+631962,25.0,6.0,deBurgos2024,B0.7IV,4.439332693830263,3.2582718679757887,3.89
BD+631964,100.0,61.0,deBurgos2024,B0Iab,4.423245873936808,4.223924588401969,2.86
BD+6370,66.0,62.0,deBurgos2024,B0Ib,4.432969290874405,4.0428182561523585,3.08
BD+6389,55.0,80.0,deBurgos2024,B1Ib,4.4048337166199385,3.9202759591344916,3.09
BD+6476,74.0,128.0,deBurgos2024,B1Ib,4.367355921026019,3.8703647767588127,2.99
BD-124970,87.0,63.0,deBurgos2024,B0.5Ia,4.390935107103379,4.164681521068254,2.79
BD-134930,27.0,11.0,deBurgos2024,O9.7V,4.509202522331103,3.457751181979149,3.97
BD-175190,39.0,57.0,deBurgos2024,B1Ia,4.389166084364533,3.9076054301128678,3.04
CD-324967,49.0,35.0,deBurgos2024,B2.5Iab,4.247973266361806,4.192834158101963,2.19
CD-573344,52.0,23.0,deBurgos2024,B1III,4.390935107103379,3.5046815210682545,3.45
CD-573348B,32.0,55.0,deBurgos2024,B2.5V,4.416640507338281,3.41750312200786,3.64
CPD-546791,40.0,33.0,deBurgos2024,O9.5V,4.528916700277655,3.5266078937653575,3.98
CPD-573507,75.0,63.0,deBurgos2024,B0Iab,4.4281347940287885,4.263480268769891,2.84
CPD-573517,12.0,179.0,deBurgos2024,B1V,4.382017042574868,3.4690092629542106,3.45
HD100943,42.0,44.0,deBurgos2024,B1Iab/b,4.193124598354461,4.083439486072582,2.08
HD101545A,71.0,57.0,deBurgos2024,O9.2II,4.506505032404872,4.1969612222742265,3.22
HD101545B,80.0,52.0,deBurgos2024,B0.5Iab,4.429752280002408,4.089950212664368,3.02
HD102997,58.0,46.0,deBurgos2024,B5Ia,4.20682587603185,4.238244596782137,1.98
HD103338,37.0,34.0,deBurgos2024,B3Ib,4.243038048686294,3.683093287399915,2.68
HD103779,76.0,49.0,deBurgos2024,B0/1II,4.421603926869831,4.057356800134061,3.02
HD106343,65.0,50.0,deBurgos2024,B1.5Ia,4.3560258571931225,4.035044521427228,2.78
HD108002,71.0,44.0,deBurgos2024,B2Ia/ab,4.344392273685111,4.068510187395181,2.7
HD108639,71.0,117.0,deBurgos2024,B1III,4.444044795918076,3.9771202763270423,3.19
HD10898,50.0,40.0,deBurgos2024,B2.5Ib,4.271841606536499,3.9183075188007312,2.56
HD109867,82.0,47.0,deBurgos2024,B0.5/1Iab,4.378397900948138,4.104532696447289,2.8
HD111123,51.0,37.0,deBurgos2024,B1IV,4.4281347940287885,3.4734802687698916,3.63
HD111822,46.0,149.0,deBurgos2024,B0.5/1Ib,4.459392487759231,3.9085110436916595,3.32
HD111973,63.0,31.0,deBurgos2024,B5I,4.2455126678141495,3.862991763911335,2.51
HD111990,51.0,39.0,deBurgos2024,B1.5I+,4.269512944217916,3.9289928695264016,2.54
HD112481,44.0,19.0,deBurgos2024,B2II/III,4.394451680826216,3.6287478159596014,3.34
HD113904B,92.0,87.0,deBurgos2024,O9III,4.511883360978874,4.038474536570235,3.4
HD115842,73.0,66.0,deBurgos2024,B0.5Ia/ab,4.3979400086720375,4.2927011273428874,2.69
HD116084,51.0,49.0,deBurgos2024,B2Ib,4.2878017299302265,4.072148012375643,2.47
HD117024,48.0,58.0,deBurgos2024,B2Ib,4.342422680822207,3.7506318159435637,3.01
HD11744,48.0,22.0,deBurgos2024,B2III,4.247973266361806,3.2328341581019626,3.15
HD117460,36.0,98.0,deBurgos2024,B0/1(III),4.307496037913213,3.560925244307587,3.06
HD118198,68.0,36.0,deBurgos2024,O9.7III,4.481442628502305,3.9767116066639567,3.34
HD119159,53.0,146.0,deBurgos2024,B1/2II,4.4031205211758175,3.7734231773580076,3.23
HD119646,54.0,41.0,deBurgos2024,B1Ib/II,4.320146286111054,3.951526237098954,2.72
HD120680,38.0,150.0,deBurgos2024,B2II,4.252853030979893,3.4523532165743105,2.95
HD121228,69.0,69.0,deBurgos2024,B1Ib,4.371067862271736,3.94521254174168,2.93
HD122879,101.0,72.0,deBurgos2024,B0Ia,4.437750562820388,4.171943343936289,2.97
HD123008,85.0,82.0,deBurgos2024,ON9.2Iab,4.495544337546448,4.183118442840531,3.19
HD12509,55.0,35.0,deBurgos2024,B1III,4.376576957056512,3.7272489208807866,3.17
HD125545,78.0,72.0,deBurgos2024,B1Iab/b,4.352182518111363,4.099671165100188,2.7
HD12567,65.0,162.0,deBurgos2024,B0.5III,4.413299764081252,3.844140148979745,3.2
HD12740,85.0,66.0,deBurgos2024,B1.5II,4.361727836017593,3.6978524367251095,3.14
HD129056,27.0,10.0,deBurgos2024,B1.5III,4.365487984890899,3.352893032218335,3.5
HD13036,79.0,51.0,deBurgos2024,B0.2III,4.440909082065217,3.8945774209156068,3.26
HD134959,49.0,46.0,deBurgos2024,B2Ia,4.27415784926368,4.237572489709455,2.25
HD13621,55.0,155.0,deBurgos2024,B1V,4.4281347940287885,3.6334802687698913,3.47
HD13659,55.0,32.0,deBurgos2024,B1Ib,4.385606273598312,3.893366187047986,3.04
HD13969,81.0,36.0,deBurgos2024,B0.7III,4.4031205211758175,3.7134231773580075,3.29
HD14014,79.0,36.0,deBurgos2024,B0.5V,4.419955748489758,3.4407640866137696,3.63
HD14053,47.0,23.0,deBurgos2024,B0.7II,4.399673721481038,3.689635978578891,3.3
HD141318,45.0,33.0,deBurgos2024,B2III,4.344392273685111,3.3985101873951815,3.37
HD14162,77.0,157.0,deBurgos2024,B0.5V,4.389166084364533,3.547605430112868,3.4
HD142758,62.0,54.0,deBurgos2024,B1Ia,4.334453751150931,3.99875609725846,2.73
HD14520,54.0,88.0,deBurgos2024,B1.5II,4.361727836017593,3.5278524367251096,3.31
HD145794,12.0,164.0,deBurgos2024,B2II/III,4.3692158574101425,3.397804522295307,3.47
HD14661,59.0,38.0,deBurgos2024,B1.5I,4.390935107103379,3.654681521068255,3.3
HD14818,64.0,45.0,deBurgos2024,B2Ia,4.307496037913213,4.100925244307588,2.52
HD148379,58.0,39.0,deBurgos2024,B2Iab,4.267171728403014,4.269628006266792,2.19
HD148546,107.0,117.0,deBurgos2024,O9Iab,4.488550716500444,4.2651439586565125,3.08
HD148688,66.0,55.0,deBurgos2024,B1Iaeqp,4.354108439147401,4.187374849244342,2.62
HD14870,74.0,123.0,deBurgos2024,B1III,4.396199347095736,3.3557384810376827,3.62
HD148878,70.0,44.0,deBurgos2024,B1/2Ia,4.301029995663981,4.145061075310663,2.45
HD149038,79.0,69.0,deBurgos2024,O9.7Iab,4.451786435524291,4.1980868347519,3.0
HD149363,62.0,88.0,deBurgos2024,B1/2Ib,4.4361626470407565,3.875591680817763,3.26
HD149881,63.0,92.0,deBurgos2024,B0.5III,4.413299764081252,3.894140148979745,3.15
HD150041,60.0,30.0,deBurgos2024,B1/2Ib,4.474216264076255,3.8978061489597584,3.39
HD150168,86.0,114.0,deBurgos2024,B1Iab/Ib,4.3979400086720375,4.0427011273428874,2.94
HD150898,73.0,99.0,deBurgos2024,B0Ia/ab,4.437750562820388,4.121943343936289,3.02
HD151018,125.0,58.0,deBurgos2024,O9Ib,4.4996870826184034,4.249689423128351,3.14
HD152003,78.0,74.0,deBurgos2024,O9.7IabNwk,4.460897842756548,4.2045324636809305,3.03
HD152076,39.0,18.0,deBurgos2024,B0/1III,4.478566495593843,3.71520707503011,3.59
HD152147,100.0,73.0,deBurgos2024,O9.7IbNwk,4.457881896733992,4.212468679590707,3.01
HD152234,88.0,54.0,deBurgos2024,B0.5Ia,4.416640507338281,4.247503122007861,2.81
HD152235,75.0,55.0,deBurgos2024,B0.5Ia,4.380211241711606,4.181786059501163,2.73
HD152247,130.0,95.0,deBurgos2024,O9.2III,4.495544337546448,4.143118442840531,3.23
HD152249,89.0,76.0,deBurgos2024,OC9Iab,4.509202522331103,4.267751181979149,3.16
HD152405,89.0,48.0,deBurgos2024,O9.7II,4.472756449317212,4.131966889923587,3.15
HD152685,34.0,14.0,deBurgos2024,B1.5III,4.359835482339888,3.420283022014291,3.41
HD15325,71.0,89.0,deBurgos2024,B1IV,4.371067862271736,3.5752125417416805,3.3
HD154090,74.0,58.0,deBurgos2024,B2Iab,4.3692158574101425,4.107804522295307,2.76
HD154368,75.0,65.0,deBurgos2024,O9.5Iab,4.498310553789601,4.22418330781314,3.16
HD154385,61.0,23.0,deBurgos2024,B1Ib,4.414973347970818,3.7308344845380104,3.32
HD154643,88.0,111.0,deBurgos2024,O9.7III,4.47567118832443,3.9536258459524576,3.34
HD154811,78.0,121.0,deBurgos2024,OC9.7Ib,4.44870631990508,4.2557663722750565,2.93
HD155450,77.0,84.0,deBurgos2024,B1Ib,4.372912002970106,3.852589104535163,3.03
HD15571,60.0,49.0,deBurgos2024,B1Ib,4.392696953259666,3.9617289056934006,3.0
HD155756,100.0,70.0,deBurgos2024,O9Ibp,4.496929648073215,4.278659684947598,3.1
HD155985,69.0,41.0,deBurgos2024,B0.5Ib,4.399673721481038,3.9996359785788904,2.99
HD156134,86.0,67.0,deBurgos2024,B0Ib,4.453318340047038,4.154214452842889,3.05
HD156212,73.0,80.0,deBurgos2024,B0Iab,4.456366033129043,4.226405225170907,2.99
HD156779,39.0,97.0,deBurgos2024,B2II,4.2576785748691846,3.451655392131475,2.97
HD15690,50.0,46.0,deBurgos2024,B2Iab-Ib,4.296665190261531,3.997601853700861,2.58
HD157038,57.0,39.0,deBurgos2024,B3Iap,4.225309281725863,4.372178219558191,1.92
HD15785,72.0,59.0,deBurgos2024,B1Iab,4.382017042574868,4.1190092629542105,2.8
HD158243,77.0,49.0,deBurgos2024,B1Ib,4.326335860928752,4.016284536369744,2.68
HD158661,96.0,60.0,deBurgos2024,B0II,4.429752280002408,4.129950212664368,2.98
HD159090,70.0,28.0,deBurgos2024,B0.5Ia/ab,4.466867620354109,3.948411574071174,3.31
HD159864,98.0,88.0,deBurgos2024,B1Ib,4.4361626470407565,4.005591680817763,3.13
HD160430,46.0,20.0,deBurgos2024,B2II,4.357934847000454,3.5226804806565535,3.3
HD160575,51.0,29.0,deBurgos2024,B1/2II,4.3692158574101425,3.747804522295307,3.12
HD161789,20.0,28.0,deBurgos2024,B2/3II,4.513217600067939,3.3038114929264952,4.14
HD161961,59.0,38.0,deBurgos2024,B0/1Ib,4.421603926869831,3.947356800134061,3.13
HD16243,54.0,24.0,deBurgos2024,B2II:,4.230448921378274,3.912736778167834,2.4
HD16310,58.0,57.0,deBurgos2024,B1II:,4.3747483460101035,4.009934476695151,2.88
HD163522,83.0,57.0,deBurgos2024,B1Ia,4.383815365980431,4.066202556576462,2.86
HD163613,78.0,71.0,deBurgos2024,B1I/II,4.38738982633873,4.080500398009656,2.86
HD164018,38.0,142.0,deBurgos2024,B1/2Ib,4.468347330412158,3.704330414303368,3.56
HD164019,46.0,78.0,deBurgos2024,O9.5IVp,4.491361693834273,4.0563878679918295,3.3
HD164032,50.0,108.0,deBurgos2024,B1/2Ib,4.367355921026019,3.930364776758813,2.93
HD164188,70.0,85.0,deBurgos2024,B0.5V,4.424881636631067,3.4204676391790056,3.67
HD164359,35.0,77.0,deBurgos2024,B1II,4.478566495593843,3.45520707503011,3.85
HD164402,86.0,54.0,deBurgos2024,B0Ib,4.460897842756548,4.00453246368093,3.23
HD164637,72.0,35.0,deBurgos2024,B0Ib/II,4.465382851448418,3.902472498448411,3.35
HD164741,32.0,20.0,deBurgos2024,B1III,4.399673721481038,3.3796359785788908,3.61
HD164971,76.0,43.0,deBurgos2024,B0Ia,4.439332693830263,4.038271867975789,3.11
HD165016,21.0,19.0,deBurgos2024,B0V,4.481442628502305,3.4167116066639567,3.9
HD165024,70.0,94.0,deBurgos2024,B2Ib,4.352182518111363,3.809671165100188,2.99
HD165049,40.0,17.0,deBurgos2024,B2Ib/II,4.354108439147401,3.4273748492443423,3.38
HD165132,20.0,127.0,deBurgos2024,O9.7V,4.511883360978874,3.4184745365702356,4.02
HD165319,91.0,92.0,deBurgos2024,O9.7Ib,4.457881896733992,4.282468679590707,2.94
HD165516,67.0,47.0,deBurgos2024,B1/2Ib,4.413299764081252,3.9641401489797445,3.08
HD165812,34.0,42.0,deBurgos2024,B1/2II,4.399673721481038,3.2496359785788904,3.74
HD165892,42.0,74.0,deBurgos2024,B2II,4.334453751150931,3.33875609725846,3.39
HD166286,123.0,76.0,deBurgos2024,B1II,4.426511261364575,3.6569861381130373,3.44
HD166287,56.0,112.0,deBurgos2024,B1Ib,4.392696953259666,3.7017289056934004,3.26
HD166539,43.0,32.0,deBurgos2024,B1/2Ib,4.514547752660286,3.549132103295883,3.9
HD166540,64.0,27.0,deBurgos2024,B1Ib,4.447158031342219,3.749573218023615,3.43
HD166569,70.0,27.0,deBurgos2024,B1II,4.380211241711606,3.851786059501163,3.06
HD166628,40.0,37.0,deBurgos2024,B3Ia/ab,4.222716471147583,4.0618069772450704,2.22
HD166689,57.0,36.0,deBurgos2024,B1Ib,4.3979400086720375,3.7327011273428874,3.25
HD166787,75.0,92.0,deBurgos2024,B0.5Ia,4.4065401804339555,4.087101814390559,2.93
HD166803,76.0,68.0,deBurgos2024,B0.5IV,4.468347330412158,3.334330414303368,3.93
HD166852,130.0,45.0,deBurgos2024,B0Ia/ab,4.505149978319906,3.9615410059343623,3.45
HD166922,28.0,87.0,deBurgos2024,B2II,4.318063334962762,3.403194432505785,3.26
HD166965,51.0,47.0,deBurgos2024,B1.5II-III,4.338456493604605,3.424767067073158,3.32
HD167224,46.0,153.0,deBurgos2024,B3Ib/II,4.269512944217916,3.5389928695264015,2.93
HD167287,85.0,41.0,deBurgos2024,B1Iab,4.421603926869831,3.927356800134061,3.15
HD167311,75.0,53.0,deBurgos2024,B0Ib,4.392696953259666,4.0017289056934,2.96
HD167330,68.0,101.0,deBurgos2024,O9.5/B0Ia,4.491361693834273,4.116387867991829,3.24
HD167336,94.0,80.0,deBurgos2024,B0II,4.429752280002408,4.139950212664368,2.97
HD167411,65.0,127.0,deBurgos2024,O9.7II,4.445604203273597,4.183357905749126,2.99
HD167451,63.0,61.0,deBurgos2024,B1Ib,4.414973347970818,3.9408344845380103,3.11
HD167479,65.0,30.0,deBurgos2024,B2.5III,4.2878017299302265,3.232148012375643,3.31
HD167543,42.0,34.0,deBurgos2024,B1Ib/II,4.418301291319746,3.5341462579337204,3.53
HD16779,80.0,41.0,deBurgos2024,B1.5IbN-weak,4.3560258571931225,3.9650445214272274,2.85
HD168021,95.0,45.0,deBurgos2024,B0Ia,4.4361626470407565,4.115591680817763,3.02
HD16808,73.0,78.0,deBurgos2024,B0.2Ib,4.419955748489758,4.110764086613769,2.96
HD168080,67.0,145.0,deBurgos2024,B1Ib/II,4.357934847000454,3.7626804806565533,3.06
HD168183,64.0,126.0,deBurgos2024,O9.5III,4.494154594018442,3.787559468728507,3.58
HD16832,60.0,57.0,deBurgos2024,O9.2III,4.489958479424835,4.030775010354076,3.32
HD168489,61.0,28.0,deBurgos2024,B1Ib,4.437750562820388,3.801943343936289,3.34
HD168552,47.0,32.0,deBurgos2024,B2/3Ib/II,4.324282455297693,3.548070913845509,3.14
HD168571,33.0,124.0,deBurgos2024,B1Iab/b,4.363611979892144,3.905389012223313,2.94
HD168750,50.0,33.0,deBurgos2024,B1Ib,4.408239965311849,3.7639009539021338,3.26
HD168917,3.0,67.0,deBurgos2024,B0/0.5II/III,4.510545010206612,3.4331211334811855,4.0
HD168941,91.0,107.0,deBurgos2024,O9.5IVp,4.480006942957151,4.090968864483341,3.22
HD168987,63.0,48.0,deBurgos2024,B1Ia/ab,4.311753861055754,3.9879565368777543,2.65
HD169034,41.0,39.0,deBurgos2024,B2Ia,4.201397124320452,4.316529589936544,1.88
HD169227,65.0,50.0,deBurgos2024,B1.5Ia,4.336459733848529,4.086780028048854,2.65
HD169673,64.0,46.0,deBurgos2024,B1Ib,4.424881636631067,3.7004676391790055,3.39
HD169754,59.0,56.0,deBurgos2024,B0.5Ia,4.423245873936808,4.123924588401969,2.96
HD170604,54.0,25.0,deBurgos2024,B1Ib,4.4281347940287885,3.6734802687698913,3.43
HD170938,75.0,57.0,deBurgos2024,B1Ia,4.367355921026019,4.1103647767588125,2.75
HD171012,104.0,66.0,deBurgos2024,B0.2Ia,4.413299764081252,4.234140148979745,2.81
HD171201,73.0,116.0,deBurgos2024,B0Ia,4.495544337546448,4.193118442840531,3.18
HD171432,70.0,41.0,deBurgos2024,B0.5Ib,4.399673721481038,3.959635978578891,3.03
HD171876,80.0,46.0,deBurgos2024,B2II,4.271841606536499,3.2683075188007313,3.21
HD172488,59.0,106.0,deBurgos2024,B0Iab/b,4.3692158574101425,3.827804522295307,3.04
HD172510,34.0,23.0,deBurgos2024,B2Ib,4.3404441148401185,3.3627175520152113,3.39
HD173438,98.0,47.0,deBurgos2024,B0/1Iab,4.409933123331294,4.130673585979914,2.9
HD173502,22.0,131.0,deBurgos2024,B0.5III,4.424881636631067,3.4504676391790055,3.64
HD173987,65.0,74.0,deBurgos2024,B0.5Ia,4.418301291319746,4.16414625793372,2.9
HD177812,73.0,47.0,deBurgos2024,B1/2Ib,4.359835482339888,3.990283022014291,2.84
HD178129,45.0,37.0,deBurgos2024,B3Ia,4.214843848047698,3.9503164848455294,2.3
HD178597,15.0,4.0,deBurgos2024,B3III,4.330413773349191,3.1425961860515015,3.57
HD18076,121.0,82.0,deBurgos2024,B0II-III,4.453318340047038,3.9442144528428895,3.26
HD181653,45.0,67.0,deBurgos2024,B1II-III,4.376576957056512,3.5872489208807865,3.31
HD18352,51.0,51.0,deBurgos2024,B1V,4.394451680826216,3.3787478159596014,3.59
HD183561,24.0,9.0,deBurgos2024,B2III,4.328379603438738,3.1844595064096897,3.52
HD185780,70.0,87.0,deBurgos2024,B0III,4.45484486000851,3.800320532688778,3.41
HD185859,80.0,49.0,deBurgos2024,B3I+,4.431363764158987,4.056396149290685,3.06
HD186618,11.0,139.0,deBurgos2024,B0V,4.445604203273597,3.633357905749127,3.54
HD186841,90.0,55.0,deBurgos2024,B1Ia,4.414973347970818,4.10083448453801,2.95
HD186994,73.0,144.0,deBurgos2024,B0III,4.466867620354109,3.738411574071174,3.52
HD189779,51.0,66.0,deBurgos2024,B2III,4.318063334962762,3.2931944325057847,3.37
HD190066,84.0,60.0,deBurgos2024,B0.7Ib,4.394451680826216,4.098747815959601,2.87
HD190336,30.0,73.0,deBurgos2024,B0.7II-III,4.4031205211758175,3.5234231773580076,3.48
HD190427,59.0,25.0,deBurgos2024,B0III,4.489958479424835,3.9007750103540757,3.45
HD190429B,130.0,112.0,deBurgos2024,O9.5II-III,4.491361693834273,4.066387867991829,3.29
HD190991,52.0,47.0,deBurgos2024,B0IVp,4.506505032404872,4.026961222274227,3.39
HD191396,62.0,33.0,deBurgos2024,B0.5II,4.4361626470407565,3.9555916808177627,3.18
HD191456,57.0,40.0,deBurgos2024,B0.5III,4.423245873936808,3.773924588401969,3.31
HD191611,80.0,56.0,deBurgos2024,B0.5III,4.426511261364575,4.066986138113037,3.03
HD191781,96.0,74.0,deBurgos2024,ON9.7Iab,4.477121254719663,3.9694261115333873,3.33
HD192039,38.0,16.0,deBurgos2024,B0IV,4.502427119984433,3.5406495725924696,3.86
HD192079,42.0,45.0,deBurgos2024,B0.5IV,4.471291711058939,3.6461079368904925,3.63
HD192444,71.0,44.0,deBurgos2024,B1III,4.354108439147401,3.8773748492443416,2.93
HD192539,46.0,32.0,deBurgos2024,B2III,4.350248018334163,3.4219331659913896,3.37
HD192660,114.0,56.0,deBurgos2024,B0Ib,4.431363764158987,4.186396149290685,2.93
HD192832,27.0,36.0,deBurgos2024,B5Ia,4.212187604403958,3.9196915102705696,2.32
HD193007,70.0,61.0,deBurgos2024,B0.5II,4.432969290874405,3.8828182561523588,3.24
HD193032,70.0,44.0,deBurgos2024,B0III,4.456366033129043,3.8464052251709075,3.37
HD193076,70.0,60.0,deBurgos2024,B0.7II,4.401400540781544,3.986543255780912,3.01
HD193117,17.0,124.0,deBurgos2024,O9.5II,4.502427119984433,4.08064957259247,3.32
HD193444,79.0,32.0,deBurgos2024,B0.5V,4.442479769064448,3.79086016891253,3.37
HD194057,81.0,57.0,deBurgos2024,B1Ib,4.41161970596323,3.9574199165076576,3.08
HD194153,74.0,71.0,deBurgos2024,B1Iab,4.396199347095736,4.035738481037683,2.94
HD194303,55.0,40.0,deBurgos2024,B3II,4.328379603438738,3.44445950640969,3.26
HD194779,13.0,120.0,deBurgos2024,B3II,4.326335860928752,3.446284536369744,3.25
HD195229,54.0,32.0,deBurgos2024,B0.2III,4.444044795918076,3.7271202763270423,3.44
HD195592,50.0,60.0,deBurgos2024,O9.7Ia,4.432969290874405,4.252818256152358,2.87
HD198479,7.0,54.0,deBurgos2024,B1III,4.4281347940287885,3.5534802687698916,3.55
HD200857,35.0,155.0,deBurgos2024,B3IIIv,4.264817823009537,3.630212384692885,2.82
HD201638,49.0,69.0,deBurgos2024,B0.5V,4.444044795918076,3.4371202763270423,3.73
HD203938,77.0,135.0,deBurgos2024,B0.5IV,4.431363764158987,3.476396149290685,3.64
HD20508,44.0,108.0,deBurgos2024,B1.5IV,4.365487984890899,3.282893032218335,3.57
HD205196,96.0,51.0,deBurgos2024,B0Ib,4.432969290874405,4.152818256152359,2.97
HD205794,23.0,9.0,deBurgos2024,B0.5V,4.444044795918076,3.257120276327042,3.91
HD206259,64.0,176.0,deBurgos2024,B3III,4.201397124320452,3.3065295899365443,2.89
HD209678,61.0,30.0,deBurgos2024,B2I,4.307496037913213,3.870925244307587,2.75
HD210386,39.0,15.0,deBurgos2024,B1.5II-III,4.378397900948138,3.504532696447289,3.4
HD213481,42.0,32.0,deBurgos2024,B1.5II-III,4.354108439147401,3.4273748492443423,3.38
HD214080,70.0,114.0,deBurgos2024,B1/2Ib,4.354108439147401,3.8273748492443422,2.98
HD214993,44.0,25.0,deBurgos2024,B1.5III,4.382017042574868,3.3390092629542103,3.58
HD215733,83.0,73.0,deBurgos2024,B1II,4.38738982633873,3.9805003980096556,2.96
HD215806,40.0,94.0,deBurgos2024,B0Ib,4.510545010206612,4.1231211334811855,3.31
HD216438,45.0,21.0,deBurgos2024,B1II,4.3747483460101035,3.7099344766951514,3.18
HD217490,94.0,45.0,deBurgos2024,B0II,4.437750562820388,4.121943343936289,3.02
HD218941,53.0,61.0,deBurgos2024,B1Ib,4.3692158574101425,3.8078045222953074,3.06
HD219287,72.0,91.0,deBurgos2024,B0.5Ia,4.431363764158987,4.2463961492906845,2.87
HD222568,39.0,18.0,deBurgos2024,B1IV,4.3692158574101425,3.4178045222953073,3.45
HD224257,40.0,25.0,deBurgos2024,B0.2IV,4.465382851448418,3.532472498448411,3.72
HD224424,64.0,54.0,deBurgos2024,B1Iab,4.346352974450639,4.086352990457293,2.69
HD225146,94.0,86.0,deBurgos2024,O9.7Iab,4.437750562820388,4.1919433439362885,2.95
HD22586,57.0,91.0,deBurgos2024,B1/2III,4.348304863048161,3.63416054484738,3.15
HD227634,69.0,105.0,deBurgos2024,B0.2II,4.44870631990508,3.9957663722750567,3.19
HD227704,63.0,119.0,deBurgos2024,B0III,4.494154594018442,4.027559468728507,3.34
HD228053,78.0,52.0,deBurgos2024,B1II,4.408239965311849,3.9039009539021334,3.12
HD228712,72.0,63.0,deBurgos2024,B0.5Ia,4.401400540781544,4.256543255780912,2.74
HD229033,17.0,170.0,deBurgos2024,B0II-III,4.460897842756548,4.06453246368093,3.17
HD229159,66.0,44.0,deBurgos2024,B1.5Ib,4.361727836017593,3.9678524367251096,2.87
HD229234,62.0,107.0,deBurgos2024,O9III,4.505149978319906,4.101541005934362,3.31
HD232522,29.0,110.0,deBurgos2024,B1II,4.413299764081252,3.5641401489797446,3.48
HD232590,45.0,116.0,deBurgos2024,B1.5III,4.352182518111363,3.5396711651001884,3.26
HD235783,72.0,84.0,deBurgos2024,B1Ib,4.359835482339888,3.970283022014291,2.86
HD236695,32.0,38.0,deBurgos2024,B1.5II,4.338456493604605,3.4547670670731576,3.29
HD236740,45.0,31.0,deBurgos2024,B2Ib,4.269512944217916,3.8289928695264015,2.64
HD236810,37.0,80.0,deBurgos2024,B2III,4.292256071356476,3.539965378080643,3.02
HD236815,64.0,37.0,deBurgos2024,B0.5III,4.416640507338281,3.8975031220078606,3.16
HD236954,61.0,143.0,deBurgos2024,B3Ib-II,4.292256071356476,3.579965378080643,2.98
HD239967,110.0,90.0,deBurgos2024,B3II,4.315970345456917,3.504822474482407,3.15
HD240256,47.0,26.0,deBurgos2024,B3Ib,4.232996110392154,3.662925534223353,2.66
HD2451,63.0,88.0,deBurgos2024,B0.5IV,4.466867620354109,3.698411574071174,3.56
HD25090,48.0,25.0,deBurgos2024,B0.5III,4.41161970596323,3.557419916507657,3.48
HD251847,31.0,19.0,deBurgos2024,B1IV,4.44870631990508,3.3957663722750566,3.79
HD255134,29.0,17.0,deBurgos2024,B1IVp,4.4361626470407565,3.405591680817763,3.73
HD2619,45.0,16.0,deBurgos2024,B0.5III,4.457881896733992,3.562468679590707,3.66
HD27795,28.0,8.0,deBurgos2024,B1V,4.352182518111363,3.349671165100188,3.45
HD29138,56.0,97.0,deBurgos2024,B1.5III,4.378397900948138,3.9545326964472887,2.95
HD292164,35.0,10.0,deBurgos2024,B1.5III,4.363611979892144,3.425389012223313,3.42
HD305523,55.0,69.0,deBurgos2024,O9II-III,4.532754378992498,4.031958608624727,3.49
HD305619,110.0,43.0,deBurgos2024,O9.7II,4.510545010206612,4.2031211334811855,3.23
HD306097,8.0,123.0,deBurgos2024,O9V,4.52244423350632,4.090718026680018,3.39
HD331759,58.0,82.0,deBurgos2024,B1Ib,4.444044795918076,3.8071202763270424,3.36
HD33203B,15.0,114.0,deBurgos2024,B2II,4.344392273685111,3.4585101873951816,3.31
HD332407,35.0,160.0,deBurgos2024,B1Ibp,4.418301291319746,4.02414625793372,3.04
HD344776,77.0,50.0,deBurgos2024,B0.5Ib,4.447158031342219,3.659573218023615,3.52
HD35653,60.0,39.0,deBurgos2024,B0.5V,4.378397900948138,3.864532696447289,3.04
HD36212,44.0,17.0,deBurgos2024,B3II,4.278753600952829,3.6359554964660528,2.87
HD37032,15.0,94.0,deBurgos2024,B0.5V,4.489958479424835,3.5007750103540753,3.85
HD38131,43.0,94.0,deBurgos2024,B0.5V,4.423245873936808,3.663924588401969,3.42
HD41398,67.0,49.0,deBurgos2024,B2Ib,4.342422680822207,4.160631815943564,2.6
HD41690,60.0,47.0,deBurgos2024,B1V,4.3747483460101035,3.5799344766951515,3.31
HD42379,55.0,50.0,deBurgos2024,B1II,4.390935107103379,3.8746815210682546,3.08
HD42877,53.0,168.0,deBurgos2024,B1/2II,4.525044807036846,3.5611203208021194,3.93
HD43753,84.0,74.0,deBurgos2024,B0.5III,4.409933123331294,4.070673585979914,2.96
HD43837,67.0,29.0,deBurgos2024,B2Ibp?,4.334453751150931,4.05875609725846,2.67
HD44597,37.0,10.0,deBurgos2024,O9V,4.518513939877887,3.6749968521662857,3.79
HD44965,54.0,86.0,deBurgos2024,B3II,4.2405492482825995,3.593138085785135,2.76
HD4613,59.0,27.0,deBurgos2024,B1II,4.372912002970106,3.9125891045351624,2.97
HD4694,52.0,24.0,deBurgos2024,B3Ia,4.217483944213907,3.980876869510364,2.28
HD47382,68.0,39.0,deBurgos2024,B6Ib,4.460897842756548,3.9545324636809305,3.28
HD52089,44.0,26.0,deBurgos2024,B1.5II,4.376576957056512,3.6072489208807865,3.29
HD52382,84.0,47.0,deBurgos2024,B0.5Ia,4.372912002970106,4.162589104535162,2.72
HD53367,48.0,24.0,deBurgos2024,B0IV/Ve,4.459392487759231,3.7185110436916595,3.51
HD53456,25.0,12.0,deBurgos2024,B0IV,4.478566495593843,3.45520707503011,3.85
HD53667,80.0,109.0,deBurgos2024,B0/1Ib,4.4031205211758175,3.9034231773580075,3.1
HD53754,73.0,80.0,deBurgos2024,B0/1Ib,4.380211241711606,3.9217860595011627,2.99
HD53974,87.0,128.0,deBurgos2024,B0IIIn,4.409933123331294,4.0806735859799135,2.95
HD54911,50.0,108.0,deBurgos2024,B1III,4.365487984890899,3.482893032218335,3.37
HD5551,52.0,57.0,deBurgos2024,B1.5Iab,4.324282455297693,4.018070913845509,2.67
HD57258,23.0,31.0,deBurgos2024,B3II,4.2405492482825995,3.4031380857851348,2.95
HD58510,87.0,41.0,deBurgos2024,B1Ia,4.372912002970106,3.9525891045351624,2.93
HD59864,23.0,10.0,deBurgos2024,B1/2Ib/II,4.394451680826216,3.2987478159596013,3.67
HD59882,9.0,8.0,deBurgos2024,B1V,4.416640507338281,3.307503122007861,3.75
HD60369,46.0,78.0,deBurgos2024,B7Ib,4.519827993775719,3.9102530677576124,3.56
HD60479,47.0,63.0,deBurgos2024,O9.5Ib,4.487138375477186,4.089494594563481,3.25
HD6182,68.0,38.0,deBurgos2024,B1Ibp,4.401400540781544,3.916543255780912,3.08
HD62844,62.0,42.0,deBurgos2024,B2Ia,4.278753600952829,4.145955496466053,2.36
HD63922,45.0,24.0,deBurgos2024,B0III,4.481442628502305,3.6767116066639565,3.64
HD64993,62.0,44.0,deBurgos2024,B1Ib/II,4.385606273598312,3.9933661870479855,2.94
HD66665,10.0,7.0,deBurgos2024,B1V,4.444044795918076,3.3371202763270422,3.83
HD68450,75.0,45.0,deBurgos2024,O9.7II,4.474216264076255,4.077806148959758,3.21
HD70839,26.0,166.0,deBurgos2024,B2III,4.346352974450639,3.376352990457293,3.4
HD7103,26.0,35.0,deBurgos2024,B3Ib,4.225309281725863,3.8721782195581906,2.42
HD71304,92.0,73.0,deBurgos2024,O9II,4.532754378992498,4.191958608624727,3.33
HD71771,22.0,44.0,deBurgos2024,B2II,4.332438459915605,3.270694932317157,3.45
HD74575,36.0,18.0,deBurgos2024,B1.5III,4.3692158574101425,3.3578045222953077,3.51
HD75149,54.0,34.0,deBurgos2024,B5Iab,4.243038048686294,4.073093287399915,2.29
HD75222,113.0,77.0,deBurgos2024,O9.7Iab,4.44870631990508,4.225766372275056,2.96
HD76341,53.0,72.0,deBurgos2024,O9.2IV,4.502427119984433,3.9806495725924695,3.42
HD76968,118.0,54.0,deBurgos2024,O9.2Ib,4.491361693834273,4.2663878679918295,3.09
HD79186,63.0,28.0,deBurgos2024,B5Ia,4.209515014542631,4.1690011508252605,2.06
HD8965,15.0,123.0,deBurgos2024,B0.5V,4.447158031342219,3.369573218023615,3.81
HD89767,84.0,56.0,deBurgos2024,B0.5/1Iab,4.409933123331294,4.140673585979914,2.89
HD91452,81.0,79.0,deBurgos2024,B0III,4.434568904034199,4.2092167087915335,2.92
HD91943,80.0,61.0,deBurgos2024,B0.7Ib,4.426511261364575,4.266986138113037,2.83
HD91969,76.0,69.0,deBurgos2024,B0I+,4.432969290874405,4.252818256152358,2.87
HD92007,27.0,87.0,deBurgos2024,B1III,4.383815365980431,3.4262025565764613,3.5
HD92712,72.0,42.0,deBurgos2024,B2/3II/III,4.424881636631067,3.9404676391790057,3.15
HD92850,88.0,36.0,deBurgos2024,B0Ia,4.451786435524291,4.1080868347519,3.09
HD92964,46.0,45.0,deBurgos2024,B2.5Ia,4.271841606536499,4.268307518800731,2.21
HD93027,51.0,55.0,deBurgos2024,O9.5IV,4.523746466811565,3.5359269599009955,3.95
HD93840,73.0,75.0,deBurgos2024,B1/2Iab/b,4.359835482339888,4.050283022014291,2.78
HD94493,66.0,101.0,deBurgos2024,B0.5Iab/b,4.401400540781544,4.076543255780912,2.92
HD95880,50.0,27.0,deBurgos2024,B3Ib/II,4.181843587944773,4.008315444433828,2.11
HD96248,65.0,59.0,deBurgos2024,B1Iab,4.344392273685111,4.098510187395181,2.67
HD96622,68.0,28.0,deBurgos2024,O9.2IV,4.514547752660286,3.799132103295883,3.65
HD97400,45.0,24.0,deBurgos2024,B2.5Ib,4.27415784926368,3.6575724897094557,2.83
HD97522,66.0,53.0,deBurgos2024,B0.5II,4.367355921026019,3.920364776758813,2.94
HD99953,67.0,48.0,deBurgos2024,B2Ia,4.307496037913213,4.120925244307587,2.5
BD-114586,68.0,74.0,Holgado2018,O8,4.510545010206612,4.223121133481185,3.21
CPD-417733,71.0,56.0,Holgado2018,O9,4.534026106056135,3.877045516879279,3.65
CPD-472963AB,110.0,67.0,Holgado2018,O5,4.569373909615046,4.1584367311149215,3.51
CPD-592551,92.0,124.0,Holgado2018,O9,4.54282542695918,3.672242800491456,3.89
CPD-592600,106.0,127.0,Holgado2018,O6,4.594392550375426,3.928511294156442,3.84
CYGOB2-11,85.0,75.0,Holgado2018,O5.5,4.571708831808688,4.047776419889488,3.63
CYGOB2-4A,105.0,72.0,Holgado2018,O7,4.561101383649056,4.115346627250963,3.52
CYGOB2-7,126.0,75.0,Holgado2018,O3,,,
CYGOB2-9,82.0,112.0,Holgado2018,O4.5,,,
HD101190AAAB,74.0,49.0,Holgado2018,O6,4.599883072073688,3.9104733809494876,3.88
HD101223,63.0,55.0,Holgado2018,O8,4.546542663478131,3.9571117465672603,3.62
HD104565,116.0,56.0,Holgado2018,OC9.7,4.460897842756548,4.23453246368093,3.0
HD105056,46.0,56.0,Holgado2018,ON9.7,4.437750562820388,4.281943343936289,2.86
HD114737AB,83.0,58.0,Holgado2018,O8.5,4.552668216112194,3.721613957103512,3.88
HD125241,95.0,118.0,Holgado2018,O8.5,4.506505032404872,4.206961222274226,3.21
HD135591,60.0,60.0,Holgado2018,O8,4.544068044350276,3.9872132700558396,3.58
HD14633AAAB,69.0,121.0,Holgado2018,ON8.5,4.544068044350276,3.80721327005584,3.76
HD14947,22.0,114.0,Holgado2018,O4.5,4.592176757395867,4.119648122238206,3.64
HD151515,98.0,67.0,Holgado2018,O7,4.556302500767288,4.066151095723888,3.55
HD151804,73.0,72.0,Holgado2018,O8,4.450249108319361,4.361937525932181,2.83
HD152424,66.0,59.0,Holgado2018,OC9.2,4.48000694295715,4.150968864483337,3.16
HD152590,56.0,48.0,Holgado2018,O7.5,4.57978359661681,3.790075479121978,3.92
HD152723AAAB,100.0,73.0,Holgado2018,O6.5,4.57978359661681,3.900075479121978,3.81
HD15570,115.0,81.0,Holgado2018,O4,,,
HD155889AB,51.0,27.0,Holgado2018,O9.5,4.54282542695918,3.4622428004914565,4.1
HD156154,102.0,62.0,Holgado2018,O7.5,4.534026106056135,4.217045516879279,3.31
HD156738AB,103.0,65.0,Holgado2018,O6.5,4.578639209968072,3.875497932527026,3.83
HD163758,87.0,76.0,Holgado2018,O6.5,4.539076098792776,4.267245487825843,3.28
HD16691,88.0,158.0,Holgado2018,O4,,,
HD168076AB,101.0,68.0,Holgado2018,O4,4.633468455579586,4.004814914973082,3.92
HD168112AB,78.0,107.0,Holgado2018,O5,4.598790506763115,4.0861031197071975,3.7
HD169582,97.0,66.0,Holgado2018,O6,4.589949601325707,4.050739497957566,3.7
HD190429A,113.0,90.0,Holgado2018,O4,4.563481085394411,4.124865434232381,3.52
HD193443AB,140.0,66.0,Holgado2018,O9,4.518513939877888,3.964996852166289,3.5
HD229196,25.0,248.0,Holgado2018,O6,4.565847818673518,4.154332367348809,3.5
HD242926,52.0,89.0,Holgado2018,O7,4.5910646070264995,3.685199520760735,4.07
HD298429,80.0,105.0,Holgado2018,O8.5,4.5263392773898445,3.986298202214116,3.51
HD303308AB,67.0,85.0,Holgado2018,O4.5,4.613841821876069,3.9463083801590146,3.9
HD303311,61.0,47.0,Holgado2018,O6,4.603144372620182,3.893518583135466,3.91
HD303492,55.0,87.0,Holgado2018,O8.5,4.451786435524291,4.3380868347519,2.86
HD319699,76.0,69.0,Holgado2018,O5,4.6148972160331345,3.9405299567872754,3.91
HD319702,50.0,66.0,Holgado2018,O8,4.559906625036112,3.670567592799187,3.96
HD322417,100.0,68.0,Holgado2018,O6.5,4.586587304671755,3.9972903113417577,3.74
HD36486AAAB,94.0,100.0,Holgado2018,O9.5,4.478566495593843,3.99520707503011,3.31
HD36861A,77.0,52.0,Holgado2018,O8,4.546542663478131,4.05711174656726,3.52
HD38666,56.0,111.0,Holgado2018,O9.5,4.5301996982030825,3.6117398854670677,3.9
HD57061AAAB,85.0,57.0,Holgado2018,O9,4.518513939877888,3.964996852166289,3.5
HD64568,53.0,75.0,Holgado2018,O3,,,
HD69464,105.0,73.0,Holgado2018,O7,4.553883026643875,4.236473199230235,3.37
HD75211,53.0,145.0,Holgado2018,O8.5,4.523746466811565,4.135926959900996,3.35
HD91572,57.0,60.0,Holgado2018,O6.5,4.588831725594208,3.9062679950315684,3.84
HD91824,48.0,51.0,Holgado2018,O7,4.599883072073688,3.7704733809494884,4.02
HD93028,55.0,25.0,Holgado2018,O9,4.547774705387822,3.6520399142060267,3.93
HD93128,56.0,58.0,Holgado2018,O3.5,,,
HD93129AAAB,142.0,116.0,Holgado2018,O2,,,
HD93146A,67.0,60.0,Holgado2018,O7,4.587710965018911,3.901784952730383,3.84
HD93160AB,64.0,120.0,Holgado2018,O7,4.563481085394411,3.8048654342323815,3.84
HD93204,93.0,110.0,Holgado2018,O5.5,4.593286067020458,4.034085360736568,3.73
HD93222AB,90.0,50.0,Holgado2018,O7,4.565847818673518,4.024332367348809,3.63
HD93249A,72.0,55.0,Holgado2018,O9,4.515873843711679,3.954436467501454,3.5
HD93250AB,84.0,70.0,Holgado2018,O4,4.653212513775344,4.143791147756113,3.86
HD93843,120.0,58.0,Holgado2018,O5,4.571708831808688,4.147776419889489,3.53
HD94024,52.0,162.0,Holgado2018,O8,4.541579243946581,4.06725806844106,3.49
HD94963,92.0,76.0,Holgado2018,O7,4.559906625036112,4.090567592799187,3.54
HD96264,65.0,29.0,Holgado2018,O9.5,4.519827993775719,3.8002530677576125,3.67
HD96715,86.0,59.0,Holgado2018,O4,4.6551384348113825,4.101494831900267,3.91
HD96946,58.0,72.0,Holgado2018,O6.5,4.5910646070264995,3.8951995207607353,3.86
HD97848,77.0,41.0,Holgado2018,O8,4.551449997972875,3.9267410845462365,3.67
TRUMPLER14-9,41.0,66.0,Holgado2018,O8.5,4.564666064252089,3.5496053496630933,4.1
CPD-472963,110.0,67.0,Burssens2020,O5,4.57,4.16,
HD110360,86.0,96.0,Burssens2020,ON7,4.59,3.6,
HD112244,80.0,124.0,Burssens2020,O8.5,4.5,4.15,
HD152233,105.0,62.0,Burssens2020,O6,4.58,4.01,
HD156738,103.0,65.0,Burssens2020,O6.5,4.58,3.87,
HD23466,100.0,75.0,Burssens2020,B3,4.2,2.51,
HD26912,30.0,53.0,Burssens2020,B3,4.2,2.61,
HD39680,31.0,101.0,Burssens2020,O6,,,
HD41753,40.0,25.0,Burssens2020,B3,4.23,2.61,
HD43112,12.0,7.0,Burssens2020,B1,4.41,2.95,
HD45314,4.0,128.0,Burssens2020,O9:,,,
HD48977,8.0,26.0,Burssens2020,B2.5,4.25,2.61,
HD66811,12.0,198.0,Burssens2020,O4,,,
HD90273,55.0,55.0,Burssens2020,ON7,4.59,3.95,
HD97253,105.0,70.0,Burssens2020,O5,4.59,4.16,
BD+60261,111.0,171.0,SimonDiaz2014,O7.5,,,
BD+60586A,79.0,41.0,SimonDiaz2014,O7,,,
BD+62424,85.0,48.0,SimonDiaz2014,O6.5,,,
HD13268,47.0,315.0,SimonDiaz2014,ON8.5,,,
HD14434,172.0,430.0,SimonDiaz2014,O5.5,,,
HD149757,159.0,319.0,SimonDiaz2014,O9.5,,,
HD15137,145.0,290.0,SimonDiaz2014,O9.5,,,
HD15642,243.0,325.0,SimonDiaz2014,O9.5,,,
HD163892,72.0,206.0,SimonDiaz2014,O9,,,
HD165174,238.0,366.0,SimonDiaz2014,B0,,,
HD165246,52.0,261.0,SimonDiaz2014,O8,,,
HD165921,96.0,241.0,SimonDiaz2014,O7,,,
HD167971,116.0,62.0,SimonDiaz2014,O8,,,
HD175876,85.0,285.0,SimonDiaz2014,O6.5,,,
HD184915,42.0,284.0,SimonDiaz2014,B0.5,,,
HD188439,74.0,299.0,SimonDiaz2014,B0.5,,,
HD191423,147.0,422.0,SimonDiaz2014,ON9,,,
HD192281,0.0,292.0,SimonDiaz2014,O4.5,,,
HD193322A,43.0,41.0,SimonDiaz2014,O9,,,
HD203064,44.0,299.0,SimonDiaz2014,O7.5,,,
HD210839,51.0,204.0,SimonDiaz2014,O6.5,,,
HD216532,30.0,203.0,SimonDiaz2014,O8.5,,,
HD217086,59.0,399.0,SimonDiaz2014,O7,,,
HD224151,39.0,132.0,SimonDiaz2014,B0.5,,,
HD228841,117.0,334.0,SimonDiaz2014,O6.5,,,
HD24912,80.0,230.0,SimonDiaz2014,O7.5,,,
HD25639,58.0,234.0,SimonDiaz2014,O9.5,,,
HD36879,54.0,219.0,SimonDiaz2014,O7,,,
HD37023,12.0,48.0,SimonDiaz2014,B0.2,,,
HD41161,16.0,338.0,SimonDiaz2014,O8,,,
HD41997,39.0,265.0,SimonDiaz2014,O7.5,,,
HD46056A,113.0,377.0,SimonDiaz2014,O8,,,
HD46485,114.0,326.0,SimonDiaz2014,O7,,,
HD52266,92.0,263.0,SimonDiaz2014,O9.5,,,
HD52533,181.0,301.0,SimonDiaz2014,O8.5,,,
HD93521,133.0,380.0,SimonDiaz2014,O9.5,,,
