star,sample,galaxy,Z_proxy,logTeff,logg,logL_spec,logL_class,vsini,vmac,nuchar,alpha0,gamma,Cw,alpha0_kind,SpType,mass,tau,n_sect,ref,key,log_nuchar,log_alpha0,logL_use,dup_B2020_Shen
HD 96715,Bowman2020_Galactic,MW,0.014,4.66,,4.1,,59.0,86.0,5.74308,99.219,1.66987,3.21,amplitude_umag,O4 V((f))z,,,,prior,HD96715,0.7591448659619197,1.9965948455920186,4.1,False
HD 46223,Bowman2020_Galactic,MW,0.014,4.62,,4.16,,60.0,91.0,3.99087,249.33,1.63706,5.766,amplitude_umag,O4 V((f)),,,,prior,HD46223,0.6010675811535588,2.396774537030027,4.16,False
HD 155913,Bowman2020_Galactic,MW,0.014,4.63,,3.88,,278.0,,6.15743,253.521,2.08883,6.635,amplitude_umag,O4.5 Vn((f)),,,,prior,HD155913,0.7893994833147892,2.4040139392369357,3.88,False
HD 46150,Bowman2020_Galactic,MW,0.014,4.61,,4.03,,71.0,94.0,3.95351,175.47,1.59155,4.48,amplitude_umag,O5 V((f)),,,,prior,HD46150,0.5969828416384722,2.244202876082985,4.03,False
HD 90273,Bowman2020_Galactic,MW,0.014,4.59,,3.95,,55.0,55.0,2.96658,186.796,1.52985,6.361,amplitude_umag,ON7 V,,,,prior,HD90273,0.47225606448539975,2.271367572126798,3.95,False
HD 110360,Bowman2020_Galactic,MW,0.014,4.59,,3.6,,96.0,86.0,2.36468,104.664,1.36668,11.971,amplitude_umag,ON7 V,,,,prior,HD110360,0.37377237820824066,2.0197973283850326,3.6,False
HD 47839,Bowman2020_Galactic,MW,0.014,4.58,,3.7,,43.0,65.0,3.7815,54.461,1.59141,3.9,amplitude_umag,O7 V,,,,prior,HD47839,0.5776641047321271,1.7360856114897092,3.7,False
HD 53975,Bowman2020_Galactic,MW,0.014,4.56,,3.74,,181.0,77.0,2.7786,144.615,1.36739,2.631,amplitude_umag,O7.5 Vz,,,,prior,HD53975,0.44382603137753696,2.1602133419167915,3.74,False
HD 41997,Bowman2020_Galactic,MW,0.014,4.55,,3.85,,262.0,39.0,2.61022,803.647,2.32176,9.622,amplitude_umag,O7.5 Vn((f)),,,,prior,HD41997,0.4166771129932439,2.9050653278320118,3.85,False
HD 46573,Bowman2020_Galactic,MW,0.014,4.56,,3.93,,77.0,81.0,2.00862,409.204,1.436,3.883,amplitude_umag,O7 V((f))z,,,,prior,HD46573,0.3028977826850897,2.6119398703222267,3.93,False
HD 48279,Bowman2020_Galactic,MW,0.014,4.55,,3.76,,131.0,74.0,2.77586,262.925,1.735,11.124,amplitude_umag,O8 V,,,,prior,HD48279,0.44339755877104137,2.4198318825911467,3.76,False
HD 46056,Bowman2020_Galactic,MW,0.014,4.55,,3.58,,370.0,,9.0522,56.7,2.45063,7.696,amplitude_umag,O8 Vn,,,,prior,HD46056,0.9567541407242331,1.7535830588929067,3.58,False
HD 38666,Bowman2020_Galactic,MW,0.014,4.53,,3.59,,111.0,56.0,4.06758,20.239,1.73389,1.246,amplitude_umag,O9.5 V,,,,prior,HD38666,0.6093361032725441,1.3061890504004259,3.59,False
HD 74920,Bowman2020_Galactic,MW,0.014,4.54,,3.9,,291.0,,3.66392,367.615,2.18152,4.029,amplitude_umag,O7.5 IVn((f)),,,,prior,HD74920,0.5639459824800228,2.5653932238357307,3.9,False
HD 135591,Bowman2020_Galactic,MW,0.014,4.54,,3.99,,60.0,60.0,1.977,343.595,1.38857,2.235,amplitude_umag,O8 IV((f)),,,,prior,HD135591,0.2960066693136723,2.5360468353448593,3.99,False
HD 326331,Bowman2020_Galactic,MW,0.014,4.54,,3.82,,332.0,,2.20987,1196.544,1.75566,9.365,amplitude_umag,O8 IVn((f)),,,,prior,HD326331,0.3443667261994771,3.0779286733680578,3.82,False
HD 37041,Bowman2020_Galactic,MW,0.014,4.54,,3.28,,134.0,47.0,0.93624,48.977,1.43815,4.91,amplitude_umag,O9.5 IVp,,,,prior,HD37041,-0.028612807976602626,1.6899921796586868,3.28,False
HD 123056,Bowman2020_Galactic,MW,0.014,4.5,,3.7,,193.0,,4.01672,268.094,2.46953,8.208,amplitude_umag,O9.5 IV(n),,,,prior,HD123056,0.6038715587186757,2.4282870944899666,3.7,False
HD 97253,Bowman2020_Galactic,MW,0.014,4.59,,4.16,,70.0,105.0,2.20426,837.597,2.06179,5.257,amplitude_umag,O5 III(f),,,,prior,HD97253,0.34326281971948686,2.9230351131720047,4.16,False
HD 93843,Bowman2020_Galactic,MW,0.014,4.57,,4.15,,58.0,120.0,2.60714,489.559,1.68517,2.333,amplitude_umag,O5 III(fc),,,,prior,HD93843,0.4161643528388176,2.6898050389999306,4.15,False
HD 156738,Bowman2020_Galactic,MW,0.014,4.58,,3.87,,65.0,103.0,4.38608,350.922,2.42795,9.671,amplitude_umag,O6.5 III(f),,,,prior,HD156738,0.6420765487372398,2.545210595856047,3.87,False
HD 36861,Bowman2020_Galactic,MW,0.014,4.55,,4.06,,53.0,75.0,2.05434,330.703,1.39102,1.453,amplitude_umag,O8 III((f)),,,,prior,HD36861,0.3126723223693683,2.5194381346703887,4.06,False
HD 150574,Bowman2020_Galactic,MW,0.014,4.52,,3.87,,252.0,,2.47023,1156.742,1.92152,14.547,amplitude_umag,ON9 III(n),,,,prior,HD150574,0.3927373917537884,3.0632365046120733,3.87,False
HD 152247,Bowman2020_Galactic,MW,0.014,4.51,,3.94,,82.0,96.0,2.75008,661.325,2.14782,10.339,amplitude_umag,O9.2 III,,,,prior,HD152247,0.4393453276677904,2.820414940603309,3.94,False
HD 55879,Bowman2020_Galactic,MW,0.014,4.49,,3.85,,26.0,60.0,1.71966,191.802,1.42054,3.195,amplitude_umag,O9.7 III,,,,prior,HD55879,0.23544258951215052,2.2828531314291975,3.85,False
HD 154643,Bowman2020_Galactic,MW,0.014,4.49,,3.85,,101.0,78.0,1.83226,495.62,1.48131,5.148,amplitude_umag,O9.7 III,,,,prior,HD154643,0.26298710063828057,2.695148823358551,3.85,False
CPD-47 2963,Bowman2020_Galactic,MW,0.014,4.57,,4.16,,67.0,110.0,2.53356,705.866,2.91261,6.488,amplitude_umag,O5 Ifc,,,,prior,CPD-472963,0.40373119375017985,2.84872226339731,4.16,False
HD 156154,Bowman2020_Galactic,MW,0.014,4.53,,4.22,,62.0,102.0,1.76469,1911.5,1.9628,13.637,amplitude_umag,O7.5 Ib(f),,,,prior,HD156154,0.24666842467346237,3.281374302355047,4.22,False
HD 112244,Bowman2020_Galactic,MW,0.014,4.5,,4.15,,124.0,80.0,0.9187,4203.703,1.93925,19.509,amplitude_umag,O8.5 Iab(f)p,,,,prior,HD112244,-0.03682628362474837,3.6236320246688694,4.15,False
HD 151804,Bowman2020_Galactic,MW,0.014,4.45,,4.33,,72.0,73.0,0.93978,3642.777,4.26287,36.297,amplitude_umag,O8 Iaf,,,,prior,HD151804,-0.026973801685978356,3.5614325858359956,4.33,False
HD 303492,Bowman2020_Galactic,MW,0.014,4.45,,4.29,,87.0,55.0,0.85247,3447.949,4.45373,11.85,amplitude_umag,O8.5 Iaf,,,,prior,HD303492,-0.06932089569465394,3.5375608333758817,4.29,False
HD 57061,Bowman2020_Galactic,MW,0.014,4.51,,4.01,,57.0,93.0,1.4168,1261.169,1.84189,3.97,amplitude_umag,O9 II,,,,prior,HD57061,0.15130854818201836,3.1007732870882347,4.01,False
HD 152249,Bowman2020_Galactic,MW,0.014,4.49,,4.15,,71.0,70.0,1.76168,2144.886,2.94309,27.729,amplitude_umag,OC9 Iab,,,,prior,HD152249,0.24592702390836851,3.3314042145223177,4.15,False
HD 152424,Bowman2020_Galactic,MW,0.014,4.48,,4.14,,59.0,66.0,0.95329,5315.488,3.42169,38.442,amplitude_umag,OC9.2 Ia,,,,prior,HD152424,-0.020774962697552694,3.725543142044313,4.14,False
HD 154368,Bowman2020_Galactic,MW,0.014,4.48,,4.28,,65.0,78.0,1.85794,1971.732,4.70571,24.824,amplitude_umag,O9.5 Iab,,,,prior,HD154368,0.2690316848515623,3.294847884828933,4.28,False
HD 152003,Bowman2020_Galactic,MW,0.014,4.48,,4.12,,65.0,83.0,0.92626,4459.742,1.76747,18.221,amplitude_umag,O9.7 Iab Nwk,,,,prior,HD152003,-0.0332670902985798,3.6493097351208177,4.12,False
HD 152147,Bowman2020_Galactic,MW,0.014,4.48,,4.04,,91.0,64.0,1.1396,3879.566,2.43834,27.977,amplitude_umag,O9.7 Ib Nwk,,,,prior,HD152147,0.056752440567439236,3.58878314457683,4.04,False
HD 36960,Bowman2020_Galactic,MW,0.014,4.46,,3.31,,23.0,37.0,1.83618,30.868,2.46009,3.814,amplitude_umag,B0.5 V,,,,prior,HD36960,0.2639152526685912,1.489508491577916,3.31,False
HD 37042,Bowman2020_Galactic,MW,0.014,4.47,,3.06,,33.0,13.0,1.20717,57.494,1.84494,9.116,amplitude_umag,B0.7 V,,,,prior,HD37042,0.08176843402701914,1.7596225246399968,3.06,False
HD 43112,Bowman2020_Galactic,MW,0.014,4.41,,2.95,,7.0,12.0,0.76982,6.269,1.16679,3.77,amplitude_umag,B1 V,,,,prior,HD43112,-0.11361081008111748,0.7971982698389589,2.95,False
HD 35912,Bowman2020_Galactic,MW,0.014,4.26,,2.44,,11.0,21.0,2.08064,241.602,3.01021,5.396,amplitude_umag,B2 V,,,,prior,HD35912,0.3181969434800138,2.3831005250872095,2.44,False
HD 48977,Bowman2020_Galactic,MW,0.014,4.25,,2.61,,26.0,8.0,1.46731,311.431,2.33096,4.565,amplitude_umag,B2.5 V,,,,prior,HD48977,0.16652187735149473,2.493361840277231,2.61,False
HD 34816,Bowman2020_Galactic,MW,0.014,4.46,,3.22,,25.0,,0.66173,61.383,1.34255,1.445,amplitude_umag,B0.5 IV,,,,prior,HD34816,-0.17931917586098825,1.7880481100913557,3.22,False
HD 46328,Bowman2020_Galactic,MW,0.014,4.4,,3.28,,7.0,20.0,1.08885,54.479,1.34896,3.49,amplitude_umag,B0.5 IV,,,,prior,HD46328,0.03696805545897908,1.7362291272001074,3.28,False
HD 50707,Bowman2020_Galactic,MW,0.014,4.38,,3.31,,29.0,46.0,4.27661,132.11,1.75206,2.889,amplitude_umag,B1 IV,,,,prior,HD50707,0.6310996471306316,2.1209356925611313,3.31,False
HD 37481,Bowman2020_Galactic,MW,0.014,4.34,,2.78,,74.0,21.0,1.23368,26.284,3.20558,3.132,amplitude_umag,B1.5 IV,,,,prior,HD37481,0.09120252415696807,1.4196914585184777,2.78,False
HD 37209,Bowman2020_Galactic,MW,0.014,4.38,,2.76,,50.0,15.0,0.826,26.461,2.35097,3.195,amplitude_umag,B2 IV,,,,prior,HD37209,-0.0830199526796178,1.4226062527870638,2.76,False
HD 26912,Bowman2020_Galactic,MW,0.014,4.2,,2.61,,53.0,30.0,1.15152,299.788,3.05793,3.078,amplitude_umag,B3 IV,,,,prior,HD26912,0.06127148534341788,2.476814244796164,2.61,False
HD 37711,Bowman2020_Galactic,MW,0.014,4.21,,2.61,,68.0,51.0,0.86817,916.636,3.34037,9.476,amplitude_umag,B3 IV,,,,prior,HD37711,-0.061395225476774194,2.9621969097430765,2.61,False
HD 57539,Bowman2020_Galactic,MW,0.014,4.13,,2.54,,162.0,13.0,2.60349,154.777,3.06784,5.565,amplitude_umag,B3 IV,,,,prior,HD57539,0.4155559138906588,2.189706424594824,2.54,False
HD 41753,Bowman2020_Galactic,MW,0.014,4.23,,2.61,,25.0,40.0,1.27728,302.331,3.47522,12.424,amplitude_umag,B3 IV,,,,prior,HD41753,0.10628611192697604,2.4804826805509017,2.61,False
HD 224990,Bowman2020_Galactic,MW,0.014,4.13,,2.33,,20.0,40.0,1.57162,23.296,2.09149,2.084,amplitude_umag,B5 IV,,,,prior,HD224990,0.19634754688599573,1.3672813576329432,2.33,False
HD 48434,Bowman2020_Galactic,MW,0.014,4.48,,3.93,,48.0,82.0,1.47146,1647.09,2.00588,8.813,amplitude_umag,B0 III,,,,prior,HD48434,0.16774846078466799,3.2167173304602663,3.93,False
HD 61068,Bowman2020_Galactic,MW,0.014,4.39,,3.08,,12.0,23.0,1.36075,198.12,1.35714,5.256,amplitude_umag,B2 III,,,,prior,HD61068,0.13377834298911134,2.2969283193104184,3.08,False
HD 35468,Bowman2020_Galactic,MW,0.014,4.29,,2.99,,53.0,27.0,0.80155,86.576,1.95155,1.895,amplitude_umag,B2 III,,,,prior,HD35468,-0.09606938154837891,1.9373975165885065,2.99,False
HD 44743,Bowman2020_Galactic,MW,0.014,4.37,,3.2,,24.0,40.0,1.96975,133.771,1.3504,8.802,amplitude_umag,B1 II-III,,,,prior,HD44743,0.2944111091513148,2.1263619736332124,3.2,False
HD 54764,Bowman2020_Galactic,MW,0.014,4.3,,3.97,,123.0,87.0,0.96136,1949.927,2.04624,10.902,amplitude_umag,B1 II,,,,prior,HD54764,-0.017113951835696455,3.2900183528545086,3.97,False
HD 52089,Bowman2020_Galactic,MW,0.014,4.34,,3.6,,26.0,50.0,1.30671,222.135,1.63586,2.109,amplitude_umag,B2 II,,,,prior,HD52089,0.11617921468510543,2.3466169921788635,3.6,False
HD 51309,Bowman2020_Galactic,MW,0.014,4.2,,3.64,,27.0,43.0,0.66617,1572.988,2.15494,5.917,amplitude_umag,B3 II,,,,prior,HD51309,-0.17641492902673936,3.196725409493178,3.64,False
HD 46769,Bowman2020_Galactic,MW,0.014,4.11,,3.16,,70.0,23.0,1.02897,6.763,2.76723,3.139,amplitude_umag,B5 II,,,,prior,HD46769,0.012402712931154488,0.8301393874253428,3.16,False
HD 27563,Bowman2020_Galactic,MW,0.014,4.16,,2.61,,34.0,26.0,0.97211,264.68,3.49058,3.479,amplitude_umag,B7 II,,,,prior,HD27563,-0.012284589302076338,2.4227211259715578,2.61,False
HD 53244,Bowman2020_Galactic,MW,0.014,4.14,,2.74,,36.0,21.0,0.79102,10.428,3.30717,1.444,amplitude_umag,B8 II,,,,prior,HD53244,-0.1018125357440037,1.0182010224962914,2.74,False
HD 37128,Bowman2020_Galactic,MW,0.014,4.47,,4.05,,55.0,85.0,0.87736,2562.785,2.28089,19.682,amplitude_umag,B0 Ia,,,,prior,HD37128,-0.05682216953817564,3.4087121733983725,4.05,False
HD 38771,Bowman2020_Galactic,MW,0.014,4.47,,4.06,,53.0,83.0,0.87575,1159.94,1.91176,8.819,amplitude_umag,B0.5 Ia,,,,prior,HD38771,-0.05761985401026997,3.064435525138261,4.06,False
HD 53138,Bowman2020_Galactic,MW,0.014,4.23,,4.13,,37.0,56.0,0.44918,1313.016,2.39756,5.089,amplitude_umag,B3 Iab,,,,prior,HD53138,-0.3475795891937662,3.118270018297684,4.13,False
HD 39985,Bowman2020_Galactic,MW,0.014,4.11,,2.34,,26.0,28.0,1.02655,8.6,1.82852,3.579,amplitude_umag,B9 Ib,,,,prior,HD39985,0.011380107330827807,0.9344984512435677,2.34,False
HD 37061,Bowman2020_Galactic,MW,0.014,4.49,,3.07,,210.0,93.0,1.64256,34.886,2.41671,3.237,amplitude_umag,O9.5 V,,,,prior,HD37061,0.2155212425806687,1.5426511764554052,3.07,False
HD 37742,Bowman2020_Galactic,MW,0.014,4.47,,4.15,,122.0,97.0,1.41864,829.56,2.41592,7.544,amplitude_umag,O9.2 Ib var Nwk,,,,prior,HD37742,0.1518722010604934,2.918847802930058,4.15,False
HD 57682,Bowman2020_Galactic,MW,0.014,4.54,,3.62,,12.0,38.0,1.11609,159.073,1.16316,3.029,amplitude_umag,O9.2 IV,,,,prior,HD57682,0.047699216937928536,2.201596471625854,3.62,False
HD 54879,Bowman2020_Galactic,MW,0.014,4.52,,3.16,,7.0,10.0,1.26842,32.96,3.41894,5.871,amplitude_umag,O9.7 V,,,,prior,HD54879,0.10326308121153148,1.5179872030250783,3.16,False
AzV 16,Bowman2024_SMC,SMC,0.002,4.434568904034199,,,5.75,,,0.33,0.00243,,3.29e-07,PSDmax_proxy_mmag2d,,,,,prior,AZV16,-0.4814860601221125,-2.614393726401688,5.75,False
AzV 18,Bowman2024_SMC,SMC,0.002,4.278753600952829,,,5.44,,,0.35,0.00106,,2.57e-07,PSDmax_proxy_mmag2d,,,,,prior,AZV18,-0.4559319556497244,-2.9746941347352296,5.44,False
AzV 83,Bowman2024_SMC,SMC,0.002,4.515873843711679,,,5.54,,,0.88,0.000769,,4.74e-06,PSDmax_proxy_mmag2d,,,,,prior,AZV83,-0.05551732784983137,-3.114073660198569,5.54,False
Cl* NGC 346 MPG 12,Bowman2024_SMC,SMC,0.002,4.491361693834273,,,4.93,,,0.96,0.000426,,1.1e-05,PSDmax_proxy_mmag2d,,,,,prior,CL*NGC346MPG12,-0.017728766960431602,-3.370590400897281,4.93,False
AzV 202,Bowman2024_SMC,SMC,0.002,4.419955748489758,,,4.8,,,2.04,1.68e-05,,4.25e-06,PSDmax_proxy_mmag2d,,,,,prior,AZV202,0.3096301674258988,-4.774690718274138,4.8,False
Cl* NGC 346 ELS 46,Bowman2024_SMC,SMC,0.002,4.5910646070264995,,,4.81,,,2.1,0.00287,,0.000113,PSDmax_proxy_mmag2d,,,,,prior,CL*NGC346ELS46,0.3222192947339193,-2.5421181032660076,4.81,False
Cl* NGC 346 ELS 25,Bowman2024_SMC,SMC,0.002,4.558708570533166,,,4.9,,,0.73,0.00302,,3.64e-05,PSDmax_proxy_mmag2d,,,,,prior,CL*NGC346ELS25,-0.1366771398795441,-2.5199930570428495,4.9,False
AzV 267,Bowman2024_SMC,SMC,0.002,4.552668216112194,,,4.9,,,1.47,0.00053,,3.26e-05,PSDmax_proxy_mmag2d,,,,,prior,AZV267,0.1673173347481761,-3.275724130399211,4.9,False
AzV 264,Bowman2024_SMC,SMC,0.002,4.352182518111363,,,5.44,,,0.4,0.00117,,3.59e-07,PSDmax_proxy_mmag2d,,,,,prior,AZV264,-0.3979400086720376,-2.9318141382538383,5.44,False
AzV 251,Bowman2024_SMC,SMC,0.002,4.519827993775719,,,4.89,,,2.69,9.92e-05,,6.16e-06,PSDmax_proxy_mmag2d,,,,,prior,AZV251,0.42975228000240795,-4.0034883278458215,4.89,False
Cl* NGC 346 MPG 682,Bowman2024_SMC,SMC,0.002,4.541579243946581,,,4.89,,,0.73,0.00471,,2.99e-05,PSDmax_proxy_mmag2d,,,,,prior,CL*NGC346MPG682,-0.1366771398795441,-2.326979092871104,4.89,False
AzV 372,Bowman2024_SMC,SMC,0.002,4.447158031342219,,,5.62,,,0.48,0.000546,,2.5e-07,PSDmax_proxy_mmag2d,,,,,prior,AZV372,-0.3187587626244128,-3.2628073572952627,5.62,False
AzV 429,Bowman2024_SMC,SMC,0.002,4.583198773968623,,,5.13,,,1.03,0.000139,,6.14e-06,PSDmax_proxy_mmag2d,,,,,prior,AZV429,0.012837224705172217,-3.856985199745905,5.13,False
AzV 468,Bowman2024_SMC,SMC,0.002,4.540329474790874,,,4.76,,,7.78,4.66e-05,,1.07e-05,PSDmax_proxy_mmag2d,,,,,prior,AZV468,0.890979596989689,-4.33161408331,4.76,False
AzV 479,Bowman2024_SMC,SMC,0.002,4.4623979978989565,,,5.82,,,1.05,2.36e-05,,1.46e-07,PSDmax_proxy_mmag2d,,,,,prior,AZV479,0.021189299069938092,-4.627087997029894,5.82,False
AzV 472,Bowman2024_SMC,SMC,0.002,4.278753600952829,,,5.31,,,0.49,0.000254,,1.87e-07,PSDmax_proxy_mmag2d,,,,,prior,AZV472,-0.3098039199714863,-3.595166283380062,5.31,False
AzV 488,Bowman2024_SMC,SMC,0.002,4.439332693830263,,,5.74,,,0.56,0.000175,,7.58e-08,PSDmax_proxy_mmag2d,,,,,prior,AZV488,-0.25181197299379954,-3.7569619513137056,5.74,False
[M2002] SMC 81469,Bowman2024_SMC,SMC,0.002,4.491361693834273,,,4.9,,,1.99,4.21e-05,,2.5e-06,PSDmax_proxy_mmag2d,,,,,prior,[M2002]SMC81469,0.29885307640970665,-4.375717904164332,4.9,False
2dFS 3780,Bowman2024_SMC,SMC,0.002,4.505149978319906,,,4.85,,,1.39,1.58e-05,,2.39e-06,PSDmax_proxy_mmag2d,,,,,prior,2DFS3780,0.14301480025409505,-4.801342913045577,4.85,False
2dFS 163,Bowman2024_SMC,SMC,0.002,4.513217600067939,,,4.82,,,1.48,0.0004,,1.21e-05,PSDmax_proxy_mmag2d,,,,,prior,2DFS163,0.17026171539495738,-3.3979400086720375,4.82,False
2dFS 3954,Bowman2024_SMC,SMC,0.002,4.568201724066995,,,4.75,,,2.95,4.29e-05,,1.12e-05,PSDmax_proxy_mmag2d,,,,,prior,2DFS3954,0.46982201597816303,-4.367542707815276,4.75,False
AzV 461,Bowman2024_SMC,SMC,0.002,4.569373909615046,,,5.0,,,0.36,0.00576,,4.5e-06,PSDmax_proxy_mmag2d,,,,,prior,AZV461,-0.44369749923271273,-2.2395775165767877,5.0,False
AzV 456,Bowman2024_SMC,SMC,0.002,4.469822015978163,,,5.81,,,0.83,2.95e-05,,2.04e-07,PSDmax_proxy_mmag2d,,,,,prior,AZV456,-0.08092190762392612,-4.530177984021837,5.81,False
[L72] LH 9-89,Bowman2024_LMC,LMC,0.006,4.426511261364575,,,5.05,,,0.8,0.00989,,6.16e-06,PSDmax_proxy_mmag2d,,,,,prior,[L72]LH9-89,-0.09691001300805639,-2.0048037084028207,5.05,False
[ELS2006] N11 051,Bowman2024_LMC,LMC,0.006,4.617000341120899,,,5.42,,,2.5,3.67e-05,,1.64e-06,PSDmax_proxy_mmag2d,,,,,prior,[ELS2006]N11051,0.3979400086720376,-4.435333935747911,5.42,False
Sk -66 18,Bowman2024_LMC,LMC,0.006,4.60422605308447,,,5.55,,,2.87,1.55e-05,,5.69e-07,PSDmax_proxy_mmag2d,,,,,prior,SK-6618,0.4578818967339923,-4.809668301829708,5.55,False
[ELS2006] N11 046,Bowman2024_LMC,LMC,0.006,4.525044807036846,,,5.21,,,1.17,0.000443,,5.24e-06,PSDmax_proxy_mmag2d,,,,,prior,[ELS2006]N11046,0.06818586174616162,-3.3535962737769305,5.21,False
Sk -68 41,Bowman2024_LMC,LMC,0.006,4.389166084364533,,,5.56,,,0.42,0.000571,,9.05e-08,PSDmax_proxy_mmag2d,,,,,prior,SK-6841,-0.37675070960209955,-3.243363891754152,5.56,False
Sk -68 52,Bowman2024_LMC,LMC,0.006,4.389166084364533,,,5.76,,,0.32,0.00118,,8.9e-08,PSDmax_proxy_mmag2d,,,,,prior,SK-6852,-0.494850021680094,-2.9281179926938745,5.76,False
Sk -65 22,Bowman2024_LMC,LMC,0.006,4.525044807036846,,,5.86,,,0.67,0.000263,,1.29e-07,PSDmax_proxy_mmag2d,,,,,prior,SK-6522,-0.17392519729917355,-3.580044251510242,5.86,False
W61 28-5,Bowman2024_LMC,LMC,0.006,4.643452676486188,,,5.51,,,0.93,0.000161,,4.52e-06,PSDmax_proxy_mmag2d,,,,,prior,W6128-5,-0.03151705144606486,-3.7931741239681505,5.51,False
VFTS 72,Bowman2024_LMC,LMC,0.006,4.738780558484369,,,5.97,,,1.04,4.76e-05,,1.15e-06,PSDmax_proxy_mmag2d,,,,,prior,VFTS72,0.01703333929878037,-4.3223930472795065,5.97,False
Sk -66 17,Bowman2024_LMC,LMC,0.006,4.469822015978163,,,5.49,,,1.06,9.97e-05,,2.13e-07,PSDmax_proxy_mmag2d,,,,,prior,SK-6617,0.02530586526477026,-4.001304841688344,5.49,False
BI 237,Bowman2024_LMC,LMC,0.006,4.725911632295048,,,5.83,,,1.04,9.09e-06,,5.99e-07,PSDmax_proxy_mmag2d,,,,,prior,BI237,0.01703333929878037,-5.041436116778033,5.83,False
VFTS 244,Bowman2024_LMC,LMC,0.006,4.613313161455459,,,5.58,,,1.87,0.000494,,2.43e-05,PSDmax_proxy_mmag2d,,,,,prior,VFTS244,0.27184160653649897,-3.306273051076353,5.58,False
VFTS 355,Bowman2024_LMC,LMC,0.006,4.63748972951251,,,5.52,,,1.08,3.99e-05,,2.33e-06,PSDmax_proxy_mmag2d,,,,,prior,VFTS355,0.03342375548694973,-4.399027104313252,5.52,False
Sk -68 135,Bowman2024_LMC,LMC,0.006,4.439332693830263,,,5.97,,,0.24,0.00299,,6.42e-08,PSDmax_proxy_mmag2d,,,,,prior,SK-68135,-0.619788758288394,-2.5243288116755704,5.97,False
Sk -71 35,Bowman2024_LMC,LMC,0.006,4.361727836017593,,,5.34,,,0.35,0.00585,,4.76e-07,PSDmax_proxy_mmag2d,,,,,prior,SK-7135,-0.4559319556497244,-2.2328441339178196,5.34,False
Sk -66 100,Bowman2024_LMC,LMC,0.006,4.5910646070264995,,,5.59,,,2.75,1.6e-05,,3.99e-07,PSDmax_proxy_mmag2d,,,,,prior,SK-66100,0.43933269383026263,-4.795880017344075,5.59,False
BI 173,Bowman2024_LMC,LMC,0.006,4.537819095073274,,,5.6,,,2.42,1.34e-05,,3.21e-07,PSDmax_proxy_mmag2d,,,,,prior,BI173,0.38381536598043126,-4.872895201635193,5.6,False
RMC 109,Bowman2024_LMC,LMC,0.006,4.159867847092567,,,5.1,,,0.27,0.000841,,1.47e-07,PSDmax_proxy_mmag2d,,,,,prior,RMC109,-0.5686362358410126,-3.075204004202088,5.1,False
Sk -71 41,Bowman2024_LMC,LMC,0.006,4.477121254719663,,,5.5,,,0.77,0.000143,,2.55e-07,PSDmax_proxy_mmag2d,,,,,prior,SK-7141,-0.11350927482751812,-3.844663962534938,5.5,False
Sk -68 140,Bowman2024_LMC,LMC,0.006,4.371067862271736,,,5.64,,,0.48,0.000872,,2.78e-07,PSDmax_proxy_mmag2d,,,,,prior,SK-68140,-0.3187587626244128,-3.059483515067433,5.64,False
Sk -67 166,Bowman2024_LMC,LMC,0.006,4.6020599913279625,,,5.98,,,1.39,4.33e-05,,1.33e-07,PSDmax_proxy_mmag2d,,,,,prior,SK-67166,0.14301480025409505,-4.363512103646634,5.98,False
Sk -68 53,Ma2024_LMC_BSG,LMC,0.006,4.138933940256924,,,4.425,47.5,,0.235,864.67,2.6,7.0,amplitude_ppm,BSG,,,,prior,SK-6853,-0.6289321377282637,2.936850391252164,4.425,False
Sk -66 125,Ma2024_LMC_BSG,LMC,0.006,4.171141151028382,,,4.703,36.5,,0.256,727.4,2.8,27.1,amplitude_ppm,BSG,,,,prior,SK-66125,-0.5917600346881504,2.861773296718693,4.703,False
Sk -67 283,Ma2024_LMC_BSG,LMC,0.006,4.17260293120986,,,4.909,46.5,,0.184,1108.24,2.3,10.5,amplitude_ppm,BSG,,,,prior,SK-67283,-0.7351821769904635,3.0446338212125967,4.909,False
Sk -69 31,Ma2024_LMC_BSG,LMC,0.006,,,,,,,0.236,1021.72,4.1,47.7,amplitude_ppm,BSG,,,,prior,SK-6931,-0.6270879970298935,3.0093318947068677,,False
Sk -67 275,Ma2024_LMC_BSG,LMC,0.006,4.174931593528442,,,4.765,63.5,,0.195,889.66,2.2,1.6,amplitude_ppm,BSG,,,,prior,SK-67275,-0.7099653886374819,2.9492240646946035,4.765,False
Sk -66 142,Ma2024_LMC_BSG,LMC,0.006,,,,,,,0.277,953.07,3.0,17.2,amplitude_ppm,BSG,,,,prior,SK-66142,-0.5575202309355514,2.979124799376302,,False
HD 269639,Ma2024_LMC_BSG,LMC,0.006,4.041392685158225,,,4.674,26.5,,0.224,672.25,3.8,36.2,amplitude_ppm,BSG,,,,prior,HD269639,-0.6497519816658371,2.827530810895339,4.674,False
Sk -67 7,Ma2024_LMC_BSG,LMC,0.006,,,,,,,0.344,208.45,2.7,9.0,amplitude_ppm,BSG,,,,prior,SK-677,-0.46344155742846993,2.3190018994623163,,False
Sk -67 279,Ma2024_LMC_BSG,LMC,0.006,,,,,,,0.315,524.19,3.0,20.9,amplitude_ppm,BSG,,,,prior,SK-67279,-0.5016894462103995,2.7194887316311003,,False
Sk -70 31,Ma2024_LMC_BSG,LMC,0.006,4.0813473078041325,,,4.421,33.0,,0.321,472.39,3.2,14.3,amplitude_ppm,BSG,,,,prior,SK-7031,-0.4934949675951279,2.6743006954808792,4.421,False
Sk -68 152,Ma2024_LMC_BSG,LMC,0.006,4.041392685158225,,,4.191,34.0,,0.298,358.37,5.1,22.5,amplitude_ppm,BSG,,,,prior,SK-68152,-0.5257837359237448,2.5543316466938286,4.191,False
Sk -67 88,Ma2024_LMC_BSG,LMC,0.006,,,,,,,0.292,749.95,4.3,35.6,amplitude_ppm,BSG,,,,prior,SK-6788,-0.5346171485515817,2.875032309461098,,False
HD 269721,Ma2024_LMC_BSG,LMC,0.006,4.044539760392411,,,4.66,40.0,,0.2,896.16,3.9,43.3,amplitude_ppm,BSG,,,,prior,HD269721,-0.6989700043360187,2.9523855553246654,4.66,False
HD 269510,Ma2024_LMC_BSG,LMC,0.006,4.041392685158225,,,4.809,39.0,,0.117,331.78,2.5,16.0,amplitude_ppm,BSG,,,,prior,HD269510,-0.9318141382538383,2.5208502028112187,4.809,False
Sk -66 92,Ma2024_LMC_BSG,LMC,0.006,,,,,,,0.277,1143.31,3.4,30.0,amplitude_ppm,BSG,,,,prior,SK-6692,-0.5575202309355514,3.0581640020799745,,False
Sk -67 151,Ma2024_LMC_BSG,LMC,0.006,,,,,,,0.298,299.23,4.8,25.2,amplitude_ppm,BSG,,,,prior,SK-67151,-0.5257837359237448,2.476005132579179,,False
Sk -70 26,Ma2024_LMC_BSG,LMC,0.006,4.0655797147284485,,,4.387,39.5,,0.325,375.17,3.1,15.8,amplitude_ppm,BSG,,,,prior,SK-7026,-0.4881166390211256,2.57422810328016,4.387,False
Sk -67 171,Ma2024_LMC_BSG,LMC,0.006,,,,,,,0.345,662.57,4.4,35.0,amplitude_ppm,BSG,,,,prior,SK-67171,-0.4621809049267259,2.821231767903602,,False
Sk -67 133,Ma2024_LMC_BSG,LMC,0.006,4.220892249219519,,,5.162,53.5,,0.271,1004.97,2.7,9.4,amplitude_ppm,BSG,,,,prior,SK-67133,-0.5670307091255943,3.002153097548626,5.162,False
Sk -67 72,Ma2024_LMC_BSG,LMC,0.006,4.096214585346405,,,4.836,46.5,,0.301,721.37,3.4,21.8,amplitude_ppm,BSG,,,,prior,SK-6772,-0.5214335044061567,2.8581580771210024,4.836,False
HD 46150,Bowman2019_CoRoT,MW,0.014,4.623249290397901,4.0,3.8839382542463405,,100.0,94.0,2.0839762943999998,49205.559,1.877721,7.073,PSD_ppm2_uHz,O5 V((f))z,,,,prior,HD46150,0.3188927744788184,4.692014169975596,3.8839382542463405,False
HD 46223,Bowman2019_CoRoT,MW,0.014,4.633468455579586,4.0,3.924814914973082,,100.0,91.0,1.5329497536,160242.358,1.8082826,22.921,PSD_ppm2_uHz,O4 V((f)),,,,prior,HD46223,0.18552791996077864,5.204777327067182,3.924814914973082,False
HD 46966,Bowman2019_CoRoT,MW,0.014,4.544068044350276,3.8,3.76721327005584,,50.0,66.0,2.5982902656,18249.642,2.1927641,12.602,PSD_ppm2_uHz,O8.5 IV,,,,prior,HD46966,0.4146876662546088,4.261254349398,3.76721327005584,False
HD 45418,Bowman2019_CoRoT,MW,0.014,4.224014811372864,4.2,2.087000338146195,,237.0,,2.6445148704,3203.51,4.8896087,5.59,PSD_ppm2_uHz,B5 V,,,,prior,HD45418,0.42234601344783984,3.5056260840132363,2.087000338146195,False
HD 45517,Bowman2019_CoRoT,MW,0.014,4.0,,,,,,0.8821126368000001,327.068,4.0164748,8.393,PSD_ppm2_uHz,A0 V,,,,prior,HD45517,-0.05447595634501649,2.5146380552737018,,False
HD 45546,Bowman2019_CoRoT,MW,0.014,4.278753600952829,4.0,2.505955496466053,,61.0,,2.0871997056,34626.797,3.2662493,9.865,PSD_ppm2_uHz,B2 V,,,,prior,HD45546,0.31956400483483177,4.539412320900896,2.505955496466053,False
HD 46149,Bowman2019_CoRoT,MW,0.014,4.556302500767287,3.7,3.9161510957238845,,30.0,60.0,1.1703334464,4994.164,6.5129408,8.27,PSD_ppm2_uHz,O8 V,,,,prior,HD46149,0.06830961670315988,3.698462799754531,3.9161510957238845,False
HD 46179,Bowman2019_CoRoT,MW,0.014,4.041392685158225,4.0,1.5565118332876386,,152.0,,1.3099345056,21.717,2.2933918,1.987,PSD_ppm2_uHz,B9 V,,,,prior,HD46179,0.11724958224540176,1.3367998313481106,1.5565118332876386,False
HD 46202,Bowman2019_CoRoT,MW,0.014,4.525044807036846,4.2,3.2911203208021194,,15.0,34.0,2.752230096,537.336,3.0236231,7.858,PSD_ppm2_uHz,O9.2 V,,,,prior,HD46202,0.4396847396091743,2.730245938051664,3.2911203208021194,False
HD 46769,Bowman2019_CoRoT,MW,0.014,4.113943352306837,2.7,3.146714501882085,,72.0,23.0,2.0227148064,35.278,2.1318523,0.908,PSD_ppm2_uHz,B5 II,,,,prior,HD46769,0.3059346535379564,1.547503955893325,3.146714501882085,False
HD 48784,Bowman2019_CoRoT,MW,0.014,3.838849090737255,3.5,1.246337455603758,,110.0,,2.593795824,2299.504,4.0222079,3.192,PSD_ppm2_uHz,F0 V,,,,prior,HD48784,0.41393578670563047,3.3616341693683807,1.246337455603758,False
HD 49677,Bowman2019_CoRoT,MW,0.014,3.963787827345555,4.0,1.2460924020369577,,10.0,,0.9658590336,246.504,2.2987365,6.888,PSD_ppm2_uHz,B9 V,,,,prior,HD49677,-0.015086253912675145,2.39182397093103,1.2460924020369577,False
HD 50747,Bowman2019_CoRoT,MW,0.014,3.8976270912904414,3.5,1.4814494578165027,,70.0,,3.8310446016,2840.821,3.3346001,1.077,PSD_ppm2_uHz,A4 IV,,,,prior,HD50747,0.5833172081344763,3.453443869709784,1.4814494578165027,False
HD 51332,Bowman2019_CoRoT,MW,0.014,3.8260748027008264,4.1,0.5952403034580434,,,,1.5645839903999998,757.89,1.9357792,3.745,PSD_ppm2_uHz,F0 V,,,,prior,HD51332,0.19439888201603317,2.8796061767934265,0.5952403034580434,False
HD 51756,Bowman2019_CoRoT,MW,0.014,4.477121254719663,3.8,3.499426111533388,,28.0,,2.1228141311999997,6458.932,2.2164263,4.888,PSD_ppm2_uHz,B0.5 IV,,,,prior,HD51756,0.32691196998888916,3.8101607122904437,3.499426111533388,False
HD 52130,Bowman2019_CoRoT,MW,0.014,3.9138138523837167,,,,,,3.7586655072,2320.871,5.3152045,21.266,PSD_ppm2_uHz,A2 III/IV,,,,prior,HD52130,0.5750336785095086,3.3656510019185997,,False
HD 174589,Bowman2019_CoRoT,MW,0.014,3.845098040014257,3.5,1.271333252711765,,97.0,,0.7762934592,1856.345,1.4239502,2.688,PSD_ppm2_uHz,F2 III,,,,prior,HD174589,-0.10997407304734481,3.2686586926114867,1.271333252711765,False
HD 174966,Bowman2019_CoRoT,MW,0.014,3.8750612633917,4.2,0.6911861462215375,,126.0,,2.8641394368,401.056,1.2198259,4.006,PSD_ppm2_uHz,A7 III/IV,,,,prior,HD174966,0.45699415719682734,2.6032050179891493,0.6911861462215375,False
HD 174967,Bowman2019_CoRoT,MW,0.014,4.041392685158225,,,,,,1.3048242047999998,404.584,4.2063454,32.48,PSD_ppm2_uHz,B9.5 V,,,,prior,HD174967,0.11555200437309518,2.6070087038200844,,False
HD 174990,Bowman2019_CoRoT,MW,0.014,3.929418925714293,,,,,,2.0905908192,341.897,5.9565225,17.059,PSD_ppm2_uHz,A3 V,,,,prior,HD174990,0.32026903886594804,2.533895290064913,,False
HD 175272,Bowman2019_CoRoT,MW,0.014,3.8260748027008264,4.1,0.5952403034580434,,23.0,,0.8948955168,884.411,2.0133028,3.792,PSD_ppm2_uHz,F5 V,,,,prior,HD175272,-0.04822766761823946,2.9466541355457445,0.5952403034580434,False
HD 175542,Bowman2019_CoRoT,MW,0.014,3.929418925714293,,,,,,2.7363939264,147.397,2.6875427,17.831,PSD_ppm2_uHz,A1 V,,,,prior,HD175542,0.4371786178094143,2.1684886443323643,,False
HD 175640,Bowman2019_CoRoT,MW,0.014,4.079181246047625,4.0,1.7076660768452376,,5.0,,3.0387414816000002,23.213,2.8834658,1.496,PSD_ppm2_uHz,B9 V HgMn,,,,prior,HD175640,0.4826937544102404,1.3657312714016783,1.7076660768452376,False
HD 263425,Bowman2019_CoRoT,MW,0.014,3.9777236052888476,,,,,,0.2822923872,3155.639,1.2824296,25.1,PSD_ppm2_uHz,A0 V,,,,prior,HD263425,-0.549300833654752,3.499087314792347,,False
HD 47485,Bowman2019_CoRoT,MW,0.014,3.863322860120456,2.9,1.944232533136561,,40.0,,10.8635336352,31438.683,12.2180879,56.38,PSD_ppm2_uHz,A5 IV/V,,,,prior,HD47485,1.0359711133423006,4.497464344688852,1.944232533136561,False
HD 48977,Bowman2019_CoRoT,MW,0.014,4.301029995663981,4.2,2.3950610753106623,,25.0,8.0,2.9636132256,30314.154,3.2625348,7.38,PSD_ppm2_uHz,B2.5 V,,,,prior,HD48977,0.4718215242235741,4.4816454525558616,2.3950610753106623,False
HD 50844,Bowman2019_CoRoT,MW,0.014,3.8692317197309762,3.6,1.267867971578642,,58.0,,22.273957497599998,33248.802,6.638781,57.262,PSD_ppm2_uHz,A2 II,,,,prior,HD50844,1.3477973866198092,4.521776001694387,1.267867971578642,False
HD 50870,Bowman2019_CoRoT,MW,0.014,3.8808135922807914,3.9,1.0141954617779028,,38.0,,30.5961385536,4513.878,10.1627352,28.953,PSD_ppm2_uHz,A8 III,,,,prior,HD50870,1.485666618942884,3.654549816894423,1.0141954617779028,False
HD 51193,Bowman2019_CoRoT,MW,0.014,4.361727836017593,3.6,3.2378524367251096,,220.0,,2.1606264864,554739.578,3.0604732,88.077,PSD_ppm2_uHz,B1.5 IVe,,,,prior,HD51193,0.33457969565887236,5.74408915180606,3.2378524367251096,False
HD 51452,Bowman2019_CoRoT,MW,0.014,4.469822015978163,3.9,3.370229156567391,,320.0,,2.0372287104,880984.219,3.1299536,144.21,PSD_ppm2_uHz,B0I Ve,,,,prior,HD51452,0.3090397880030766,5.944968128999332,3.370229156567391,False
HD 51359,Bowman2019_CoRoT,MW,0.014,3.832508912706236,,,,,,26.197954415999998,2200.012,14.3801743,10.686,PSD_ppm2_uHz,F0 IV,,,,prior,HD51359,1.4182673821393652,3.342425049694738,,False
HD 51722,Bowman2019_CoRoT,MW,0.014,3.845098040014257,,,,,,19.4724126144,8629.083,6.2225653,11.397,PSD_ppm2_uHz,A9 V,,,,prior,HD51722,1.2894197635492244,3.9359646463293725,,False
HD 174532,Bowman2019_CoRoT,MW,0.014,3.8573324964312685,3.6,1.2202710783798112,,32.0,,34.815150431999996,1941.594,13.9727879,9.41,PSD_ppm2_uHz,A2 III/IV,,,,prior,HD174532,1.5417682760489062,3.2881584212498582,1.2202710783798112,False
HD 174936,Bowman2019_CoRoT,MW,0.014,3.9030899869919438,4.1,0.9033010406225127,,170.0,,54.29081566079999,625.629,17.018251,25.638,PSD_ppm2_uHz,A3 IV,,,,prior,HD174936,1.734726366509677,2.7963168715224933,0.9033010406225127,False
HD 175445,Bowman2019_CoRoT,MW,0.014,3.929418925714293,4.0,1.1086167955119086,,,,24.1789837536,280.216,3.6303503,4.03,PSD_ppm2_uHz,hA5mA2V,,,,prior,HD175445,1.3834380434445772,2.447492929355627,1.1086167955119086,False
BD +36 4145,Shen2024_Galactic,MW,0.014,4.553883026643875,3.86,3.75,,,,3.9699999999999998,208.88,1.9849999999999999,9.42,amplitude_umag,O8.5 V (n),25.4,0.58,2.0,Shen2024,BD+364145,0.5987905067631151,2.319896858814888,3.75,False
BD +62 2078,Shen2024_Galactic,MW,0.014,4.587710965018911,4.0,3.74,,38.0,,0.24,283.13,1.11,8.79,amplitude_umag,O7 V ((f))z,29.4,0.43,3.0,Shen2024,BD+622078,-0.619788758288394,2.4519858889489092,3.74,False
CPD -47 2963,Shen2024_Galactic,MW,0.014,4.569373909615046,3.51,4.16,,110.0,110.0,0.9450000000000001,1711.21,1.645,6.96,amplitude_umag,O5 I fc,59.6,0.63,2.0,Shen2024,CPD-472963,-0.024568191490737024,3.2333033095088486,4.16,True
HD 101190,Shen2024_Galactic,MW,0.014,4.599883072073688,3.88,3.91,,74.0,,4.08,149.41,2.26,3.75,amplitude_umag,O6 IV ((f)),38.6,0.51,1.0,Shen2024,HD101190,0.6106601630898799,2.174379665748987,3.91,False
HD 101223,Shen2024_Galactic,MW,0.014,4.546542663478131,3.62,3.96,,63.0,63.0,4.325,165.115,2.3049999999999997,4.275,amplitude_umag,O8 V,35.2,0.7,2.0,Shen2024,HD101223,0.6359861118008331,2.2177865288734293,3.96,False
HD 135591,Shen2024_Galactic,MW,0.014,4.544068044350276,3.58,3.99,,60.0,60.0,3.77,224.505,2.12,3.965,amplitude_umag,O8 IV ((f)),37.4,0.71,2.0,Shen2024,HD135591,0.5763413502057929,2.3512260177145254,3.99,True
HD 14434,Shen2024_Galactic,MW,0.014,4.586587304671755,3.96,3.78,,,172.0,5.49,410.14,2.49,10.03,amplitude_umag,O5.5 IV nn(f)p,25.0,0.56,1.0,Shen2024,HD14434,0.7395723444500919,2.612932127083471,3.78,False
HD 149038,Shen2024_Galactic,MW,0.014,4.474216264076255,3.18,4.11,,90.0,79.0,0.49,3354.41,1.66,3.94,amplitude_umag,O9.7 Iab,42.4,0.81,1.0,Shen2024,HD149038,-0.3098039199714863,3.5256161440945175,4.11,False
HD 150574,Shen2024_Galactic,MW,0.014,4.519827993775719,3.6,3.87,,,,0.14,3438.51,0.87,10.49,amplitude_umag,ON9 III (n),27.8,0.73,1.0,Shen2024,HD150574,-0.8538719643217619,3.5363702917109054,3.87,True
HD 152003,Shen2024_Galactic,MW,0.014,4.478566495593843,3.18,4.12,,83.0,83.0,0.3,7939.32,1.36,23.47,amplitude_umag,O9.7 Iab Nwk,42.4,0.8,1.0,Shen2024,HD152003,-0.5228787452803376,3.89978330684846,4.12,True
HD 156154,Shen2024_Galactic,MW,0.014,4.534026106056135,3.31,4.22,,102.0,102.0,0.62,2497.53,1.61,9.91,amplitude_umag,O7.5 Ib (f),64.4,0.66,1.0,Shen2024,HD156154,-0.20760831050174613,3.397510713617222,4.22,True
HD 15629,Shen2024_Galactic,MW,0.014,4.6211762817750355,3.79,4.08,,64.0,71.0,3.49,438.36,2.17,9.66,amplitude_umag,O4.5 V ((fc)),56.2,0.49,1.0,Shen2024,HD15629,0.5428254269591799,2.6418309182595414,4.08,False
HD 156738,Shen2024_Galactic,MW,0.014,4.578639209968072,3.83,3.87,,103.0,103.0,4.03,300.61,2.295,9.879999999999999,amplitude_umag,O6.5 III (f),31.2,0.58,2.0,Shen2024,HD156738,0.6053050461411095,2.478003423598137,3.87,True
HD 188209,Shen2024_Galactic,MW,0.014,4.478566495593843,3.04,4.26,,93.0,76.0,0.255,10333.025,1.44,15.120000000000001,amplitude_umag,O9.5 Iab,58.2,0.72,2.0,Shen2024,HD188209,-0.5934598195660448,4.014227480134309,4.26,False
HD 191978,Shen2024_Galactic,MW,0.014,4.553883026643875,3.81,3.8,,82.0,81.0,1.435,179.64,1.4449999999999998,6.93,amplitude_umag,O8 V,28.4,0.62,2.0,Shen2024,HD191978,0.15685190107001115,2.254403046390677,3.8,False
HD 192001,Shen2024_Galactic,MW,0.014,4.518513939877887,3.83,3.63,,57.0,69.0,1.04,242.42,1.25,7.14,amplitude_umag,O9.5 IV,22.0,0.64,1.0,Shen2024,HD192001,0.01703333929878037,2.3845684468941206,3.63,False
HD 193595,Shen2024_Galactic,MW,0.014,4.578639209968072,3.79,3.91,,61.0,,2.615,223.33,1.565,8.19,amplitude_umag,O7 V ((f)),35.8,0.6,2.0,Shen2024,HD193595,0.4174716932032931,2.3489470659255978,3.91,False
HD 207198,Shen2024_Galactic,MW,0.014,4.519827993775719,3.31,4.16,,97.0,83.0,1.37,866.89,1.79,7.72,amplitude_umag,O8.5 II ((f)),52.4,0.73,3.0,Shen2024,HD207198,0.1367205671564068,2.937963993181159,4.16,False
HD 209975,Shen2024_Galactic,MW,0.014,4.505149978319906,3.3,4.11,,104.0,92.0,0.92,1155.35,1.72,5.0,amplitude_umag,O9 Ib,45.0,0.77,3.0,Shen2024,HD209975,-0.036212172654444715,3.062713568680587,4.11,False
HD 210839,Shen2024_Galactic,MW,0.014,4.553883026643875,3.47,4.14,,,51.0,1.85,751.0,2.29,7.07,amplitude_umag,O6.5 I (n)fp,51.8,0.71,3.0,Shen2024,HD210839,0.26717172840301384,2.8756399370041685,4.14,False
HD 214680,Shen2024_Galactic,MW,0.014,4.546542663478131,3.89,3.69,,43.0,41.0,0.23,107.76,1.1,1.94,amplitude_umag,O9 V,25.0,0.56,1.0,Shen2024,HD214680,-0.638272163982407,2.032457582714929,3.69,False
HD 216532,Shen2024_Galactic,MW,0.014,4.547774705387822,4.04,3.54,,54.0,30.0,2.785,78.345,1.8900000000000001,7.005,amplitude_umag,O8.5 V (n),23.0,0.37,2.0,Shen2024,HD216532,0.44482519950974775,1.894011284892675,3.54,False
HD 217086,Shen2024_Galactic,MW,0.014,4.576341350205793,4.0,3.7,,,59.0,4.87,233.62,2.03,7.11,amplitude_umag,O7 V nn((f))z,27.2,0.46,3.0,Shen2024,HD217086,0.6875289612146344,2.368510019595464,3.7,False
HD 218915,Shen2024_Galactic,MW,0.014,4.492760389026838,3.22,4.14,,88.0,93.0,0.645,4272.76,1.68,10.82,amplitude_umag,O9.2 Iab,47.0,0.78,2.0,Shen2024,HD218915,-0.19044028536473223,3.630708499275678,4.14,False
HD 225146,Shen2024_Galactic,MW,0.014,4.451786435524291,3.11,4.09,,88.0,94.0,0.11499999999999999,16275.175,1.2349999999999999,19.985,amplitude_umag,O9.7 Iab,36.4,0.85,2.0,Shen2024,HD225146,-0.9393021596463883,4.211525667048262,4.09,False
HD 228841,Shen2024_Galactic,MW,0.014,4.576341350205793,3.88,3.82,,,117.0,5.0649999999999995,254.57999999999998,2.15,9.05,amplitude_umag,O6.5 V n((f)),29.0,0.56,2.0,Shen2024,HD228841,0.7045794496962992,2.4058242821502596,3.82,False
HD 34078,Shen2024_Galactic,MW,0.014,4.537819095073274,4.07,3.47,,32.0,31.0,0.25,163.36,1.47,3.74,amplitude_umag,O9.5 V,20.4,0.38,1.0,Shen2024,HD34078,-0.6020599913279624,2.213145724742835,3.47,False
HD 34656,Shen2024_Galactic,MW,0.014,4.556302500767287,3.5,4.12,,77.0,87.0,2.08,854.25,1.79,8.66,amplitude_umag,O7.5 II (f),51.0,0.68,1.0,Shen2024,HD34656,0.31806333496276157,2.9315849874708,4.12,False
HD 36861,Shen2024_Galactic,MW,0.014,4.546542663478131,3.52,4.06,,77.0,75.0,0.8,246.9,1.18,1.2,amplitude_umag,O8 III ((f)),43.4,0.7,1.0,Shen2024,HD36861,-0.09691001300805639,2.3925210899319325,4.06,True
HD 38666,Shen2024_Galactic,MW,0.014,4.5301996982030825,3.92,3.59,,56.0,56.0,2.415,47.215,1.7149999999999999,2.21,amplitude_umag,O9.5 V,22.0,0.54,4.0,Shen2024,HD38666,0.38291713508753095,1.67407999402218,3.59,True
HD 41161,Shen2024_Galactic,MW,0.014,4.546542663478131,3.84,3.74,,,16.0,5.86,221.85,2.39,5.12,amplitude_umag,O8 V n,26.4,0.61,1.0,Shen2024,HD41161,0.7678976160180907,2.3460594330525737,3.74,False
HD 46056,Shen2024_Galactic,MW,0.014,4.550228353055094,4.01,3.58,,,,6.945,64.1,2.31,7.155,amplitude_umag,O8 V n,23.4,0.49,2.0,Shen2024,HD46056,0.8416722500736344,1.8068580295188175,3.58,True
HD 46150,Shen2024_Galactic,MW,0.014,4.613841821876069,3.81,4.04,,112.0,94.0,5.21,140.92,2.15,4.79,amplitude_umag,O5 V ((f))z,50.6,0.51,1.0,Shen2024,HD46150,0.7168377232995244,2.148972634509205,4.04,True
HD 46223,Shen2024_Galactic,MW,0.014,4.625312450961673,3.73,4.16,,112.0,91.0,5.46,225.8,2.3,6.734999999999999,amplitude_umag,O4 V ((f)),72.2,0.47,2.0,Shen2024,HD46223,0.7371926427047373,2.353723937588949,4.16,True
HD 46485,Shen2024_Galactic,MW,0.014,4.557507201905658,3.88,3.74,,,114.0,2.485,720.44,2.16,7.975,amplitude_umag,O7 V ((f))n var?,27.6,0.57,2.0,Shen2024,HD46485,0.3953263930693509,2.857597817552566,3.74,False
HD 47432,Shen2024_Galactic,MW,0.014,4.463892988985907,3.04,4.21,,63.0,68.0,0.27,6386.69,1.5,4.36,amplitude_umag,O9.7 Ib,53.0,0.79,1.0,Shen2024,HD47432,-0.5686362358410126,3.8052758366908277,4.21,False
HD 48279,Shen2024_Galactic,MW,0.014,4.558708570533166,3.86,3.76,,74.0,74.0,3.7649999999999997,165.48,2.08,4.845000000000001,amplitude_umag,O8.5 V Nstr var?,28.2,0.57,2.0,Shen2024,HD48279,0.5757649805367193,2.2187455122234745,3.76,True
HD 55879,Shen2024_Galactic,MW,0.014,4.494154594018442,3.51,3.86,,61.0,60.0,2.8899999999999997,136.695,1.81,2.6799999999999997,amplitude_umag,O9.7 III,27.8,0.8,2.0,Shen2024,HD55879,0.4608978427565478,2.135752629329177,3.86,True
HD 5689,Shen2024_Galactic,MW,0.014,4.565847818673518,3.72,3.93,,,,4.4,394.02,2.52,10.54,amplitude_umag,O7 V n((f)),34.2,0.65,3.0,Shen2024,HD5689,0.6434526764861874,2.5955182666712378,3.93,False
HD 57682,Shen2024_Galactic,MW,0.014,4.544068044350276,4.13,3.44,,34.0,38.0,1.115,242.60000000000002,1.3900000000000001,4.445,amplitude_umag,O9.2 IV,21.0,0.25,2.0,Shen2024,HD57682,0.04727486738417948,2.3848907965305544,3.44,True
HD 64568,Shen2024_Galactic,MW,0.014,4.671172842715083,3.93,4.14,,53.0,53.0,5.18,119.97,2.08,12.58,amplitude_umag,O3 V ((f*))z,79.4,0.28,1.0,Shen2024,HD64568,0.714329759745233,2.079072658853184,4.14,False
HD 68450,Shen2024_Galactic,MW,0.014,4.48572142648158,3.31,4.02,,77.0,75.0,2.315,662.8149999999999,1.9,3.7800000000000002,amplitude_umag,O9.7 II,32.2,0.81,2.0,Shen2024,HD68450,0.36455099535397195,2.8213923282679914,4.02,False
HD 74920,Shen2024_Galactic,MW,0.014,4.54282542695918,3.66,3.9,,,,3.055,789.99,1.9649999999999999,6.375,amplitude_umag,O7.5 IV n((f)),31.8,0.7,2.0,Shen2024,HD74920,0.48501121457857305,2.8976215938571426,3.9,True
HD 76556,Shen2024_Galactic,MW,0.014,4.578639209968072,3.9,3.8,,,,0.81,1487.44,1.37,5.63,amplitude_umag,O6 IV (n)((f))p,31.6,0.51,1.0,Shen2024,HD76556,-0.09151498112135022,3.172439456286664,3.8,False
HD 90273,Shen2024_Galactic,MW,0.014,4.585460729508501,3.78,3.95,,55.0,55.0,3.125,203.365,1.815,9.3,amplitude_umag,ON7 V ((f)),36.8,0.58,4.0,Shen2024,HD90273,0.494850021680094,2.308276211050782,3.95,True
HD 91572,Shen2024_Galactic,MW,0.014,4.588831725594207,3.84,3.91,,57.0,57.0,0.33999999999999997,2486.61,1.325,9.96,amplitude_umag,O6.5 V ((f))z,36.2,0.56,2.0,Shen2024,HD91572,-0.4685210829577449,3.395607675849097,3.91,False
HD 92504,Shen2024_Galactic,MW,0.014,4.54282542695918,3.7,3.86,,63.0,,3.465,112.25,1.935,7.39,amplitude_umag,O8.5 V (n),30.6,0.68,2.0,Shen2024,HD92504,0.5397032389478256,2.0501863496753607,3.86,False
HD 93222,Shen2024_Galactic,MW,0.014,4.565847818673518,3.63,4.02,,90.0,,2.465,280.885,1.82,7.69,amplitude_umag,O7 V ((f)),38.6,0.65,2.0,Shen2024,HD93222,0.39181692361324877,2.4485285473497838,4.02,False
HD 93250,Shen2024_Galactic,MW,0.014,4.653212513775344,3.86,4.14,,84.0,,4.904999999999999,202.025,2.45,5.055,amplitude_umag,O4 IV (fc),74.2,0.35,2.0,Shen2024,HD93250,0.6906390117159673,2.305405115437894,4.14,False
HD 93843,Shen2024_Galactic,MW,0.014,4.571708831808688,3.53,4.15,,120.0,120.0,2.12,780.3199999999999,1.75,7.41,amplitude_umag,O5 III (fc),55.6,0.63,2.0,Shen2024,HD93843,0.32633586092875144,2.892272738247491,4.15,True
HD 96715,Shen2024_Galactic,MW,0.014,4.6551384348113825,3.91,4.1,,86.0,86.0,7.09,115.62,2.23,7.25,amplitude_umag,O4 V ((f))z,57.6,0.34,3.0,Shen2024,HD96715,0.8506462351830665,2.0630329650390964,4.1,True
HD 97848,Shen2024_Galactic,MW,0.014,4.551449997972875,3.67,3.93,,77.0,77.0,1.69,272.05,1.49,9.27,amplitude_umag,O8 V,33.6,0.68,3.0,Shen2024,HD97848,0.22788670461367352,2.4346487302419235,3.93,False
HD 99546,Shen2024_Galactic,MW,0.014,4.568201724066995,3.71,3.95,,60.0,,2.3,186.45,1.55,6.74,amplitude_umag,O7.5 V ((f)) Nstr,37.0,0.65,3.0,Shen2024,HD99546,0.36172783601759284,2.2705623876973258,3.95,False
HDE 242926,Shen2024_Galactic,MW,0.014,4.5910646070264995,4.07,3.68,,52.0,52.0,0.28,240.99,1.08,11.62,amplitude_umag,O7 V z,29.4,0.29,1.0,Shen2024,HD242926,-0.5528419686577808,2.381999021683067,3.68,False
HDE 303308,Shen2024_Galactic,MW,0.014,4.613841821876069,3.9,3.95,,67.0,,0.71,323.82,1.35,1.7,amplitude_umag,O4.5 V ((fc)),41.8,0.48,1.0,Shen2024,HD303308,-0.14874165128092473,2.5103036684488576,3.95,False
HD 155913,Shen2024_Galactic,MW,0.014,4.628388930050312,4.02,3.88,,,,4.970000000000001,268.58,1.9100000000000001,9.34,amplitude_umag,O4.5 V n((f)),38.2,0.37,2.0,Shen2024,HD155913,0.6963563887333322,2.4290736694904385,3.88,True
HD 192281,Shen2024_Galactic,MW,0.014,4.61066016308988,3.82,4.01,,,0.0,5.18,341.1,2.45,4.67,amplitude_umag,O4.5 IV (n)(f),38.6,0.79,5.0,Shen2024,HD192281,0.714329759745233,2.5328817194073974,4.01,False
HD 206183,Shen2024_Galactic,MW,0.014,4.528916700277655,4.04,3.47,,29.0,27.0,0.44,63.349999999999994,1.6400000000000001,4.26,amplitude_umag,O9.5 IV-V,20.0,0.42,2.0,Shen2024,HD206183,-0.3565473235138126,1.80174661921946,3.47,False
HD 210809,Shen2024_Galactic,MW,0.014,4.489958479424835,3.12,4.23,,105.0,112.0,0.435,5514.71,1.58,5.130000000000001,amplitude_umag,O9 Iab,60.4,0.71,2.0,Shen2024,HD210809,-0.3615107430453627,3.7415226792945746,4.23,False
HD 207538,Shen2024_Galactic,MW,0.014,4.505149978319906,3.8,3.61,,50.0,42.0,0.405,298.135,1.32,4.205,amplitude_umag,O9.7 IV,20.6,0.68,2.0,Shen2024,HD207538,-0.3925449767853314,2.474412963669667,3.61,False
BD +60 2522,Shen2024_Galactic,MW,0.014,4.558708570533166,3.55,4.07,,,,1.3900000000000001,2047.295,1.98,7.015000000000001,amplitude_umag,O6.5 ... (n)fp,35.4,0.7,2.0,Shen2024,BD+602522,0.14301480025409513,3.311180425779933,4.07,False
HD 225160,Shen2024_Galactic,MW,0.014,4.521138083704036,3.35,4.12,,103.0,107.0,0.8699999999999999,3203.0150000000003,1.8450000000000002,6.6,amplitude_umag,O8 Iab f,36.8,0.75,2.0,Shen2024,HD225160,-0.06048074738138153,3.50555897250771,4.12,False
BD +60 261,Shen2024_Galactic,MW,0.014,4.544068044350276,3.5,4.07,,92.0,111.0,1.53,641.62,2.04,7.78,amplitude_umag,O7.5 III (n)((f)),43.0,0.71,1.0,Shen2024,BD+60261,0.1846914308175988,2.8072778929230244,4.07,False
HD 13022,Shen2024_Galactic,MW,0.014,4.477121254719663,3.24,4.06,,131.0,86.0,1.83,1134.29,2.04,8.81,amplitude_umag,O9.7 II-III,37.8,0.82,1.0,Shen2024,HD13022,0.26245108973042947,3.05472410332088,4.06,False
HD 12993,Shen2024_Galactic,MW,0.014,4.593286067020458,3.89,3.87,,79.0,80.0,3.46,147.66,1.71,8.26,amplitude_umag,O6.5 V ((f)) Nstr,35.6,0.51,1.0,Shen2024,HD12993,0.5390760987927766,2.169262864086446,3.87,False
HD 13268,Shen2024_Galactic,MW,0.014,4.534026106056135,3.61,3.92,,,47.0,4.53,363.98,2.44,8.77,amplitude_umag,ON8.5 III n,32.6,0.72,1.0,Shen2024,HD13268,0.6560982020128319,2.561077520659303,3.92,False
HD 14442,Shen2024_Galactic,MW,0.014,4.592176757395867,3.62,4.14,,,,4.08,608.57,2.6,8.46,amplitude_umag,O5 ... n(f)p,35.0,0.69,1.0,Shen2024,HD14442,0.6106601630898799,2.784310539616651,4.14,False
BD +62 424,Shen2024_Galactic,MW,0.014,4.587710965018911,3.8,3.94,,65.0,85.0,2.525,1827.21,1.8900000000000001,10.46,amplitude_umag,O6.5 V (n)((f)),36.8,0.57,2.0,Shen2024,BD+62424,0.4022613824546802,3.261788463389821,3.94,False
HD 13745,Shen2024_Galactic,MW,0.014,4.477121254719663,3.29,4.01,,57.0,14.0,1.34,1694.79,2.01,6.32,amplitude_umag,O9.7 II (n),33.4,0.83,1.0,Shen2024,HD13745,0.12710479836480765,3.229115892809698,4.01,False
BD +60 498,Shen2024_Galactic,MW,0.014,4.515873843711679,3.99,3.46,,40.0,,0.26,168.7,1.38,8.06,amplitude_umag,O9.7 II-III,19.2,0.48,1.0,Shen2024,BD+60498,-0.585026652029182,2.2271150825891253,3.46,False
BD +60 499,Shen2024_Galactic,MW,0.014,4.534026106056135,3.87,3.66,,38.0,30.0,0.53,64.41,1.56,7.96,amplitude_umag,O9.5 V,22.4,0.61,1.0,Shen2024,BD+60499,-0.27572413039921095,1.8089532991559112,3.66,False
BD +60 501,Shen2024_Galactic,MW,0.014,4.578639209968072,3.89,3.81,,87.0,,2.38,463.81,2.1,6.7,amplitude_umag,O7 V (n)((f))z,30.8,0.53,1.0,Shen2024,BD+60501,0.37657695705651195,2.666340108032026,3.81,False
HD 14947,Shen2024_Galactic,MW,0.014,4.592176757395867,3.65,4.11,,22.0,22.0,1.0,2574.9,1.82,8.34,amplitude_umag,O4.5 I f,48.2,0.59,1.0,Shen2024,HD14947,0.0,3.4107603672445874,4.11,False
HD 15642,Shen2024_Galactic,MW,0.014,4.47567118832443,3.52,3.77,,,243.0,3.13,594.69,2.14,7.92,amplitude_umag,O9.5 II-III n,23.4,0.81,1.0,Shen2024,HD15642,0.49554433754644844,2.774290635688897,3.77,False
HD 18409,Shen2024_Galactic,MW,0.014,4.477121254719663,3.15,4.15,,102.0,88.0,0.8,3571.3450000000003,1.7,7.17,amplitude_umag,O9.7 Ib,46.2,0.79,2.0,Shen2024,HD18409,-0.09691001300805639,3.552831806048001,4.15,False
HD 16832,Shen2024_Galactic,MW,0.014,4.505149978319906,3.37,4.04,,70.0,60.0,3.57,322.28,2.37,7.22,amplitude_umag,O9.2 III,38.0,0.78,1.0,Shen2024,HD16832,0.5526682161121932,2.508233354972011,4.04,False
HD 24431,Shen2024_Galactic,MW,0.014,4.54282542695918,3.77,3.79,,81.0,51.0,4.19,211.67,2.35,2.94,amplitude_umag,O9 III,27.6,0.66,1.0,Shen2024,HD24431,0.6222140229662954,2.3256593098016407,3.79,False
HD 46573,Shen2024_Galactic,MW,0.014,4.565847818673518,3.72,3.93,,81.0,81.0,4.0600000000000005,281.76,2.08,5.385,amplitude_umag,O7 V ((f))z,33.8,0.63,2.0,Shen2024,HD46573,0.6085260335771941,2.4498793386232016,3.93,True
HD 54879,Shen2024_Galactic,MW,0.014,4.525044807036846,4.09,3.4,,8.0,10.0,0.53,78.225,2.015,5.105,amplitude_umag,O9.7 V,19.2,0.35,2.0,Shen2024,HD54879,-0.27572413039921095,1.8933455718182308,3.4,True
BD +39 1328,Shen2024_Galactic,MW,0.014,4.515873843711679,3.42,4.03,,37.0,,0.36,5915.69,1.47,10.2,amplitude_umag,O8.5 Iab (n)(f),39.2,0.76,1.0,Shen2024,BD+391328,-0.44369749923271273,3.7720054075802856,4.03,False
HD 36483,Shen2024_Galactic,MW,0.014,4.523746466811565,3.86,3.62,,74.0,72.0,2.56,169.54,1.86,5.23,amplitude_umag,O9.5 IV (n),21.6,0.59,1.0,Shen2024,HD36483,0.4082399653118496,2.22927217882129,3.62,False
HDE 344783,Shen2024_Galactic,MW,0.014,4.471291711058939,3.62,3.67,,,,0.255,187.63500000000002,1.15,11.525,amplitude_umag,O9.7 III,21.2,0.79,2.0,Shen2024,HD344783,-0.5934598195660448,2.2733138515755824,3.67,False
Cyg X-1,Shen2024_Galactic,MW,0.014,4.442479769064448,3.08,4.09,,,81.0,0.35,5491.73,1.53,5.775,amplitude_umag,O9.7 Iab,39.6,0.84,2.0,Shen2024,CYGX-1,-0.4559319556497244,3.739709177072986,4.09,False
HD 191612,Shen2024_Galactic,MW,0.014,4.556302500767287,3.75,3.89,,45.0,69.0,2.47,247.73,2.0,6.0,amplitude_umag,O8,33.2,0.66,5.0,Shen2024,HD191612,0.39269695325966575,2.3939786026517718,3.89,False
BD +36 4063,Shen2024_Galactic,MW,0.014,4.44870631990508,3.13,4.04,,,,0.18,10709.19,1.27,8.35,amplitude_umag,O9.7 Ib,35.4,0.86,3.0,Shen2024,BD+364063,-0.744727494896694,4.029756623788573,4.04,False
HD 229232,Shen2024_Galactic,MW,0.014,4.632457292184724,3.81,4.11,,,,6.225,239.51,2.535,7.23,amplitude_umag,O4 V: n((f)),36.4,0.6,2.0,Shen2024,HD229232,0.794139355767774,2.3793236507533155,4.11,False
HDE 229196,Shen2024_Galactic,MW,0.014,4.583198773968623,3.55,4.18,,,25.0,2.71,440.54,2.02,4.33,amplitude_umag,O6 II,64.8,0.59,1.0,Shen2024,HD229196,0.4329692908744057,2.643985347459971,4.18,False
Cyg OB2-5,Shen2024_Galactic,MW,0.014,4.552668216112194,3.44,4.14,,,,0.25,5858.33,1.35,5.46,amplitude_umag,O7 Ia,54.6,0.68,3.0,Shen2024,CYGOB2-5,-0.6020599913279624,3.767773831862893,4.14,False
Cyg OB2-24,Shen2024_Galactic,MW,0.014,4.570542939881897,3.95,3.73,,,,3.05,359.51,2.76,6.9350000000000005,amplitude_umag,O8 V,29.0,0.5,2.0,Shen2024,CYGOB2-24,0.48429983934678583,2.5557109750649865,3.73,False
CYG OB2-11,Shen2024_Galactic,MW,0.014,4.571708831808688,3.63,4.05,,85.0,85.0,1.56,1504.3,2.35,6.43,amplitude_umag,O5.5 I fc,37.0,0.64,3.0,Shen2024,CYGOB2-11,0.1931245983544616,3.1773344555057,4.05,False
HD 203064,Shen2024_Galactic,MW,0.014,4.547774705387822,3.69,3.89,,,44.0,2.43,544.625,2.0700000000000003,4.5,amplitude_umag,O7.5 III n((f)),32.0,0.69,4.0,Shen2024,HD203064,0.38560627359831223,2.73609757294381,3.89,False
HD 108,Shen2024_Galactic,MW,0.014,4.544068044350276,3.5,4.04,,45.0,84.0,1.12,373.14,1.63,4.8100000000000005,amplitude_umag,O8,41.2,0.71,4.0,Shen2024,HD108,0.04921802267018165,2.5718718071971667,4.04,False
BD +60 586,Shen2024_Galactic,MW,0.014,4.5843312243675305,4.1,3.63,,77.0,,0.24000000000000002,344.83000000000004,1.335,5.63,amplitude_umag,O7 V z,27.4,0.24,2.0,Shen2024,BD+60586,-0.619788758288394,2.5376050421517773,3.63,False
HD 15137,Shen2024_Galactic,MW,0.014,4.472756449317212,3.5,3.48,,,145.0,2.37,989.99,2.17,6.39,amplitude_umag,O9.5 II-III,16.0,0.8,1.0,Shen2024,HD15137,0.37474834601010387,2.9956308077624456,3.48,False
HD 16691,Shen2024_Galactic,MW,0.014,4.598790506763115,3.74,4.05,,88.0,88.0,2.34,1265.77,2.38,6.96,amplitude_umag,O4 I f,42.4,0.58,1.0,Shen2024,HD16691,0.3692158574101428,3.1023547982520574,4.05,False
HD 17603,Shen2024_Galactic,MW,0.014,4.52244423350632,3.26,4.22,,108.0,115.0,0.88,2986.24,1.9,7.55,amplitude_umag,O7.5 Ib (f),55.2,0.69,1.0,Shen2024,HD17603,-0.05551732784983137,3.475124708441621,4.22,False
HD 14633,Shen2024_Galactic,MW,0.014,4.544068044350276,3.79,3.78,,69.0,84.0,4.19,189.27,2.07,5.0,amplitude_umag,ON8.5 V,27.4,0.64,1.0,Shen2024,HD14633,0.6222140229662954,2.277081782125646,3.78,False
HD 237211,Shen2024_Galactic,MW,0.014,4.487138375477186,3.09,4.25,,82.0,86.0,0.67,3358.48,1.7,8.2,amplitude_umag,O9 Ib,60.4,0.71,1.0,Shen2024,HD237211,-0.17392519729917355,3.5261427663862372,4.25,False
HDE 305524,Shen2024_Galactic,MW,0.014,4.606381365110605,3.92,3.89,,,,2.3949999999999996,304.73,1.835,12.399999999999999,amplitude_umag,O6.5 V,39.2,0.48,4.0,Shen2024,HD305524,0.37930551775058197,2.4839152116664085,3.89,False
HDE 305438,Shen2024_Galactic,MW,0.014,4.570542939881897,3.95,3.73,,,,0.215,260.39,1.445,9.615,amplitude_umag,O8 V,29.0,0.5,4.0,Shen2024,HD305438,-0.6675615400843947,2.415624301600413,3.73,False
HD 93190,Shen2024_Galactic,MW,0.014,4.488550716500444,3.92,3.43,,,,1.07,464.23,1.9,6.51,amplitude_umag,O9.7 V,18.0,0.59,5.0,Shen2024,HD93190,0.029383777685209667,2.6667332024996186,3.43,False
HD 91837,Shen2024_Galactic,MW,0.014,4.558708570533166,3.96,3.67,,,,4.45,148.26,2.28,9.24,amplitude_umag,O8.5 V,26.4,0.5,5.0,Shen2024,HD91837,0.6483600109809317,2.171023995785723,3.67,False
HD 92607,Shen2024_Galactic,MW,0.014,4.53655844257153,3.84,3.7,,,,2.78,102.12,1.88,7.81,amplitude_umag,O9 IV,24.8,0.62,1.0,Shen2024,HD92607,0.4440447959180762,2.0091108061322127,3.7,False
HD 36512,Shen2024_Galactic,MW,0.014,4.518513939877887,4.02,3.44,,33.0,33.0,0.375,59.705,1.6,2.175,amplitude_umag,O9.7 V,19.0,0.46,2.0,Shen2024,HD36512,-0.42596873227228116,1.77601070267848,3.44,False
BN Gem,Shen2024_Galactic,MW,0.014,4.570542939881897,3.95,3.73,,,,0.9450000000000001,1650.94,1.52,4.655,amplitude_umag,O8 V,29.0,0.5,2.0,Shen2024,BNGEM,-0.024568191490737024,3.217731290014814,3.73,False
HD 69106,Shen2024_Galactic,MW,0.014,4.456366033129043,3.3,3.93,,,,3.5,700.1800000000001,2.46,16.195,amplitude_umag,O9.7 II,29.2,0.86,2.0,Shen2024,HD69106,0.5440680443502757,2.8452097013823283,3.93,False
HD 37737,Shen2024_Galactic,MW,0.014,4.477121254719663,3.5,3.8,,,,0.68,6643.65,1.74,6.71,amplitude_umag,O9.5 II-III (n),24.4,0.81,1.0,Shen2024,HD37737,-0.16749108729376366,3.8224067449303956,3.8,False
HD 39680,Shen2024_Galactic,MW,0.014,4.6180480967120925,3.91,3.95,,,31.0,1.47,450.42,1.55,4.59,amplitude_umag,O6 V,44.4,0.46,3.0,Shen2024,HD39680,0.1673173347481761,2.653617666250029,3.95,False
SS 215,Shen2024_Galactic,MW,0.014,4.691081492122969,4.06,4.08,,,,2.245,866.4000000000001,2.55,32.635,amplitude_umag,O2 Ia,81.2,0.11,2.0,Shen2024,SS215,0.351216345339342,2.937718443617264,4.08,False
{theta}^1^ Ori,Shen2024_Galactic,MW,0.014,4.595496221825574,3.03,3.84,,,56.0,0.53,748.74,1.4100000000000001,0.995,amplitude_umag,O7 V,35.2,0.49,2.0,Shen2024,{THETA}^1^ORI,-0.27572413039921095,2.874331035098442,3.84,False
{theta}^2^ Ori,Shen2024_Galactic,MW,0.014,4.501059262217751,3.9,3.51,,,47.0,0.475,606.28,1.1600000000000001,1.0150000000000001,amplitude_umag,O9.5 IV,19.4,0.6,2.0,Shen2024,{THETA}^2^ORI,-0.3233063903751334,2.7826732419395652,3.51,False
ALS 8294,Shen2024_Galactic,MW,0.014,4.620136054973758,3.97,3.9,,87.0,,1.125,252.05,1.43,10.32,amplitude_umag,O7 V (n)z,36.2,0.41,4.0,Shen2024,ALS8294,0.05115252244738129,2.4014867017741692,3.9,False
HDE 227245,Shen2024_Galactic,MW,0.014,4.57978359661681,3.8,3.91,,71.0,,5.56,109.27,2.32,8.41,amplitude_umag,O7 V ((f))z,35.2,0.59,3.0,Shen2024,HD227245,0.7450747915820575,2.0385009430766745,3.91,False
HDE 344777,Shen2024_Galactic,MW,0.014,4.553883026643875,3.62,3.99,,103.0,,2.59,129.8,1.72,8.01,amplitude_umag,O7.5 V z,35.0,0.67,3.0,Shen2024,HD344777,0.4132997640812518,2.1132746924643504,3.99,False
BD +33 1025,Shen2024_Galactic,MW,0.014,4.5843312243675305,4.01,3.72,,10.0,,0.39,375.775,1.44,12.51,amplitude_umag,O7.5 V (n)z,29.6,0.41,4.0,Shen2024,BD+331025,-0.4089353929735008,2.5749278834728484,3.72,False
HD 326331,Shen2024_Galactic,MW,0.014,4.54282542695918,3.74,3.82,,,,2.48,310.45,1.53,5.49,amplitude_umag,O8 IV n((f)),28.8,0.67,1.0,Shen2024,HD326331,0.3944516808262163,2.491991664182002,3.82,True
HD 102415,Shen2024_Galactic,MW,0.014,4.519827993775719,3.92,3.55,,,,8.35,85.64,2.75,8.79,amplitude_umag,ON9 IV: nn,20.8,0.56,1.0,Shen2024,HD102415,0.921686475483602,1.9326766586224007,3.55,False
HD 201345,Shen2024_Galactic,MW,0.014,4.528916700277655,3.79,3.72,,89.0,70.0,2.69,160.73,1.71,5.79,amplitude_umag,ON9.2 IV,25.0,0.66,1.0,Shen2024,HD201345,0.42975228000240795,2.2060969447065664,3.72,False
HD 209339,Shen2024_Galactic,MW,0.014,4.506505032404872,3.81,3.61,,78.0,67.0,1.9449999999999998,142.96,1.665,2.98,amplitude_umag,O9.7 IV,20.6,0.67,2.0,Shen2024,HD209339,0.28891960566172653,2.155214539497588,3.61,False
CYG OB2-9,Shen2024_Galactic,MW,0.014,4.603144372620182,3.92,3.88,,82.0,82.0,1.7950000000000002,1115.51,2.26,8.535,amplitude_umag,O4.5 I f,36.0,0.5,2.0,Shen2024,CYGOB2-9,0.254064452914338,3.047473467874319,3.88,False
CPD -26 2716,Shen2024_Galactic,MW,0.014,4.556302500767287,3.51,4.11,,138.0,,1.55,2041.75,2.31,12.42,amplitude_umag,O6.5 Iab f,47.8,0.68,1.0,Shen2024,CPD-262716,0.1903316981702915,3.31000256426054,4.11,False
HD 193514,Shen2024_Galactic,MW,0.014,4.555094448578319,3.58,4.03,,84.0,98.0,0.81,2532.9900000000002,1.6,4.33,amplitude_umag,O7 Ib (f),39.4,0.77,2.0,Shen2024,HD193514,-0.09151498112135022,3.403633475241242,4.03,False
HD 69464,Shen2024_Galactic,MW,0.014,4.553883026643875,3.38,4.23,,105.0,105.0,1.29,1969.0349999999999,1.85,8.184999999999999,amplitude_umag,O7 Ib (f),59.2,0.64,4.0,Shen2024,HD69464,0.11058971029924898,3.294253435880003,4.23,False
HD 94963,Shen2024_Galactic,MW,0.014,4.559906625036112,3.54,4.09,,92.0,92.0,3.05,706.76,2.4749999999999996,7.23,amplitude_umag,O7 II (f),40.64,0.67,2.0,Shen2024,HD94963,0.48429983934678583,2.8492719620700746,4.09,False
HD 192639,Shen2024_Galactic,MW,0.014,4.540329474790874,3.43,4.12,,95.0,96.0,0.75,4382.42,1.76,4.09,amplitude_umag,O7.5 Iab f,44.2,0.71,3.0,Shen2024,HD192639,-0.12493873660829995,3.6417139968991656,4.12,False
HD 191423,Shen2024_Galactic,MW,0.014,4.509202522331103,3.71,3.72,,,147.0,5.93,381.45,2.58,5.8,amplitude_umag,ON9 II-III nn,21.2,0.81,3.0,Shen2024,HD191423,0.7730546933642626,2.58143761923139,3.72,False
HD 71304,Shen2024_Galactic,MW,0.014,4.505149978319906,3.3,4.11,,100.0,92.0,1.61,1280.7,2.16,5.58,amplitude_umag,O9 II,45.0,0.77,1.0,Shen2024,HD71304,0.20682587603184974,3.1074474095236093,4.11,False
HD 202124,Shen2024_Galactic,MW,0.014,4.492760389026838,3.22,4.14,,114.0,122.0,0.30000000000000004,8513.49,1.455,5.25,amplitude_umag,O9 Iab,46.6,0.78,2.0,Shen2024,HD202124,-0.5228787452803375,3.9301076302409514,4.14,False
HD 152249,Shen2024_Galactic,MW,0.014,4.492760389026838,3.21,4.15,,70.0,70.0,0.57,1107.3,1.89,2.67,amplitude_umag,OC9 Iab,49.2,0.77,1.0,Shen2024,HD152249,-0.24412514432750865,3.0442652999153195,4.15,True
HD 28446,Shen2024_Galactic,MW,0.014,4.474216264076255,3.65,3.64,,,,3.05,231.365,2.12,2.955,amplitude_umag,O9.7 II n,21.0,0.75,2.0,Shen2024,HD28446,0.48429983934678583,2.364297661199437,3.64,False
HD 75222,Shen2024_Galactic,MW,0.014,4.480006942957151,3.22,4.09,,65.0,113.0,0.76,4666.81,2.0,8.6,amplitude_umag,O9.7 Iab,40.2,0.8,1.0,Shen2024,HD75222,-0.11918640771920865,3.6690201197985317,4.09,False
HD 195592,Shen2024_Galactic,MW,0.014,4.447158031342219,2.91,4.27,,100.0,50.0,0.13,11079.05,1.23,3.96,amplitude_umag,O9.7 Ia,69.4,0.75,1.0,Shen2024,HD195592,-0.8860566476931632,4.0445025223557565,4.27,False
HD 191781,Shen2024_Galactic,MW,0.014,4.457881896733992,3.39,3.83,,48.0,96.0,0.27,10366.15,1.48,8.91,amplitude_umag,ON9.7 Iab,24.2,0.85,3.0,Shen2024,HD191781,-0.5686362358410126,4.015617488865943,3.83,False
HD 97253,Shen2024_Galactic,MW,0.014,4.592176757395867,3.6,4.16,,105.0,105.0,3.42,562.22,2.8,4.8,amplitude_umag,O5 III (f),63.8,0.57,3.0,Shen2024,HD97253,0.534026106056135,2.749906290818102,4.16,True
HDE 338 931,Shen2024_Galactic,MW,0.014,4.580924975675619,3.76,3.95,,9.0,,2.61,783.415,2.08,8.129999999999999,amplitude_umag,O6 III (f),36.4,0.6,2.0,Shen2024,HD338931,0.41664050733828095,2.8939918827018425,3.95,False
HD 190864,Shen2024_Galactic,MW,0.014,4.574031267727719,3.64,4.05,,90.0,82.0,4.58,247.29,2.38,4.34,amplitude_umag,O6.5 III (f),42.6,0.64,3.0,Shen2024,HD190864,0.6608654780038692,2.393206554563365,4.05,False
HD 42088,Shen2024_Galactic,MW,0.014,4.6020599913279625,3.99,3.81,,76.0,67.0,0.265,303.85,1.135,5.470000000000001,amplitude_umag,O6 V ((f))z,34.6,0.4,2.0,Shen2024,HD42088,-0.5767541260631921,2.4826592406833354,3.81,False
BD +60 134,Shen2024_Galactic,MW,0.014,4.60959440922522,3.95,3.88,,,,4.26,187.87,2.06,13.63,amplitude_umag,O5.5 V (n)((f)),35.2,0.5,1.0,Shen2024,BD+60134,0.6294095991027189,2.273857435371118,3.88,False
HDE 303311,Shen2024_Galactic,MW,0.014,4.603144372620182,3.91,3.89,,61.0,61.0,0.17,776.64,1.21,13.31,amplitude_umag,O6 V ((f))z,40.4,0.51,3.0,Shen2024,HD303311,-0.769551078621726,2.8902197546518407,3.89,False
HD 193443,Shen2024_Galactic,MW,0.014,4.518513939877887,3.51,3.95,,140.0,,3.3200000000000003,324.91999999999996,2.2199999999999998,3.62,amplitude_umag,O9 III,33.4,0.76,2.0,Shen2024,HD193443,0.5211380837040364,2.5117764445623068,3.95,False
HD 44811,Shen2024_Galactic,MW,0.014,4.57287160220048,3.9,3.78,,43.0,48.0,1.045,55.31,0.815,6.555,amplitude_umag,O7 V (n)z,29.0,0.54,2.0,Shen2024,HD44811,0.01911629044707278,1.7428036584691655,3.78,False
ALS 12370,Shen2024_Galactic,MW,0.014,4.5910646070264995,4.12,3.63,,,,5.26,228.08999999999997,2.38,14.45,amplitude_umag,O6.5 V nn((f)),25.4,0.25,2.0,Shen2024,ALS12370,0.7209857441537391,2.358106245206416,3.63,False
BD +60 2635,Shen2024_Galactic,MW,0.014,4.599883072073688,3.77,4.02,,73.0,,4.4350000000000005,148.51999999999998,2.045,11.01,amplitude_umag,O6 V ((f)),43.0,0.55,2.0,Shen2024,BD+602635,0.6468936241677452,2.1717849405541214,4.02,False
HD 193682,Shen2024_Galactic,MW,0.014,4.6127838567197355,3.75,4.09,,90.0,,5.245,348.745,2.5549999999999997,5.77,amplitude_umag,O4.5 IV (f),50.0,0.53,2.0,Shen2024,HD193682,0.7197454925295766,2.5425079897928344,4.09,False
HD 36879,Shen2024_Galactic,MW,0.014,4.567026366159061,3.77,3.89,,,54.0,1.44,1022.35,1.79,5.18,amplitude_umag,O7 V (n)((f)),33.8,0.62,3.0,Shen2024,HD36879,0.15836249209524964,3.0095996013238255,3.89,False
HD 117490,Shen2024_Galactic,MW,0.014,4.4996870826184034,3.74,3.65,,,,6.5,84.56,2.66,7.94,amplitude_umag,ON9.5 III nn,21.6,0.71,1.0,Shen2024,HD117490,0.8129133566428556,1.92716497429937,3.65,False
HD 189957,Shen2024_Galactic,MW,0.014,4.506505032404872,3.58,3.84,,54.0,73.0,2.94,365.19,2.11,5.22,amplitude_umag,O9.7 III,26.8,0.77,3.0,Shen2024,HD189957,0.46834733041215726,2.5625188767366316,3.84,False
HD 93521,Shen2024_Galactic,MW,0.014,4.501059262217751,3.78,3.61,,,133.0,6.12,383.56,2.48,3.84,amplitude_umag,O9.5 III nn,20.6,0.68,1.0,Shen2024,HD93521,0.7867514221455612,2.58383330995571,3.61,False
HD 24912,Shen2024_Galactic,MW,0.014,4.555094448578319,3.67,3.94,,,80.0,3.13,434.76,2.47,3.94,amplitude_umag,O7.5 III (n)((f)),34.6,0.68,1.0,Shen2024,HD24912,0.49554433754644844,2.6382495800821615,3.94,False
HD 218195,Shen2024_Galactic,MW,0.014,4.532754378992498,3.53,3.99,,78.0,67.0,3.82,259.46,2.12,5.39,amplitude_umag,O8.5 III Nstr,35.0,0.73,1.0,Shen2024,HD218195,0.5820633629117087,2.4140704137518014,3.99,False
200069370,Bowman2019b_K2,MW,0.014,4.54,,4.09,,58.0,102.0,1.44174,102.338,1.74881,15.671,amplitude_ppm_nominal,O8II((f)),,,,Bowman2019b,200069370,0.15888694779933482,2.0100369252660455,4.09,False
200182931,Bowman2019b_K2,MW,0.014,,,,,,,1.43679,599.419,3.89572,58.676,amplitude_ppm_nominal,B1Iab,,,,Bowman2019b,200182931,0.1573932966618063,2.7777305048164624,,False
202060091,Bowman2019b_K2,MW,0.014,4.518513939877887,3.79,3.6749968521662857,,10.0,37.0,0.47555,33.35,0.85361,8.818,amplitude_ppm_nominal,O9V,,,,Bowman2019b,202060091,-0.32280381398945535,1.523095838252568,3.6749968521662857,False
202060092,Bowman2019b_K2,MW,0.014,,,,,,,4.23188,158.305,3.76009,29.798,amplitude_ppm_nominal,O9V:p,,,,Bowman2019b,202060092,0.6265333442641998,2.199494632096194,,False
202060093,Bowman2019b_K2,MW,0.014,,,,,,,1.30725,1176.985,1.67018,315.73,amplitude_ppm_nominal,O9V:p,,,,Bowman2019b,202060093,0.11635865050169322,3.0707709280441655,,False
202061162,Bowman2019b_K2,MW,0.014,,,,,,,1.62265,56.676,8.11083,11.097,amplitude_ppm_nominal,B8Ib,,,,Bowman2019b,202061162,0.2102248541079595,1.7533991916243248,,False
202061164,Bowman2019b_K2,MW,0.014,,,,,,,2.00673,445.316,2.33617,37.585,amplitude_ppm_nominal,OB,,,,Bowman2019b,202061164,0.30248894329055864,2.648668299413453,,False
202061197,Bowman2019b_K2,MW,0.014,4.44870631990508,3.79,3.3957663722750566,,19.0,31.0,2.50312,19.374,0.85002,8.39,amplitude_ppm_nominal,B1IV,,,,Bowman2019b,202061197,0.3984816702588822,1.2872192954008053,3.3957663722750566,False
202061199,Bowman2019b_K2,MW,0.014,4.4361626470407565,3.73,3.405591680817763,,17.0,29.0,,,,41.439,amplitude_ppm_nominal,B1IVp,,,,Bowman2019b,202061199,,,3.405591680817763,False
202061205,Bowman2019b_K2,MW,0.014,,,,,,,2.04648,67.646,2.09988,14.326,amplitude_ppm_nominal,B2IV,,,,Bowman2019b,202061205,0.31100750469490623,1.830242121269378,,False
202061207,Bowman2019b_K2,MW,0.014,,,,,,,0.83921,16.203,2.93095,14.093,amplitude_ppm_nominal,B3IV,,,,Bowman2019b,202061207,-0.07612934974426054,1.209595432000856,,False
202061208,Bowman2019b_K2,MW,0.014,,,,,,,3.30302,11.237,1.62858,8.393,amplitude_ppm_nominal,B9III,,,,Bowman2019b,202061208,0.518911203380588,1.0506503808639143,,False
202061216,Bowman2019b_K2,MW,0.014,,,,,,,1.30076,30.513,1.16548,8.245,amplitude_ppm_nominal,B2.5III-IV,,,,Bowman2019b,202061216,0.11419717335579291,1.4844849090319407,,False
202061225,Bowman2019b_K2,MW,0.014,,,,,,,1.4345,8.065,1.45453,4.372,amplitude_ppm_nominal,B0III,,,,Bowman2019b,202061225,0.15670055258201723,0.9066043717249803,,False
202061226,Bowman2019b_K2,MW,0.014,,,,,,,8.05896,23.11,4.05824,21.984,amplitude_ppm_nominal,B2.5IV,,,,Bowman2019b,202061226,0.90627900019176,1.3637999454791092,,False
202061236,Bowman2019b_K2,MW,0.014,,,,,,,1.65279,119.893,2.66452,10.484,amplitude_ppm_nominal,B8III,,,,Bowman2019b,202061236,0.2182176765388336,2.0787938273847604,,False
202061239,Bowman2019b_K2,MW,0.014,,,,,,,3.56452,6.929,6.51411,5.546,amplitude_ppm_nominal,B3IV,,,,Bowman2019b,202061239,0.5520010558186172,0.840670561333409,,False
202061242,Bowman2019b_K2,MW,0.014,,,,,,,1.89463,38.246,1.11123,4.37,amplitude_ppm_nominal,B4IV,,,,Bowman2019b,202061242,0.2775244097406827,1.5825860206983482,,False
202061244,Bowman2019b_K2,MW,0.014,,,,,,,5.01386,17.907,4.86853,8.002,amplitude_ppm_nominal,B4.5III-IV,,,,Bowman2019b,202061244,0.7001722031610245,1.2530228336113367,,False
202061245,Bowman2019b_K2,MW,0.014,,,,,,,2.73108,8.532,1.79477,6.981,amplitude_ppm_nominal,B9.5III,,,,Bowman2019b,202061245,0.43633442187158444,0.9310508467773911,,False
202061248,Bowman2019b_K2,MW,0.014,,,,,,,1.71996,9.446,2.95108,5.907,amplitude_ppm_nominal,B3IV,,,,Bowman2019b,202061248,0.23551834691843454,0.9752479412406811,,False
202061249,Bowman2019b_K2,MW,0.014,,,,,,,1.01052,45.424,1.56825,12.005,amplitude_ppm_nominal,B5III-IV,,,,Bowman2019b,202061249,0.004544913401726439,1.657285375181782,,False
202061250,Bowman2019b_K2,MW,0.014,,,,,,,3.62586,4.744,9.02254,12.243,amplitude_ppm_nominal,B2.5IV,,,,Bowman2019b,202061250,0.5594110313090581,0.6761446803562061,,False
202061251,Bowman2019b_K2,MW,0.014,,,,,,,2.50837,74.722,2.0316,8.303,amplitude_ppm_nominal,B7IV,,,,Bowman2019b,202061251,0.39939159799058344,1.8734484876510977,,False
202061252,Bowman2019b_K2,MW,0.014,,,,,,,2.48461,25.349,1.92098,6.672,amplitude_ppm_nominal,B2.5IV,,,,Bowman2019b,202061252,0.3952582288277746,1.403960831399213,,False
202061253,Bowman2019b_K2,MW,0.014,,,,,,,2.83965,35.023,1.00448,10.174,amplitude_ppm_nominal,B3III,,,,Bowman2019b,202061253,0.4532648145414665,1.5443533441358603,,False
202061255,Bowman2019b_K2,MW,0.014,,,,,,,1.90259,124.666,0.98727,19.024,amplitude_ppm_nominal,B3IV,,,,Bowman2019b,202061255,0.2793452097679108,2.0957480250442235,,False
202622118,Bowman2019b_K2,MW,0.014,,,,,,,2.21557,15.073,2.21786,4.164,amplitude_ppm_nominal,B9III,,,,Bowman2019b,202622118,0.34548547593543977,1.1781996991480599,,False
202691120,Bowman2019b_K2,MW,0.014,,,,,,,1.67978,172.423,1.54175,51.002,amplitude_ppm_nominal,OB,,,,Bowman2019b,202691120,0.22525240610534292,2.23659519714321,,False
202701626,Bowman2019b_K2,MW,0.014,,,,,,,3.39299,14.81,1.83294,12.784,amplitude_ppm_nominal,B9III/IV,,,,Bowman2019b,202701626,0.5305825796712837,1.1705550585212086,,False
202929357,Bowman2019b_K2,MW,0.014,,,,,,,,,,93.792,amplitude_ppm_nominal,OB,,,,Bowman2019b,202929357,,,,False
203010516,Bowman2019b_K2,MW,0.014,,,,,,,2.7145,10.4,2.30165,4.358,amplitude_ppm_nominal,B9III,,,,Bowman2019b,203010516,0.43368984599169863,1.0170333392987803,,False
203072804,Bowman2019b_K2,MW,0.014,,,,,,,2.58476,7.296,4.19878,4.023,amplitude_ppm_nominal,B9III/IV,,,,Bowman2019b,203072804,0.4124202242135135,0.8630848253203598,,False
203615859,Bowman2019b_K2,MW,0.014,,,,,,,1.18652,21.13,0.69126,6.334,amplitude_ppm_nominal,B8II,,,,Bowman2019b,203615859,0.074275063089753,1.3248994970523134,,False
203649927,Bowman2019b_K2,MW,0.014,,,,,,,3.05421,13.435,2.63287,7.243,amplitude_ppm_nominal,B8II,,,,Bowman2019b,203649927,0.4848988947720462,1.1282376707691872,,False
203761347,Bowman2019b_K2,MW,0.014,,,,,,,2.67273,28.014,2.18892,6.903,amplitude_ppm_nominal,B5III,,,,Bowman2019b,203761347,0.4269550884113408,1.4473751243144495,,False
203794158,Bowman2019b_K2,MW,0.014,,,,,,,0.42446,76.554,1.23099,17.191,amplitude_ppm_nominal,B9III/IV,,,,Bowman2019b,203794158,-0.3721632302675808,1.8839678878173294,,False
204022485,Bowman2019b_K2,MW,0.014,,,,,,,2.78796,8.288,0.80865,2.512,amplitude_ppm_nominal,B8II,,,,Bowman2019b,204022485,0.4452865384704856,0.9184497424011578,,False
204453206,Bowman2019b_K2,MW,0.014,,,,,,,1.61463,17.737,2.08885,3.607,amplitude_ppm_nominal,B9.5III/IV,,,,Bowman2019b,204453206,0.20807301746079948,1.2488801660242859,,False
204550234,Bowman2019b_K2,MW,0.014,,,,,,,1.46636,54.952,3.87224,7.272,amplitude_ppm_nominal,B2III,,,,Bowman2019b,204550234,0.16624060524370515,1.7399835033683773,,False
205417334,Bowman2019b_K2,MW,0.014,,,,,,,4.21237,16.348,2.29296,9.938,amplitude_ppm_nominal,B9.5III,,,,Bowman2019b,205417334,0.6245265111129068,1.2134646290395559,,False
221230980,Bowman2019b_K2,MW,0.014,,,,,,,1.23457,5.887,1.6617,1.792,amplitude_ppm_nominal,B9.5III,,,,Bowman2019b,221230980,0.09151571942134192,0.769894035812169,,False
221807806,Bowman2019b_K2,MW,0.014,,,,,,,5.10528,1.454,4.86211,3.089,amplitude_ppm_nominal,B9III,,,,Bowman2019b,221807806,0.7080195660351166,0.162564406523019,,False
222808946,Bowman2019b_K2,MW,0.014,4.480006942957151,3.22,4.090968864483341,,107.0,91.0,2.2971,187.724,1.23453,12.038,amplitude_ppm_nominal,O9.5IVp,,,,Bowman2019b,222808946,0.3611799018136008,2.2735197995326777,4.090968864483341,False
223207465,Bowman2019b_K2,MW,0.014,,,,,,,1.1967,54.271,8.14821,5.26,amplitude_ppm_nominal,B5II,,,,Bowman2019b,223207465,0.07798529102950204,1.7345678239837643,,False
223217668,Bowman2019b_K2,MW,0.014,,,,,,,1.51604,1133.519,2.69358,98.75,amplitude_ppm_nominal,O9Ib,,,,Bowman2019b,223217668,0.18071066010217,3.0544288041502288,,False
223276071,Bowman2019b_K2,MW,0.014,,,,,,,3.1754,20.849,2.98061,6.922,amplitude_ppm_nominal,B3II,,,,Bowman2019b,223276071,0.5017984404471526,1.3190852293386985,,False
223432523,Bowman2019b_K2,MW,0.014,,,,,,,1.12189,14.031,1.1764,1.571,amplitude_ppm_nominal,B9III,,,,Bowman2019b,223432523,0.04995027694247204,1.1470886246281666,,False
223832867,Bowman2019b_K2,MW,0.014,4.399673721481038,3.61,3.3796359785788908,,20.0,32.0,11.20199,73.422,12.6157,33.832,amplitude_ppm_nominal,B2Ib/II,,,,Bowman2019b,223832867,1.0492951806388497,1.8658262104204006,3.3796359785788908,False
223956110,Bowman2019b_K2,MW,0.014,,,,,,,1.1127,889.325,2.27642,54.307,amplitude_ppm_nominal,B0Ia(n),,,,Bowman2019b,223956110,0.04637808804827259,2.949060501029753,,False
224112121,Bowman2019b_K2,MW,0.014,,,,,,,2.05694,5.69,2.10315,4.501,amplitude_ppm_nominal,B9III,,,,Bowman2019b,224112121,0.3132216237078715,0.7551122663950712,,False
224206658,Bowman2019b_K2,MW,0.014,,,,,,,1.94683,35.372,1.58784,6.409,amplitude_ppm_nominal,B9II(pSi),,,,Bowman2019b,224206658,0.2893280299559313,1.548659616343095,,False
224237996,Bowman2019b_K2,MW,0.014,,,,,,,2.98562,24.93,2.47573,10.052,amplitude_ppm_nominal,OB,,,,Bowman2019b,224237996,0.47503453131766044,1.3967222785037734,,False
224400629,Bowman2019b_K2,MW,0.014,,,,,,,0.71321,13.887,1.56609,1.767,amplitude_ppm_nominal,O9.5V+B0V,,,,Bowman2019b,224400629,-0.14678257616077103,1.1426084355024733,,False
224427127,Bowman2019b_K2,MW,0.014,,,,,,,2.93807,303.729,2.49644,24.832,amplitude_ppm_nominal,B2II,,,,Bowman2019b,224427127,0.4680621387148165,2.482486260270895,,False
224754523,Bowman2019b_K2,MW,0.014,,,,,,,2.01559,10.835,1.21257,2.721,amplitude_ppm_nominal,B9III,,,,Bowman2019b,224754523,0.3044021950123715,1.0348289156558368,,False
225068581,Bowman2019b_K2,MW,0.014,,,,,,,2.65967,19.532,1.91977,2.33,amplitude_ppm_nominal,B7III,,,,Bowman2019b,225068581,0.4248277546499622,1.290746715612086,,False
225382260,Bowman2019b_K2,MW,0.014,,,,,,,2.11661,9.212,1.41247,3.287,amplitude_ppm_nominal,B8III(pSi),,,,Bowman2019b,225382260,0.3256408436352711,0.9643539292921935,,False
226030870,Bowman2019b_K2,MW,0.014,4.334453751150931,3.39,3.33875609725846,,74.0,42.0,1.67948,154.342,2.10156,12.179,amplitude_ppm_nominal,B2II,,,,Bowman2019b,226030870,0.2251748364352862,2.1884841236406167,3.33875609725846,False
226504882,Bowman2019b_K2,MW,0.014,4.49,,3.86,,42.0,69.0,1.18862,119.002,1.26083,9.757,amplitude_ppm_nominal,O9.5IV,,,,Bowman2019b,226504882,0.07504303352488484,2.0755542603981176,3.86,False
226552222,Bowman2019b_K2,MW,0.014,,,,,,,0.79828,6.652,0.50582,0.601,amplitude_ppm_nominal,B9III,,,,Bowman2019b,226552222,-0.0978447513483208,0.8229522405474816,,False
226609366,Bowman2019b_K2,MW,0.014,,,,,,,1.40376,57.457,1.99705,6.052,amplitude_ppm_nominal,B3II,,,,Bowman2019b,226609366,0.14729286307492825,1.7593429464478045,,False
226775940,Bowman2019b_K2,MW,0.014,,,,,,,2.32435,20.799,2.13752,9.853,amplitude_ppm_nominal,B2II,,,,Bowman2019b,226775940,0.3663015245891197,1.3180424549184342,,False
226972386,Bowman2019b_K2,MW,0.014,4.318063334962762,3.26,3.403194432505785,,87.0,28.0,1.29841,224.19,2.1199,17.335,amplitude_ppm_nominal,B2Ib,,,,Bowman2019b,226972386,0.11341185164880926,2.3506162369758314,3.403194432505785,False
227024370,Bowman2019b_K2,MW,0.014,,,,,,,1.60984,619.746,1.42587,41.464,amplitude_ppm_nominal,B3II,,,,Bowman2019b,227024370,0.20678271418706132,2.792213732400676,,False
227049676,Bowman2019b_K2,MW,0.014,4.51,,3.91,,76.0,85.0,1.14457,86.07,1.3002,7.473,amplitude_ppm_nominal,O9.2IV,,,,Bowman2019b,227049676,0.05864235855192369,1.9348518029656607,3.91,False
227065848,Bowman2019b_K2,MW,0.014,,,,,,,1.65334,36.593,2.19004,5.809,amplitude_ppm_nominal,B3II,,,,Bowman2019b,227065848,0.21836217295443144,1.5633980156641745,,False
227070958,Bowman2019b_K2,MW,0.014,4.380211241711606,3.06,3.851786059501163,,27.0,70.0,1.62946,294.323,1.43826,10.794,amplitude_ppm_nominal,B1II,,,,Bowman2019b,227070958,0.21204370386682994,2.4688242015586157,3.851786059501163,False
227099784,Bowman2019b_K2,MW,0.014,4.338456493604605,3.32,3.424767067073158,,47.0,51.0,1.56375,253.297,1.86662,15.897,amplitude_ppm_nominal,B2Ib,,,,Bowman2019b,227099784,0.19416732270147635,2.4036300461223234,3.424767067073158,False
227105367,Bowman2019b_K2,MW,0.014,,,,,,,5.10325,5.713,1.25642,0.975,amplitude_ppm_nominal,B9V,,,,Bowman2019b,227105367,0.7078468442407184,0.756864224060549,,False
227115126,Bowman2019b_K2,MW,0.014,4.357934847000454,3.25,3.5726804806565533,,200.0,,1.45824,1633.225,1.79086,124.327,amplitude_ppm_nominal,B2III,,,,Bowman2019b,227115126,0.16382900690235475,3.213046019107284,3.5726804806565533,False
227206884,Bowman2019b_K2,MW,0.014,,,,,,,3.11567,337.852,2.74134,42.083,amplitude_ppm_nominal,B2II,,,,Bowman2019b,227206884,0.49355145260496613,2.5287264941841636,,False
227365417,Bowman2019b_K2,MW,0.014,,,,,,,0.84435,63.509,1.04024,12.736,amplitude_ppm_nominal,B8/9Ib/II(pSi),,,,Bowman2019b,227365417,-0.07347749228411653,1.8028352744789415,,False
227386210,Bowman2019b_K2,MW,0.014,,,,,,,1.92218,107.368,2.21306,8.624,amplitude_ppm_nominal,B3II,,,,Bowman2019b,227386210,0.28379405416833536,2.030874863354115,,False
227420856,Bowman2019b_K2,MW,0.014,,,,,,,1.50527,66.072,3.53298,6.973,amplitude_ppm_nominal,B3(II)e,,,,Bowman2019b,227420856,0.1776144062375544,1.8200174531049362,,False
227433841,Bowman2019b_K2,MW,0.014,,,,,,,1.49106,153.069,3.41468,16.899,amplitude_ppm_nominal,B3II,,,,Bowman2019b,227433841,0.17349511974047216,2.184887244962507,,False
227524709,Bowman2019b_K2,MW,0.014,,,,,,,1.4996,263.437,2.78675,34.075,amplitude_ppm_nominal,B3II,,,,Bowman2019b,227524709,0.17597543174951308,2.42067677202034,,False
227552090,Bowman2019b_K2,MW,0.014,,,,,,,10.64038,58.69,12.11428,25.888,amplitude_ppm_nominal,B3Ib,,,,Bowman2019b,227552090,1.0269571381992733,1.7685641095135733,,False
227563774,Bowman2019b_K2,MW,0.014,,,,,,,2.05511,228.069,3.15897,24.637,amplitude_ppm_nominal,B2Ib,,,,Bowman2019b,227563774,0.3128350724965041,2.358066258341632,,False
227596642,Bowman2019b_K2,MW,0.014,4.437750562820388,3.34,3.801943343936289,,28.0,61.0,0.92928,210.832,1.16152,12.855,amplitude_ppm_nominal,B1Ib,,,,Bowman2019b,227596642,-0.03185340965203792,2.3239365285931406,3.801943343936289,False
227713258,Bowman2019b_K2,MW,0.014,,,,,,,1.16517,45.214,2.57969,5.076,amplitude_ppm_nominal,B3II,,,,Bowman2019b,227713258,0.06638929418238528,1.6552729299735305,,False
227807830,Bowman2019b_K2,MW,0.014,4.429752280002408,2.98,4.129950212664368,,60.0,96.0,1.47157,920.659,2.54893,64.817,amplitude_ppm_nominal,B0II,,,,Bowman2019b,227807830,0.16778092555263274,2.964098803007862,4.129950212664368,False
227817310,Bowman2019b_K2,MW,0.014,,,,,,,1.30349,158.912,3.15897,18.162,amplitude_ppm_nominal,B2II,,,,Bowman2019b,227817310,0.11510770373489786,2.2011566935384517,,False
227829287,Bowman2019b_K2,MW,0.014,4.389166084364533,3.04,3.9076054301128678,,57.0,39.0,1.31362,789.003,2.45324,52.224,amplitude_ppm_nominal,B1Ia,,,,Bowman2019b,227829287,0.1184697520039861,2.8970786545160983,3.9076054301128678,False
227830499,Bowman2019b_K2,MW,0.014,,,,,,,1.25631,121.495,2.23085,12.512,amplitude_ppm_nominal,B2II,,,,Bowman2019b,227830499,0.0990968166922547,2.0845584053656787,,False
227841823,Bowman2019b_K2,MW,0.014,,,,,,,0.86005,22.082,1.14407,2.867,amplitude_ppm_nominal,B3II,,,,Bowman2019b,227841823,-0.06547629981122571,1.3440384055439327,,False
227856268,Bowman2019b_K2,MW,0.014,,,,,,,1.51257,212.982,1.19825,9.068,amplitude_ppm_nominal,O9V,,,,Bowman2019b,227856268,0.17971548243873436,2.3283429009457737,,False
227943519,Bowman2019b_K2,MW,0.014,,,,,,,,,,6.009,amplitude_ppm_nominal,B1/3II,,,,Bowman2019b,227943519,,,,False
228244671,Bowman2019b_K2,MW,0.014,,,,,,,1.15056,17.416,3.52917,5.276,amplitude_ppm_nominal,B3II,,,,Bowman2019b,228244671,0.06090927140924106,1.240948416033038,,False
228282372,Bowman2019b_K2,MW,0.014,,,,,,,3.905,342.261,3.0756,57.455,amplitude_ppm_nominal,B1/2II,,,,Bowman2019b,228282372,0.5916210382133191,2.5343574149142287,,False
229443384,Bowman2019b_K2,MW,0.014,,,,,,,1.24302,222.118,3.42418,16.757,amplitude_ppm_nominal,B1Ib,,,,Bowman2019b,229443384,0.0944781164290626,2.34658375433378,,False
230823605,Bowman2019b_K2,MW,0.014,,,,,,,0.87415,3.721,1.45158,2.076,amplitude_ppm_nominal,B9III,,,,Bowman2019b,230823605,-0.05841403809471591,0.5706596700215341,,False
231846209,Bowman2019b_K2,MW,0.014,,,,,,,0.99155,4.511,1.41323,1.779,amplitude_ppm_nominal,B9III,,,,Bowman2019b,231846209,-0.0036853811292871467,0.6542728270977105,,False
232020298,Bowman2019b_K2,MW,0.014,,,,,,,0.77172,96.146,2.04836,8.602,amplitude_ppm_nominal,B9III,,,,Bowman2019b,232020298,-0.11254024436960737,1.9829312208255296,,False
232073981,Bowman2019b_K2,MW,0.014,,,,,,,4.99552,2.577,1.05652,3.299,amplitude_ppm_nominal,B9III,,,,Bowman2019b,232073981,0.6985807020467514,0.41111441855090475,,False
234256589,Bowman2019b_K2,MW,0.014,,,,,,,5.99747,48.593,2.7523,8.995,amplitude_ppm_nominal,B9III,,,,Bowman2019b,234256589,0.7779680842568681,1.6865737120538817,,False
234503205,Bowman2019b_K2,MW,0.014,,,,,,,1.17055,9.045,0.77565,2.405,amplitude_ppm_nominal,B8III,,,,Bowman2019b,234503205,0.06838996930160234,0.9564085711958326,,False
234517653,Bowman2019b_K2,MW,0.014,4.2576785748691846,2.97,3.451655392131475,,97.0,39.0,1.32833,169.222,2.69939,15.241,amplitude_ppm_nominal,B2II,,,,Bowman2019b,234517653,0.12330598118806015,2.228456823581856,3.451655392131475,False
234642063,Bowman2019b_K2,MW,0.014,,,,,,,1.08612,5.897,1.85806,2.438,amplitude_ppm_nominal,B8II,,,,Bowman2019b,234642063,0.035877810942275684,0.7706311277778066,,False
234651201,Bowman2019b_K2,MW,0.014,,,,,,,0.83624,7.493,1.75589,5.176,amplitude_ppm_nominal,B9III,,,,Bowman2019b,234651201,-0.07766906261220542,0.874655732598101,,False
234963658,Bowman2019b_K2,MW,0.014,,,,,,,1.09234,5.994,1.20932,1.446,amplitude_ppm_nominal,B9.5III,,,,Bowman2019b,234963658,0.03835783721600378,0.777716738609626,,False
235151005,Bowman2019b_K2,MW,0.014,,,,,,,5.0142,57.352,5.4929,14.344,amplitude_ppm_nominal,B5III,,,,Bowman2019b,235151005,0.7002016525508175,1.7585485673779797,,False
235199564,Bowman2019b_K2,MW,0.014,,,,,,,0.85099,7.603,1.0152,1.372,amplitude_ppm_nominal,B9III,,,,Bowman2019b,235199564,-0.07007554328830981,0.8809849904867534,,False
236006268,Bowman2019b_K2,MW,0.014,,,,,,,2.82975,262.751,2.16233,25.645,amplitude_ppm_nominal,B0.5Ib,,,,Bowman2019b,236006268,0.4517480685926956,2.419544377578131,,False
238169958,Bowman2019b_K2,MW,0.014,,,,,,,1.7044,8.02,2.39587,6.872,amplitude_ppm_nominal,B9III,,,,Bowman2019b,238169958,0.23157152552841562,0.9041743682841635,,False
238194885,Bowman2019b_K2,MW,0.014,,,,,,,1.54962,156.117,2.56466,17.826,amplitude_ppm_nominal,B2III,,,,Bowman2019b,238194885,0.19022521292116415,2.1934501971316043,,False
240255386,Bowman2019b_K2,MW,0.014,,,,,,,1.03118,1023.025,1.95491,55.997,amplitude_ppm_nominal,B0Ia,,,,Bowman2019b,240255386,0.013334481174409786,3.0098862468396126,,False
240582120,Bowman2019b_K2,MW,0.014,,,,,,,0.80043,10.859,2.66249,3.176,amplitude_ppm_nominal,B6III,,,,Bowman2019b,240582120,-0.09667664243675746,1.035789833127757,,False
240633023,Bowman2019b_K2,MW,0.014,,,,,,,3.25687,3.111,1.33513,2.134,amplitude_ppm_nominal,B5/7III,,,,Bowman2019b,240633023,0.5128004237753686,0.4929000111087034,,False
240635825,Bowman2019b_K2,MW,0.014,,,,,,,1.59473,81.82,2.83762,8.285,amplitude_ppm_nominal,B3III,,,,Bowman2019b,240635825,0.2026871642358205,1.9128594751623549,,False
242146196,Bowman2019b_K2,MW,0.014,,,,,,,1.726,9.122,2.13459,2.657,amplitude_ppm_nominal,B9III,,,,Bowman2019b,242146196,0.2370407913791908,0.9600900679049195,,False
245944681,Bowman2019b_K2,MW,0.014,,,,,,,7.98703,2.984,2.48363,1.035,amplitude_ppm_nominal,B3III,,,,Bowman2019b,245944681,0.9023853156845045,0.4747988188006312,,False
247164195,Bowman2019b_K2,MW,0.014,,,,,,,2.46295,2.443,1.81156,0.921,amplitude_ppm_nominal,B9II,,,,Bowman2019b,247164195,0.39145559537767105,0.3879234669734367,,False
247169098,Bowman2019b_K2,MW,0.014,,,,,,,3.41077,3.728,3.02845,1.01,amplitude_ppm_nominal,B8III,,,,Bowman2019b,247169098,0.5328524344180541,0.5714759036819438,,False
29990592,Bowman2019b_LMC,LMC,0.006,,,,,,,0.25057,7296.337,2.07085,73.212,amplitude_ppm_nominal,B2Ia,,,,Bowman2019b,29990592,-0.6010709270145653,3.863104884785876,,False
30038422,Bowman2019b_LMC,LMC,0.006,,,,,,,1.19703,516.93,2.83233,44.259,amplitude_ppm_nominal,OB,,,,Bowman2019b,30038422,0.07810503484349608,2.7134317371519936,,False
30111936,Bowman2019b_LMC,LMC,0.006,,,,,,,0.71534,1846.887,1.94391,68.556,amplitude_ppm_nominal,B0.5Ia,,,,Bowman2019b,30111936,-0.14548748962972852,3.2664403243640443,,False
30268695,Bowman2019b_LMC,LMC,0.006,,,,,,,0.27612,7326.272,2.05088,68.421,amplitude_ppm_nominal,B1Ia,,,,Bowman2019b,30268695,-0.5589021352837318,3.8648830385308464,,False
30275662,Bowman2019b_LMC,LMC,0.006,,,,,,,0.24518,9563.164,2.09054,103.239,amplitude_ppm_nominal,B3Ia,,,,Bowman2019b,30275662,-0.6105149592918536,3.980601603615215,,False
30275777,Bowman2019b_LMC,LMC,0.006,,,,,,,1.77394,2816.043,2.93484,511.649,amplitude_ppm_nominal,O9.5III+B1-2,,,,Bowman2019b,30275777,0.2489389265951531,3.4496392820468302,,False
30275795,Bowman2019b_LMC,LMC,0.006,,,,,,,0.77955,1749.56,2.23715,192.361,amplitude_ppm_nominal,B1Ib,,,,Bowman2019b,30275795,-0.10815602412145928,3.242928840915578,,False
30312676,Bowman2019b_LMC,LMC,0.006,,,,,,,0.21815,5587.243,2.62007,57.871,amplitude_ppm_nominal,B2Ia,,,,Bowman2019b,30312676,-0.661244782677161,3.747197560077569,,False
30312722,Bowman2019b_LMC,LMC,0.006,,,,,,,0.68953,1404.133,3.23582,49.768,amplitude_ppm_nominal,B1Ia,,,,Bowman2019b,30312722,-0.1614468338376247,3.1474082462769966,,False
30312800,Bowman2019b_LMC,LMC,0.006,,,,,,,0.53909,2041.803,2.85325,70.678,amplitude_ppm_nominal,B3Iab,,,,Bowman2019b,30312800,-0.2683387241630149,3.310013837584306,,False
30313007,Bowman2019b_LMC,LMC,0.006,,,,,,,0.48227,2517.517,2.56157,60.444,amplitude_ppm_nominal,B1Ia,,,,Bowman2019b,30313007,-0.3167097528815247,3.4009724118895144,,False
31105740,Bowman2019b_LMC,LMC,0.006,,,,,,,0.45954,4956.689,2.34914,72.601,amplitude_ppm_nominal,B0.5Ia,,,,Bowman2019b,31105740,-0.3376766800924436,3.695191670605569,,False
31181554,Bowman2019b_LMC,LMC,0.006,,,,,,,0.4279,5016.775,3.14147,82.45,amplitude_ppm_nominal,B0Ia,,,,Bowman2019b,31181554,-0.36865771351606724,3.7004246235612057,,False
40343782,Bowman2019b_LMC,LMC,0.006,,,,,,,0.36927,4619.461,2.0923,94.201,amplitude_ppm_nominal,B3Iab,,,,Bowman2019b,40343782,-0.4326559735937625,3.664591304910725,,False
40515514,Bowman2019b_LMC,LMC,0.006,,,,,,,0.33259,9330.136,1.96062,117.135,amplitude_ppm_nominal,B1II,,,,Bowman2019b,40515514,-0.47809081287389027,3.969887974252295,,False
149102723,Bowman2019b_LMC,LMC,0.006,,,,,,,0.88969,1099.366,2.3871,53.737,amplitude_ppm_nominal,B0II,,,,Bowman2019b,149102723,-0.050761290817849435,3.0411423014484167,,False
179201107,Bowman2019b_LMC,LMC,0.006,,,,,,,0.36618,6537.266,1.72691,67.413,amplitude_ppm_nominal,B0I,,,,Bowman2019b,179201107,-0.4363053796597633,3.8153961566779975,,False
179209402,Bowman2019b_LMC,LMC,0.006,,,,,,,0.63462,1539.804,2.31472,117.037,amplitude_ppm_nominal,B1III,,,,Bowman2019b,179209402,-0.1974862452630742,3.187465443475587,,False
179305195,Bowman2019b_LMC,LMC,0.006,,,,,,,0.89193,6462.682,2.20654,184.919,amplitude_ppm_nominal,O9.5I,,,,Bowman2019b,179305195,-0.049669228366752305,3.8104127867376234,,False
179308757,Bowman2019b_LMC,LMC,0.006,,,,,,,1.04276,3842.813,4.59887,180.5,amplitude_ppm_nominal,B3Iab,,,,Bowman2019b,179308757,0.018184363393433264,3.584649251223628,,False
179574710,Bowman2019b_LMC,LMC,0.006,,,,,,,0.2328,4995.292,1.75518,59.265,amplitude_ppm_nominal,B1Iak,,,,Bowman2019b,179574710,-0.6330170240221491,3.698560880005882,,False
179637063,Bowman2019b_LMC,LMC,0.006,,,,,,,1.74323,400.664,3.42889,57.373,amplitude_ppm_nominal,O9II,,,,Bowman2019b,179637063,0.24135469126432763,2.6027803224583583,,False
179637387,Bowman2019b_LMC,LMC,0.006,,,,,,,0.54442,3769.82,2.575,92.026,amplitude_ppm_nominal,B1Ia,,,,Bowman2019b,179637387,-0.2640659287844777,3.576320614165209,,False
276934673,Bowman2019b_LMC,LMC,0.006,,,,,,,1.00538,757.715,2.70575,86.9,amplitude_ppm_nominal,B1.5Ia,,,,Bowman2019b,276934673,0.0023302415683727363,2.879505884785059,,False
276935568,Bowman2019b_LMC,LMC,0.006,,,,,,,0.89794,2588.759,2.66969,81.902,amplitude_ppm_nominal,B0Ia+,,,,Bowman2019b,276935568,-0.046752681750820854,3.4130916217589857,,False
276936239,Bowman2019b_LMC,LMC,0.006,,,,,,,0.76254,6035.241,2.12854,212.33,amplitude_ppm_nominal,B0I,,,,Bowman2019b,276936239,-0.11773736991738791,3.7806946170813154,,False
276936458,Bowman2019b_LMC,LMC,0.006,,,,,,,0.83655,768.858,2.36982,33.428,amplitude_ppm_nominal,B0.5I,,,,Bowman2019b,276936458,-0.07750809645275773,2.885846137576511,,False
277022637,Bowman2019b_LMC,LMC,0.006,,,,,,,0.54831,4407.743,2.4655,82.053,amplitude_ppm_nominal,B1.5I,,,,Bowman2019b,277022637,-0.26097383344313635,3.644216264397339,,False
277022838,Bowman2019b_LMC,LMC,0.006,,,,,,,0.42431,6242.817,2.16019,138.992,amplitude_ppm_nominal,B0,,,,Bowman2019b,277022838,-0.37231673280175065,3.795380604344225,,False
277023834,Bowman2019b_LMC,LMC,0.006,,,,,,,0.34144,8063.271,2.45197,98.727,amplitude_ppm_nominal,B1Ia+,,,,Bowman2019b,277023834,-0.4666856022556241,3.9065112563300213,,False
277023992,Bowman2019b_LMC,LMC,0.006,,,,,,,0.32664,6672.502,1.67525,104.43,amplitude_ppm_nominal,B1.5I,,,,Bowman2019b,277023992,-0.4859306330850593,3.8242887126339675,,False
277025859,Bowman2019b_LMC,LMC,0.006,,,,,,,0.37061,6749.145,3.40468,89.806,amplitude_ppm_nominal,B1.5I,,,,Bowman2019b,277025859,-0.4310828664897962,3.8292487587123496,,False
277026183,Bowman2019b_LMC,LMC,0.006,,,,,,,0.22183,11404.209,1.86559,112.849,amplitude_ppm_nominal,B1I,,,,Bowman2019b,277026183,-0.6539797207954426,4.057065167837263,,False
277172980,Bowman2019b_LMC,LMC,0.006,,,,,,,0.38152,1022.505,1.85643,19.138,amplitude_ppm_nominal,B0.5e,,,,Bowman2019b,277172980,-0.4184826905741893,3.009665440363585,,False
277298891,Bowman2019b_LMC,LMC,0.006,,,,,,,0.35756,6829.322,1.9449,94.235,amplitude_ppm_nominal,B1Ia,,,,Bowman2019b,277298891,-0.4466510713943655,3.834377590024944,,False
287404510,Bowman2019b_LMC,LMC,0.006,,,,,,,1.48757,703.021,2.67431,117.41,amplitude_ppm_nominal,B0.5I,,,,Bowman2019b,287404510,0.17247741130710625,2.8469682980609385,,False
287407926,Bowman2019b_LMC,LMC,0.006,,,,,,,0.54933,5089.199,2.98871,117.97,amplitude_ppm_nominal,B1Ia,,,,Bowman2019b,287407926,-0.26016668264861126,3.7066494331708326,,False
373919576,Bowman2019b_LMC,LMC,0.006,,,,,,,1.72016,523.524,2.53623,148.916,amplitude_ppm_nominal,O8III,,,,Bowman2019b,373919576,0.23556884451530818,2.718936595907218,,False
389363675,Bowman2019b_LMC,LMC,0.006,,,,,,,0.26459,6698.089,2.00641,105.388,amplitude_ppm_nominal,B2III,,,,Bowman2019b,389363675,-0.5774265737044034,3.82595091387451,,False
389363695,Bowman2019b_LMC,LMC,0.006,,,,,,,0.45347,3700.985,2.70738,182.763,amplitude_ppm_nominal,B3Ia,,,,Bowman2019b,389363695,-0.3434514390678745,3.5683173249139637,,False
391810734,Bowman2019b_LMC,LMC,0.006,,,,,,,0.41084,5500.074,2.56303,72.454,amplitude_ppm_nominal,B0Ia,,,,Bowman2019b,391810734,-0.38632727945261386,3.7403685326897826,,False
391813813,Bowman2019b_LMC,LMC,0.006,,,,,,,0.36947,5140.843,1.86134,75.058,amplitude_ppm_nominal,B1.5Ia,,,,Bowman2019b,391813813,-0.43242081941637184,3.7110343408297237,,False
391887898,Bowman2019b_LMC,LMC,0.006,,,,,,,0.70486,2860.746,2.37693,103.997,amplitude_ppm_nominal,B0Ia,,,,Bowman2019b,391887898,-0.15189713444869646,3.4564792993657667,,False
404768604,Bowman2019b_LMC,LMC,0.006,,,,,,,0.62054,811.977,4.67932,44.253,amplitude_ppm_nominal,B1Ia,,,,Bowman2019b,404768604,-0.2072302186465217,2.9095437276222675,,False
404796860,Bowman2019b_LMC,LMC,0.006,,,,,,,0.22795,6012.403,2.56005,67.971,amplitude_ppm_nominal,B3Ia,,,,Bowman2019b,404796860,-0.6421604034620189,3.7790480828281146,,False
404797355,Bowman2019b_LMC,LMC,0.006,,,,,,,0.63062,2174.132,2.15612,45.357,amplitude_ppm_nominal,B0I,,,,Bowman2019b,404797355,-0.20023225979823012,3.3372859082559367,,False
404852071,Bowman2019b_LMC,LMC,0.006,,,,,,,0.42692,3839.035,3.25561,67.815,amplitude_ppm_nominal,B3I,,,,Bowman2019b,404852071,-0.36965349924576,3.584222071543708,,False
404852096,Bowman2019b_LMC,LMC,0.006,,,,,,,0.26069,9333.182,1.84742,99.554,amplitude_ppm_nominal,B1Iab,,,,Bowman2019b,404852096,-0.5838756279345291,3.970029734790654,,False
404854454,Bowman2019b_LMC,LMC,0.006,,,,,,,0.93515,1385.147,2.81052,82.869,amplitude_ppm_nominal,B1.5Ib,,,,Bowman2019b,404854454,-0.029118721804085493,3.141495865747841,,False
404966400,Bowman2019b_LMC,LMC,0.006,,,,,,,0.50357,3485.756,2.14991,94.145,amplitude_ppm_nominal,B1Ia,,,,Bowman2019b,404966400,-0.29794015072967034,3.5422969835879936,,False
425067522,Bowman2019b_LMC,LMC,0.006,,,,,,,0.84841,1593.401,2.48443,92.626,amplitude_ppm_nominal,B1Ia,,,,Bowman2019b,425067522,-0.07139422120306615,3.2023250853878173,,False
425068672,Bowman2019b_LMC,LMC,0.006,,,,,,,0.64639,5995.88,2.11523,306.161,amplitude_ppm_nominal,B1Ia,,,,Bowman2019b,425068672,-0.18950537095007405,3.777852932405172,,False
425083410,Bowman2019b_LMC,LMC,0.006,,,,,,,1.75798,1010.087,3.11601,52.394,amplitude_ppm_nominal,O4Ia,,,,Bowman2019b,425083410,0.2450139299305596,3.0043587816962116,,False
