star,sample,lT,lL,tier,alpha0,nuchar,gamma,vsini,a0_ok,sys_nu,sys_a0,ev_tau,ev_logM,ev_logR,ev_phase,ev_Mini,ev_dist,ev_M,ev_R,f_rot,log_alpha0,log_nuchar,rotmod_candidate
HD 96715,Bowman2020_Galactic,4.66,4.1,A,99.219,5.74308,1.66987,59.0,True,0.0,0.0,0.5393331814320449,1.7640305217552497,1.1327657123874695,0.0,65.5616254424597,0.04452478553342661,58.08052344624499,13.575808787001105,0.08590099018965709,1.9965948455920186,0.7591448659619197,False
HD 46223,Bowman2020_Galactic,4.62,4.16,A,249.33,3.99087,1.63706,60.0,True,0.0,0.0,0.7197540892346551,1.7271708368203502,1.2261155639877503,0.0,64.01432916667929,0.1449709981384606,53.354473273933294,16.8312187334307,0.07046079795246529,2.396774537030027,0.6010675811535588,False
HD 155913,Bowman2020_Galactic,4.63,3.88,A,253.521,6.15743,2.08883,278.0,True,0.0,0.0,0.3700719897458498,1.6343453753713169,1.017171345325302,0.0,44.99999999999999,0.29049238449273984,43.08691256155797,10.403305339583975,0.5281840974653268,2.4040139392369357,0.7893994833147892,False
HD 46150,Bowman2020_Galactic,4.61,4.03,A,175.47,3.95351,1.59155,71.0,True,0.0,0.0,0.6548243008555434,1.6594196330174014,1.1514576244989199,0.0,51.009794596599384,0.16602970278731938,45.64777703454894,14.172864155291679,0.09901764544881175,2.244202876082985,0.5969828416384722,False
HD 90273,Bowman2020_Galactic,4.59,3.95,A,186.796,2.96658,1.52985,55.0,True,0.0,0.0,0.668634959898171,1.5739342959167841,1.105717319456904,0.0,40.69741357559093,0.23189417556771588,37.49162771550489,12.756082502235133,0.08522308295463676,2.271367572126798,0.47225606448539975,False
HD 110360,Bowman2020_Galactic,4.59,3.6,A,104.664,2.36468,1.36668,96.0,True,0.0,0.0,0.16149279329103677,1.451480016252211,0.8721503339255612,0.0,28.485619543478304,0.321760192064088,28.28003979487264,7.449898124593602,0.25470224320087936,2.0197973283850326,0.37377237820824066,False
HD 47839,Bowman2020_Galactic,4.58,3.7,A,54.461,3.7815,1.59141,43.0,True,0.0,0.0,0.43249785748806513,1.4666307568747743,0.9451695033427109,0.0,30.000000000000007,0.10668509731026644,29.284024186310816,8.813928098587397,0.0964297016339843,1.7360856114897092,0.5776641047321271,False
HD 53975,Bowman2020_Galactic,4.56,3.74,A,144.615,2.7786,1.36739,181.0,True,0.0,0.0,0.6015782331219777,1.445038112455645,0.9944971217051046,0.0,28.859365592922803,0.2755728703827343,27.863656814737286,9.874090916527441,0.36232084783247825,2.1602133419167915,0.44382603137753696,False
HD 41997,Bowman2020_Galactic,4.55,3.85,A,803.647,2.61022,2.32176,262.0,True,0.0,0.0,0.7386992634836264,1.4825639094490668,1.0902175435497485,0.0,32.24607926687758,0.03264828830732466,30.378330972925028,12.308851822319804,0.4207223838209886,2.9050653278320118,0.4166771129932439,False
HD 46573,Bowman2020_Galactic,4.56,3.93,A,409.204,2.00862,1.436,77.0,True,0.0,0.0,0.7452531859382773,1.5320639177262498,1.133406602656783,0.0,36.92012071287609,0.16709564239555216,34.045829330490136,13.595857456811691,0.1119427555786359,2.6119398703222267,0.3028977826850897,False
HD 48279,Bowman2020_Galactic,4.55,3.76,A,262.925,2.77586,1.735,131.0,True,0.0,0.0,0.6731993846860331,1.4393625943680683,1.0263471102187731,0.0,28.637162615443483,0.2077025784002766,27.50189339982531,10.625444574354068,0.24368907317464034,2.4198318825911467,0.44339755877104137,False
HD 46056,Bowman2020_Galactic,4.55,3.58,A,56.7,9.0522,2.45063,370.0,True,0.0,0.0,0.44414395246741134,1.3742167075491964,0.9000204131656644,0.0,24.0,0.17052265526013435,23.67100556604419,7.943655714522401,0.9206470834154755,1.7535830588929067,0.9567541407242331,False
HD 38666,Bowman2020_Galactic,4.53,3.59,A,20.239,4.06758,1.73389,111.0,True,0.0,0.0,0.5755162764845079,1.3605465446317921,0.9382508236468428,0.0,23.3762997396924,0.4585620605317139,22.937524455492326,8.674627279567972,0.25292049662320315,1.3061890504004259,0.6093361032725441,False
HD 74920,Bowman2020_Galactic,4.54,3.9,A,367.615,3.66392,2.18152,291.0,True,0.0,0.0,0.7887709061497206,1.4944858653341913,1.1375747097354516,0.0,33.53124350226506,0.06403778711335786,31.223807827190967,13.726970796310182,0.4190155593924361,2.5653932238357307,0.5639459824800228,False
HD 135591,Bowman2020_Galactic,4.54,3.99,A,343.595,1.977,1.38857,60.0,True,0.0,0.0,0.8172185347820887,1.547534746376338,1.2103543271622235,0.0,39.08604796459173,0.13526732071563818,35.280501217978575,16.231338209546497,0.07306489995830999,2.5360468353448593,0.2960066693136723,False
HD 326331,Bowman2020_Galactic,4.54,3.82,A,1196.544,2.20987,1.75566,332.0,True,0.0,0.0,0.7496201183739398,1.4561587949328232,1.081676386464661,0.0,30.139370274481667,0.017460641120037243,28.586355805226166,12.069141706357533,0.5437178213104152,3.0779286733680578,0.3443667261994771,False
HD 37041,Bowman2020_Galactic,4.54,3.28,A,48.977,0.93624,1.43815,134.0,True,0.0,0.0,0.0015756276072069937,1.275611536646941,0.7331686473772762,0.0,18.869401891286905,0.16968182612748223,18.863033526576825,5.409643521110529,0.48960745475750517,1.6899921796586868,-0.028612807976602626,True
HD 123056,Bowman2020_Galactic,4.5,3.7,A,268.094,4.01672,2.46953,193.0,True,0.0,0.0,0.7893614667004845,1.3666001579300489,1.0581238734760534,0.0,23.999999999999996,0.0557021040652895,23.259488393611534,11.43204363579306,0.3336916245667006,2.4282870944899666,0.6038715587186757,False
HD 97253,Bowman2020_Galactic,4.59,4.16,A,837.597,2.20426,2.06179,70.0,True,0.0,0.0,0.7715355347680143,1.7013089530791143,1.2732592682910477,0.0,60.73486309620547,0.10349783933433437,50.270007853823024,18.761141901648966,0.07374806715576676,2.9230351131720047,0.34326281971948686,False
HD 93843,Bowman2020_Galactic,4.57,4.15,A,489.559,2.60714,1.68517,58.0,True,0.0,0.0,0.8024116715389025,1.680146837223008,1.2962775133724567,0.0,57.57596671094426,0.29593998740739574,47.879194700652285,19.782333237662073,0.05795118900358598,2.6898050389999306,0.4161643528388176,False
HD 156738,Bowman2020_Galactic,4.58,3.87,A,350.922,4.38608,2.42795,65.0,True,0.0,0.0,0.6440268408461587,1.527694996293861,1.0644044819878462,0.0,35.850350379845594,0.12113077273755841,33.705051595735604,11.598570910373041,0.11076964029480782,2.545210595856047,0.6420765487372398,False
HD 36861,Bowman2020_Galactic,4.55,4.06,A,330.703,2.05434,1.39102,53.0,True,0.0,0.0,0.8203213267769675,1.6097798221497925,1.2601107910519302,0.0,46.63747794243677,0.14646508078946988,40.71737972146197,18.201651341152406,0.05755419041641283,2.5194381346703887,0.3126723223693683,False
HD 150574,Bowman2020_Galactic,4.52,3.87,A,1156.742,2.47023,1.92152,252.0,True,0.0,0.0,0.8271470712673399,1.4626647765023524,1.1491048108130193,0.0,30.981222933998108,0.2376158304435789,29.017819605181067,14.096289513274066,0.3533520381859085,3.0632365046120733,0.3927373917537884,False
HD 152247,Bowman2020_Galactic,4.51,3.94,A,661.325,2.75008,2.14782,82.0,True,0.0,0.0,0.8655510640858837,1.4949506966112729,1.2194919747238808,0.0,34.01870597487041,0.09239134473588685,31.257244983324586,16.576467051093935,0.09777633366506276,2.820414940603309,0.4393453276677904,False
HD 55879,Bowman2020_Galactic,4.49,3.85,A,191.802,1.71966,1.42054,26.0,True,0.0,0.0,0.8772405915418204,1.4297633833989298,1.1836706624719833,0.0,28.548740242554324,0.1325612996567347,26.90068774805354,15.264081017198817,0.033667785862201025,2.2828531314291975,0.23544258951215052,False
HD 154643,Bowman2020_Galactic,4.49,3.85,A,495.62,1.83226,1.48131,101.0,True,0.0,0.0,0.8772405915418204,1.4297633833989298,1.1836706624719833,0.0,28.548740242554324,0.1325612996567347,26.90068774805354,15.264081017198817,0.13078639892624244,2.695148823358551,0.26298710063828057,False
CPD-47 2963,Bowman2020_Galactic,4.57,4.16,A,705.866,2.53356,2.91261,67.0,True,0.0,0.0,0.8056437305339694,1.6839755905391565,1.3047295070102276,0.0,58.4152058554419,0.1709637595668095,48.303165255008416,20.171096496520263,0.06565339162333757,2.84872226339731,0.40373119375017985,False
HD 156154,Bowman2020_Galactic,4.53,4.22,A,1911.5,1.76469,1.9628,62.0,True,0.0,0.0,0.8789464140922691,1.6867498704651807,1.4187846033079143,0.0,61.80389451505717,0.1947742399316034,48.6127142776101,26.229173344870865,0.046721734476316806,3.281374302355047,0.24666842467346237,False
HD 112244,Bowman2020_Galactic,4.5,4.15,A,4203.703,0.9187,1.93925,124.0,True,0.0,0.0,0.8999836244949575,1.6396997107050455,1.4179238716091818,0.0,52.447716542368035,0.3105963469017748,43.621411133428204,26.177241016494378,0.09362884895166516,3.6236320246688694,-0.03682628362474837,False
HD 151804,Bowman2020_Galactic,4.45,4.33,A,3642.777,0.93978,4.26287,72.0,True,0.0,0.0,1.0149611451846783,1.4985199776600702,1.5358607312431263,0.5519124693306654,56.47181847295062,0.018565015650985398,31.515193475867516,34.344779403100134,0.041436554483606676,3.5614325858359956,-0.026973801685978356,False
HD 303492,Bowman2020_Galactic,4.45,4.29,A,3447.949,0.85247,4.45373,87.0,True,0.0,0.0,1.0053013057278957,1.533728088336096,1.5425770343606686,0.4269124679016706,56.338627243965036,0.28184279507833915,34.17653962864625,34.88004482337715,0.04930081389772186,3.5375608333758817,-0.06932089569465394,False
HD 57061,Bowman2020_Galactic,4.51,4.01,A,1261.169,1.4168,1.84189,57.0,True,0.0,0.0,0.8815057611323537,1.5339906100574732,1.2775144334184354,0.0,38.17738410326435,0.10172243614787725,34.19720486076611,18.94586478327234,0.05946648834637751,3.1007732870882347,0.15130854818201836,False
HD 152249,Bowman2020_Galactic,4.49,4.15,A,2144.886,1.76168,2.94309,71.0,True,0.0,0.0,0.9264954634784565,1.618181862377455,1.4274296608941681,0.0,49.636289420886875,0.24494089619777581,41.51278425203863,26.756522047196075,0.05244940412836311,3.3314042145223177,0.24592702390836851,False
HD 152424,Bowman2020_Galactic,4.48,4.14,A,5315.488,0.95329,3.42169,59.0,True,0.0,0.0,0.9743335461618676,1.5665550891172442,1.4123671565015559,0.0,42.85477699680924,0.09952959624275036,36.85997948054678,25.844441799175915,0.04512287115700164,3.725543142044313,-0.020774962697552694,False
HD 154368,Bowman2020_Galactic,4.48,4.28,A,1971.732,1.85794,4.70571,65.0,True,0.0,0.0,0.9715093003431491,1.4842150602850142,1.4478127359846291,0.6742424154910603,57.09258866090818,0.1823721352382,30.49404664548214,28.042242200534396,0.04581550642378233,3.294847884828933,0.2690316848515623,False
HD 152003,Bowman2020_Galactic,4.48,4.12,A,4459.742,0.92626,1.76747,65.0,True,0.0,0.0,0.9854661529208255,1.5483678228349274,1.399149738596503,0.0,40.60112245573019,0.10453165253714143,35.348242264555,25.069734730434185,0.051247830959940614,3.6493097351208177,-0.0332670902985798,False
HD 152147,Bowman2020_Galactic,4.48,4.04,A,3879.566,1.1396,2.43834,91.0,True,0.0,0.0,0.9707602298223087,1.506968824003399,1.3352103739025545,0.0,35.83836958601811,0.049735519266082204,32.13429853061212,21.637664066028865,0.08312714964320499,3.58878314457683,0.056752440567439236,False
HD 36960,Bowman2020_Galactic,4.46,3.31,A,30.868,1.83618,2.46009,23.0,True,0.0,0.0,0.6135945461120834,1.1912917959365676,0.8551921512731956,0.0,15.614651005647941,0.4003629678844638,15.534303859385682,7.164603341440627,0.06345232726525593,1.489508491577916,0.2639152526685912,False
HD 37042,Bowman2020_Galactic,4.47,3.06,A,57.494,1.20717,1.84494,33.0,True,0.0,0.0,0.08651921377971758,1.1459634542053667,0.6867355078599936,0.0,14.0,0.08961590083281713,13.994695525318663,4.861110662725706,0.13418077711334547,1.7596225246399968,0.08176843402701914,False
HD 43112,Bowman2020_Galactic,4.41,2.95,A,6.269,0.76982,1.16679,7.0,True,0.0,0.0,0.41049011163501425,1.0406403184355755,0.7002558792204301,0.0,11.0,0.27550937364352307,10.98096022450449,5.014826119727381,0.027590148089858265,0.7971982698389589,-0.11361081008111748,False
HD 35912,Bowman2020_Galactic,4.26,2.44,A,241.602,2.08064,3.01021,11.0,True,0.0,0.0,0.6094850306305746,0.7967056547732675,0.6211315469613601,0.0,6.264069258818111,0.17317138200100052,6.261893179211311,4.179569458285365,0.052020318748819384,2.3831005250872095,0.3181969434800138,False
HD 48977,Bowman2020_Galactic,4.25,2.61,A,311.431,1.46731,2.33096,26.0,True,0.0,0.0,0.8200024255482423,0.8323432673110056,0.7460196906592015,0.0,6.800000000000001,0.09298124426352701,6.797406888753198,5.572110119824002,0.09222858127695607,2.493361840277231,0.16652187735149473,False
HD 34816,Bowman2020_Galactic,4.46,3.22,A,61.383,0.66173,1.34255,25.0,True,0.0,0.0,0.4742991638353563,1.1748806963772855,0.7963740915534597,0.0,15.0,0.269328189934104,14.958246865209253,6.257114345476332,0.07897284574740392,1.7880481100913557,-0.17931917586098825,False
HD 46328,Bowman2020_Galactic,4.4,3.28,A,54.479,1.08885,1.34896,7.0,True,0.0,0.0,0.8118010081864728,1.1106187171256414,0.9102904219989782,0.0,13.0,0.44155107144582195,12.90086162862406,8.133742550814617,0.017010594375686337,1.7362291272001074,0.03696805545897908,False
HD 50707,Bowman2020_Galactic,4.38,3.31,A,132.11,4.27661,1.75206,29.0,True,0.0,0.0,0.8885349540277346,1.1056187437626959,0.9665356808222548,0.0,12.93964202778364,0.3501480124127984,12.753187468922325,9.25839447233359,0.061911907934655196,2.1209356925611313,0.6310996471306316,False
HD 37481,Bowman2020_Galactic,4.34,2.78,A,26.284,1.23368,3.20558,74.0,True,0.0,0.0,0.5954796470377064,0.9541379175170233,0.7057471647606521,0.0,9.000000000000002,0.6466123758942515,8.997832774768598,5.078636911112172,0.28800261145781264,1.4196914585184777,0.09120252415696807,False
HD 37209,Bowman2020_Galactic,4.38,2.76,A,26.461,0.826,2.35097,50.0,True,0.0,0.0,0.2153089258405136,0.999023744017334,0.6310609134771409,0.0,10.000000000000004,0.6871149095991871,9.977546121905144,4.276228596712424,0.23111118353638455,1.4226062527870638,-0.0830199526796178,False
HD 26912,Bowman2020_Galactic,4.2,2.61,A,299.788,1.15152,3.05793,53.0,True,0.0,0.0,0.9828158772562232,0.7769166466473411,0.8184656138245314,0.0,5.99181637581631,0.010663414578570079,5.982967540285983,6.583633005860632,0.15911903142980532,2.476814244796164,0.06127148534341788,False
HD 37711,Bowman2020_Galactic,4.21,2.61,A,916.636,0.86817,3.34037,68.0,True,0.0,0.0,0.9347248166993628,0.7985493570714742,0.8096843517866301,0.0,6.294307848381883,0.17336224037919723,6.288533185179223,6.4518513359641725,0.2083226213392725,2.9621969097430765,-0.061395225476774194,False
HD 57539,Bowman2020_Galactic,4.13,2.54,A,154.777,2.60349,3.06784,162.0,True,0.0,0.0,1.0004666705504917,0.7361177789398596,0.9050402193124004,2.0,5.450656624420138,0.13803707284459263,5.446503398260009,8.036005388912123,0.3984617756836152,2.189706424594824,0.4155559138906588,False
HD 41753,Bowman2020_Galactic,4.23,2.61,A,302.331,1.27728,3.47522,25.0,True,0.0,0.0,0.8699836036905976,0.8193563482867627,0.777221658556668,0.0,6.6,0.007846101191107875,6.59714984051321,5.9871709492603875,0.08253349206443042,2.4804826805509017,0.10628611192697604,False
HD 224990,Bowman2020_Galactic,4.13,2.33,A,23.296,1.57162,2.09149,20.0,True,0.0,0.0,0.9771805042646201,0.676249475485519,0.7642216986865754,0.0,4.751686798318964,0.059125858978921,4.745144863911117,5.810609618774831,0.06803308546938462,1.3672813576329432,0.19634754688599573,False
HD 48434,Bowman2020_Galactic,4.48,3.93,A,1647.09,1.47146,2.00588,48.0,True,0.0,0.0,0.9684979306275829,1.4310940322866765,1.2452680863768848,0.0,29.001541814778815,0.042256660293365916,26.983236030543104,17.590091006025975,0.05393678075065022,3.2167173304602663,0.16774846078466799,False
HD 61068,Bowman2020_Galactic,4.39,3.08,A,198.12,1.36075,1.35714,12.0,True,0.0,0.0,0.7150018986929697,1.0369236698203836,0.8052112538579399,0.0,10.999999999999998,0.6094334980860701,10.887387233547425,6.3857403221133175,0.03714341776044943,2.2969283193104184,0.13377834298911134,False
HD 35468,Bowman2020_Galactic,4.29,2.99,A,86.576,0.80155,1.95155,53.0,True,0.0,0.0,0.9286252286936396,0.9510157359202099,0.9081110029621103,0.0,8.944627149809653,0.25521549422659134,8.933378517210762,8.093027254768039,0.12944245388085834,1.9373975165885065,-0.09606938154837891,False
HD 44743,Bowman2020_Galactic,4.37,3.2,A,133.771,1.96975,1.3504,24.0,True,0.0,0.0,0.8570278710433393,1.073236256610726,0.9195959754525002,0.0,12.0,0.04789825530977229,11.836853065399957,8.309903403350473,0.05708567452140776,2.1263619736332124,0.2944111091513148,False
HD 54764,Bowman2020_Galactic,4.3,3.97,A,1949.927,0.96136,2.04624,123.0,True,0.0,0.0,1.0007557699214384,1.4073810075712794,1.6136058346507904,2.0,27.209585011503464,0.2899733373673206,25.549417761656315,41.077673121130196,0.05918493126167192,3.2900183528545086,-0.017113951835696455,False
HD 52089,Bowman2020_Galactic,4.34,3.6,A,222.135,1.30671,1.63586,26.0,True,0.0,0.0,1.0007796654674532,1.1914190617246385,1.241907865788649,2.0,16.054611973788525,0.026698581612643303,15.538856703600132,17.45451821513542,0.029442680957226883,2.3466169921788635,0.11617921468510543,False
HD 51309,Bowman2020_Galactic,4.2,3.64,A,1572.988,0.66617,2.15494,27.0,True,0.0,0.0,1.0017714519902252,1.20222027716509,1.5447746100535722,2.0,16.488165005770103,0.29881158438074007,15.930165111698308,35.05698881371537,0.015223027252777474,3.196725409493178,-0.17641492902673936,False
HD 46769,Bowman2020_Galactic,4.11,3.16,A,6.763,1.02897,2.76723,70.0,True,0.0,0.0,1.001744091484536,0.9840144405580512,1.3738192721120517,2.0,9.81385102983112,0.13556835497655836,9.638610720633231,23.6493534531993,0.05850468409716729,0.8301393874253428,0.012402712931154488,False
HD 27563,Bowman2020_Galactic,4.16,2.61,A,264.68,0.97211,3.49058,34.0,True,0.0,0.0,0.9992358279510868,0.7681664228417239,0.8921865613432267,1.8208685687189694,5.868124892838594,0.10814865134902395,5.863628173142174,7.801651767327889,0.08613987286821023,2.4227211259715578,-0.012284589302076338,False
HD 53244,Bowman2020_Galactic,4.14,2.74,A,10.428,0.79102,3.30717,36.0,True,0.0,0.0,1.0010221505933696,0.8049780232159301,1.0155164788049182,2.0,6.387373278545928,0.022837013825971756,6.382311886954167,10.363739277024314,0.06865906623678722,1.0182010224962914,-0.1018125357440037,False
HD 37128,Bowman2020_Galactic,4.47,4.05,A,2562.785,0.87736,2.28089,55.0,True,0.0,0.0,0.9722600497694462,1.506525772480786,1.3581011402951342,0.0,35.84917081867049,0.12162546636381978,32.10153299745148,22.808731893353603,0.047662127046219374,3.4087121733983725,-0.05682216953817564,False
HD 38771,Bowman2020_Galactic,4.47,4.06,A,1159.94,0.87575,1.91176,53.0,True,0.0,0.0,0.9738601528018225,1.5173941383016065,1.3738673476064622,0.0,36.98285474936768,0.12157363404738537,32.91502113571522,23.651971532264756,0.044291500425357226,3.064435525138261,-0.05761985401026997,False
HD 53138,Bowman2020_Galactic,4.23,4.13,A,1313.016,0.44918,2.39756,37.0,True,0.0,0.0,1.0003502727612903,1.5168025352029704,1.8912568925695614,2.0,37.093829342898964,0.07240474324492958,32.87021427686936,77.84969090286437,0.009394132950838269,3.118270018297684,-0.3475795891937662,False
HD 39985,Bowman2020_Galactic,4.11,2.34,A,8.6,1.02655,1.82852,26.0,True,0.0,0.0,0.989525174297445,0.6842479746692163,0.8089936411818608,0.0,4.838043114952928,0.175690861459249,4.833346990546342,6.441598338382996,0.07977954912341542,0.9344984512435677,0.011380107330827807,False
HD 37061,Bowman2020_Galactic,4.49,3.07,A,34.886,1.64256,2.41671,210.0,True,0.0,0.0,0.0035505344775997984,1.1734820721483672,0.6773417106675492,0.0,14.914592029183726,0.2862893970348798,14.910152044724114,4.757093753763829,0.8725482560357171,1.5426511764554052,0.2155212425806687,True
HD 37742,Bowman2020_Galactic,4.47,4.15,A,829.56,1.41864,2.41592,122.0,True,0.0,0.0,0.9742900165711389,1.589312969853259,1.4540927856781272,0.0,45.74274587781275,0.13696864352429267,38.843018337284796,28.450688827229335,0.08475765172737953,2.918847802930058,0.1518722010604934,False
HD 57682,Bowman2020_Galactic,4.54,3.62,A,159.073,1.11609,1.16316,12.0,True,0.0,0.0,0.5504040255009541,1.372203916043905,0.9351554638179933,0.0,24.000000000000004,0.15287912903777442,23.561553193478773,8.61302016143914,0.027538333366024577,2.201596471625854,0.047699216937928536,False
HD 54879,Bowman2020_Galactic,4.52,3.16,A,32.96,1.26842,3.41894,7.0,True,0.0,0.0,0.002406274996500217,1.228136919215209,0.7070137235884227,0.0,16.914571575939405,0.5177824829591731,16.909739578368043,5.09346966029562,0.027164154204491225,1.5179872030250783,0.10326308121153148,False
BD +36 4145,Shen2024_Galactic,4.553883026643875,3.75,A,208.88,3.97,1.985,,True,0.0,0.0,0.6435400859009561,1.4402862825486047,1.0117273196316183,0.0,28.623699943719497,0.20305999015342624,27.56044861691906,10.273710403790549,,2.319896858814888,0.5987905067631151,False
BD +62 2078,Shen2024_Galactic,4.587710965018911,3.74,A,283.13,0.24,1.11,38.0,True,0.0,0.0,0.44388637411615933,1.4926640138624827,0.9629525107610972,0.0,32.0,0.09151829271000983,31.093099301980423,9.182321841283999,0.08179805114076796,2.4519858889489092,-0.619788758288394,False
HD 101190,Shen2024_Galactic,4.599883072073688,3.91,A,149.41,4.08,2.26,74.0,True,0.0,0.0,0.586504652052853,1.5687627612925166,1.0593878621245436,0.0,39.498789900686354,0.083970096986306,37.04782881706889,11.465364394640387,0.12757210697377241,2.174379665748987,0.6106601630898799,False
HD 101223,Shen2024_Galactic,4.546542663478131,3.96,A,165.115,4.325,2.3049999999999997,63.0,True,0.0,0.0,0.7930667827402664,1.536088227798784,1.178079994938694,0.0,37.690249511395415,0.09781943931557674,34.36277494789338,15.06884601465881,0.08263659714766185,2.2177865288734293,0.6359861118008331,False
HD 14434,Shen2024_Galactic,4.586587304671755,3.78,A,410.14,5.49,2.49,,True,0.0,0.0,0.5153893510287965,1.5009468881294568,0.9910568381124018,0.0,32.90285271986038,0.23757060696924395,31.691798657550812,9.796181841480676,,2.612932127083471,0.7395723444500919,False
HD 149038,Shen2024_Galactic,4.474216264076255,4.11,A,3354.41,0.49,1.66,90.0,True,0.0,0.0,0.9877798200243489,1.5397990819597227,1.3995938542165995,0.0,39.59191675501993,0.026297518055812687,34.657647637659394,25.095384504980366,0.0708860090727829,3.5256161440945175,-0.3098039199714863,False
HD 15629,Shen2024_Galactic,4.6211762817750355,4.08,A,438.36,3.49,2.17,64.0,True,0.0,0.0,0.6558295197430501,1.697005212061186,1.1712072870984997,0.0,56.82521695202174,0.24407433439188722,49.77430584642475,14.832258542634985,0.08528733766327308,2.6418309182595414,0.5428254269591799,False
HD 188209,Shen2024_Galactic,4.478566495593843,4.26,A,10333.025,0.255,1.44,93.0,True,0.0,0.0,0.936146132063726,1.6788562928909103,1.5357459362410113,0.0,62.278521806821104,0.2908411390524819,47.73712863893528,34.3357024100256,0.05353636535164577,4.014227480134309,-0.5934598195660448,False
HD 191978,Shen2024_Galactic,4.553883026643875,3.8,A,179.64,1.435,1.4449999999999998,82.0,True,0.0,0.0,0.6939363277410057,1.4613117338323467,1.0494964110772969,0.0,30.349478350066576,0.09204504640867822,28.927555389599483,11.207181647077048,0.14462031797248487,2.254403046390677,0.15685190107001115,False
HD 192001,Shen2024_Galactic,4.518513939877887,3.63,A,242.42,1.04,1.25,57.0,True,0.0,0.0,0.6918021436870434,1.3668902751316976,0.996054746832922,0.0,23.87603318125765,0.3944362238796774,23.275031377366258,9.909568562890234,0.11369254273749237,2.3845684468941206,0.01703333929878037,False
HD 193595,Shen2024_Galactic,4.578639209968072,3.91,A,223.33,2.615,1.565,61.0,True,0.0,0.0,0.6805399484416785,1.5414646173248132,1.094464754653612,0.0,37.40277434303522,0.09572734475111952,34.79081618527121,12.429817570581376,0.09700116519528147,2.3489470659255978,0.4174716932032931,False
HD 207198,Shen2024_Galactic,4.519827993775719,4.16,A,866.89,1.37,1.79,97.0,True,0.0,0.0,0.8791580480641985,1.6532451124076732,1.3893309590789842,0.0,54.51354922081382,0.04960515641775946,45.003377877390484,24.509302898218234,0.07822627420107336,2.937963993181159,0.1367205671564068,False
HD 209975,Shen2024_Galactic,4.505149978319906,4.11,A,1155.35,0.92,1.72,104.0,True,0.0,0.0,0.8934692542315226,1.6113272613123486,1.3744059958151367,0.0,47.85499070514942,0.16718090689875434,40.86271901469551,23.681324877881618,0.08680389525846635,3.062713568680587,-0.036212172654444715,False
HD 210839,Shen2024_Galactic,4.553883026643875,4.14,A,751.0,1.85,2.29,,True,0.0,0.0,0.8290135512188054,1.6630148900635735,1.3164964370686303,0.0,55.0862230328709,0.11602641508455784,46.02723540423374,20.725090567466417,,2.8756399370041685,0.26717172840301384,False
HD 214680,Shen2024_Galactic,4.546542663478131,3.69,A,107.76,0.23,1.1,43.0,True,0.0,0.0,0.6073065451328509,1.4073637430346393,0.9767194112958113,0.0,26.266364588208027,0.16501672616453375,25.548402114186548,9.478059076010837,0.08967283807307655,2.032457582714929,-0.638272163982407,True
HD 216532,Shen2024_Galactic,4.547774705387822,3.54,A,78.345,2.785,1.89,54.0,True,0.0,0.0,0.37621142263260465,1.3753566307362848,0.8813098531962474,0.0,24.0,0.22182055810194562,23.73321812570144,7.608689354338042,0.1402800065183983,1.894011284892675,0.44482519950974775,False
HD 217086,Shen2024_Galactic,4.576341350205793,3.7,A,233.62,4.87,2.03,,True,0.0,0.0,0.4604890030335478,1.4624378989554767,0.9513601487861251,0.0,29.764961928613836,0.2426192531673093,29.002664514160248,8.940465852991377,,2.368510019595464,0.6875289612146344,False
HD 218915,Shen2024_Galactic,4.492760389026838,4.14,A,4272.76,0.645,1.68,88.0,True,0.0,0.0,0.9171024326500695,1.6183580975805691,1.4183633877003803,0.0,49.370818383675775,0.11900618472347348,41.52963341516833,26.2037464014779,0.06637906873975008,3.630708499275678,-0.19044028536473223,False
HD 225146,Shen2024_Galactic,4.451786435524291,4.09,A,16275.175,0.1149999999999999,1.235,88.0,True,0.0,0.0,0.9940964896071678,1.5283494425173372,1.4303316203430372,0.0,38.3061013600212,0.03486957491005807,33.75588063664767,26.93590801859578,0.0645747781148444,4.211525667048262,-0.9393021596463887,True
HD 228841,Shen2024_Galactic,4.576341350205793,3.82,A,254.58,5.0649999999999995,2.15,,True,0.0,0.0,0.6070383242776017,1.4998677817960784,1.0281527253453098,0.0,33.156423470464354,0.19578831018773207,31.61315071301069,10.669712696914289,,2.4058242821502596,0.7045794496962992,False
HD 34078,Shen2024_Galactic,4.537819095073274,3.47,A,163.36,0.25,1.47,32.0,True,0.0,0.0,0.3300551821275403,1.3392593288914607,0.8498911960782237,0.0,21.999999999999996,0.11693492295138312,21.840336676721517,7.0776844473805,0.08936565709021282,2.213145724742835,-0.6020599913279624,True
HD 34656,Shen2024_Galactic,4.556302500767287,4.12,A,854.25,2.08,1.79,77.0,True,0.0,0.0,0.8195098068331892,1.653440335260985,1.2962274739663757,0.0,53.1467271041101,0.19664324282870863,45.023612218739544,19.780054048720864,0.07694406417803834,2.9315849874708,0.31806333496276157,False
HD 41161,Shen2024_Galactic,4.546542663478131,3.74,A,221.85,5.86,2.39,,True,0.0,0.0,0.6724862916482981,1.4297495604491326,1.0211496865750982,0.0,27.9299220908312,0.11217920509380676,26.899831552651243,10.499042326704696,,2.3460594330525737,0.7678976160180907,False
HD 46485,Shen2024_Galactic,4.557507201905658,3.74,A,720.44,2.485,2.16,,True,0.0,0.0,0.610580700609532,1.441142166307547,0.9965137901879275,0.0,28.59875627843959,0.20986411211283043,27.614816793633175,9.920048379491103,,2.857597817552566,0.3953263930693509,False
HD 47432,Shen2024_Galactic,4.463892988985907,4.21,A,6386.69,0.27,1.5,63.0,True,0.0,0.0,0.9578684579803691,1.6329402857367523,1.5100000909897684,0.0,52.891344856177916,0.21862042491155304,42.94773707808756,32.35937247262875,0.03848152984569764,3.8052758366908277,-0.5686362358410126,False
HD 5689,Shen2024_Galactic,4.565847818673518,3.93,A,394.02,4.4,2.52,,True,0.0,0.0,0.7274596222934478,1.5361978964998697,1.1227197189560068,0.0,37.2061484637529,0.1182792204606635,34.37145338362684,13.265380722754278,,2.5955182666712378,0.6434526764861874,False
HD 64568,Shen2024_Galactic,4.671172842715083,4.14,A,119.97,5.18,2.08,53.0,True,0.0,0.0,0.4995301241358965,1.8324224861068321,1.16645273921215,0.0,76.66349725123615,0.07792238581279523,67.98646903364593,14.67076428050805,0.07140604859786921,2.079072658853184,0.714329759745233,False
HD 68450,Shen2024_Galactic,4.48572142648158,4.02,A,662.8149999999999,2.315,1.9,77.0,True,0.0,0.0,0.9771042566144486,1.4879225182245985,1.3059219685372905,0.0,33.98171373115623,0.0974496602422835,30.755480622406132,20.226557272151982,0.07524551646093938,2.8213923282679914,0.36455099535397195,False
HD 76556,Shen2024_Galactic,4.578639209968072,3.8,A,1487.44,0.81,1.37,,True,0.0,0.0,0.5775226396483422,1.4956445081499294,1.012464032456788,0.0,32.687905506065185,0.18343180333842846,31.307220219534415,10.29115294056215,,3.172439456286664,-0.09151498112135022,False
HD 91572,Shen2024_Galactic,4.588831725594207,3.91,A,2486.61,0.3399999999999999,1.325,57.0,True,0.0,0.0,0.6420965699133437,1.5587212589844688,1.0823164485820516,0.0,38.86736613286254,0.15567264994862448,36.20105764329552,12.086942291118495,0.09321166761707539,3.395607675849097,-0.46852108295774497,False
HD 92504,Shen2024_Galactic,4.54282542695918,3.86,A,112.25,3.465,1.935,63.0,True,0.0,0.0,0.7652840259488654,1.481184238703226,1.1083014277821448,0.0,32.24885534636702,0.03257513633315269,30.28197793743924,12.832209099541748,0.09704004571106768,2.0501863496753607,0.5397032389478256,False
HD 93222,Shen2024_Galactic,4.565847818673518,4.02,A,280.885,2.465,1.82,90.0,True,0.0,0.0,0.7774846929089466,1.5954859973864035,1.2009846788025718,0.0,44.28185197519145,0.14865313392792515,39.39907243085475,15.884907082609375,0.11198753914352746,2.4485285473497838,0.39181692361324877,False
HD 93250,Shen2024_Galactic,4.653212513775344,4.14,A,202.025,4.904999999999999,2.45,84.0,True,0.0,0.0,0.6004462174805566,1.7879441712553865,1.1840925501622377,0.0,71.35717791965303,0.26967549909606026,61.368311086303486,15.278916243170169,0.10866723248124303,2.305405115437894,0.6906390117159673,False
HD 97848,Shen2024_Galactic,4.551449997972875,3.93,A,272.05,1.69,1.49,77.0,True,0.0,0.0,0.7711934296816436,1.5262907172462328,1.1507241026022494,0.0,36.52433911035504,0.04769042523511125,33.596243264241636,14.148946440293898,0.10756686051447317,2.4346487302419235,0.22788670461367352,False
HD 99546,Shen2024_Galactic,4.568201724066995,3.95,A,186.45,2.3,1.55,60.0,True,0.0,0.0,0.7344355278100307,1.5528398389639353,1.1381795087285607,0.0,38.95594244017817,0.16473263335603255,35.71411057895437,13.746100308368014,0.08627473071384915,2.2705623876973258,0.36172783601759284,False
HDE 242926,Shen2024_Galactic,4.5910646070264995,3.68,A,240.99,0.28,1.08,52.0,True,0.0,0.0,0.3225987743717403,1.4698238283250074,0.9175818953539725,0.0,30.0,0.19129789255980933,29.500123106200267,8.27145469528516,0.12426056358944254,2.381999021683067,-0.5528419686577808,True
HDE 303308,Shen2024_Galactic,4.613841821876069,3.95,A,323.82,0.71,1.35,67.0,True,0.0,0.0,0.5735031909245134,1.6241318613716462,1.0830556465986652,0.0,45.503899612564105,0.09343724104432219,42.085438965146594,12.107532586724682,0.10937826417334678,2.5103036684488576,-0.14874165128092473,False
HD 192281,Shen2024_Galactic,4.61066016308988,4.01,A,341.1,5.18,2.45,,True,0.0,0.0,0.6351690010768694,1.6465677658786848,1.1316516674870518,0.0,48.9781981936313,0.09156651042877864,44.31673594678192,13.541028977999215,,2.5328817194073974,0.714329759745233,False
HD 206183,Shen2024_Galactic,4.528916700277655,3.47,A,63.349999999999994,0.44,1.64,29.0,True,0.0,0.0,0.37748175852582844,1.3386966323959633,0.8619742701371059,0.0,22.000000000000004,0.48897668071990985,21.812057425236002,7.277366883548879,0.07876542097796627,1.80174661921946,-0.3565473235138126,False
HD 210809,Shen2024_Galactic,4.489958479424835,4.23,A,5514.71,0.435,1.58,105.0,True,0.0,0.0,0.9164159597007091,1.6714503244648053,1.4930144336080717,0.0,59.520064268222086,0.11633843301184234,46.9299751733981,31.118197555058774,0.0666939955519733,3.7415226792945746,-0.3615107430453627,False
HD 207538,Shen2024_Galactic,4.505149978319906,3.61,A,298.135,0.405,1.32,50.0,True,0.0,0.0,0.7090375108203548,1.3336285259180773,0.9871173497128406,0.0,22.000000000000004,0.021875601557735477,21.558995701021956,9.707722419437617,0.1018039257158317,2.474412963669667,-0.3925449767853314,False
BD +60 2522,Shen2024_Galactic,4.558708570533166,4.07,A,2047.295,1.39,1.98,,True,0.0,0.0,0.8023633784918376,1.6240502371043444,1.2527384572957967,0.0,48.29475368108392,0.14735211914352878,42.07752988394445,17.895278322592404,,3.311180425779933,0.14301480025409505,False
HD 225160,Shen2024_Galactic,4.521138083704036,4.12,A,3203.0150000000003,0.8699999999999999,1.845,103.0,True,0.0,0.0,0.872121832017474,1.6294892620420987,1.355889614212271,0.0,50.29271110314228,0.0933773089937606,42.607814864399664,22.69287987590135,0.08971384726722874,3.50555897250771,-0.06048074738138153,False
BD +60 261,Shen2024_Galactic,4.544068044350276,4.07,A,641.62,1.53,2.04,92.0,True,0.0,0.0,0.8321525425812557,1.6122965666324975,1.2781136579609635,0.0,47.1412188096208,0.19663144252080592,40.95402269618484,18.972023676267685,0.09584865878393659,2.8072778929230244,0.1846914308175988,False
HD 13022,Shen2024_Galactic,4.477121254719663,4.06,A,1134.29,1.83,2.04,131.0,True,0.0,0.0,0.9744439611209179,1.515243683724728,1.3557661373247354,0.0,36.75124369540234,0.12161215029819328,32.75244181039641,22.68642884325542,0.11413452325541502,3.05472410332088,0.26245108973042947,False
HD 12993,Shen2024_Galactic,4.593286067020458,3.87,A,147.66,3.46,1.71,79.0,True,0.0,0.0,0.5771910352087971,1.5447164960076942,1.041850650337719,0.0,37.08549282504698,0.18371732946278688,35.0522980629947,11.01160565978025,0.1418039445378523,2.169262864086446,0.5390760987927766,False
HD 13268,Shen2024_Galactic,4.534026106056135,3.92,A,363.98,4.53,2.44,,True,0.0,0.0,0.8125479132237957,1.504267171898487,1.1690209730641739,0.0,34.59371679255273,0.12562039625547083,31.93501848654503,14.757778002075522,,2.561077520659303,0.6560982020128319,False
HD 14442,Shen2024_Galactic,4.592176757395867,4.14,A,608.57,4.08,2.6,,True,0.0,0.0,0.7572997332170248,1.6915397781196537,1.2532094815324601,0.0,58.39227557324692,0.1690023498000667,49.151839753906316,17.91469759410117,,2.784310539616651,0.6106601630898799,False
BD +62 424,Shen2024_Galactic,4.587710965018911,3.94,A,1827.21,2.525,1.89,65.0,True,0.0,0.0,0.6688640714579307,1.5633753571138143,1.0997945282466544,0.0,39.53433873380468,0.06546701155164315,36.591090874421205,12.583299346679766,0.10210116538432691,3.261788463389821,0.4022613824546802,False
HD 13745,Shen2024_Galactic,4.477121254719663,4.01,A,1694.79,1.34,2.01,57.0,True,0.0,0.0,0.9694348327207296,1.4867367223407169,1.3172550335591275,0.0,33.8456259895425,0.04319428901215877,30.671620521163973,20.761323401810383,0.05426648511473337,3.229115892809698,0.12710479836480765,False
BD +60 498,Shen2024_Galactic,4.515873843711679,3.46,A,168.7,0.26,1.38,40.0,True,0.0,0.0,0.48180711158620065,1.2973028480398416,0.8691625691343569,0.0,19.999999999999993,0.051851198610480854,19.82909292641882,7.39882182781599,0.10685855397602581,2.2271150825891253,-0.585026652029182,True
BD +60 499,Shen2024_Galactic,4.534026106056135,3.66,A,64.41,0.53,1.56,38.0,True,0.0,0.0,0.6439802487766773,1.381749532851665,0.9797829577393894,0.0,24.718888432361744,0.363816130062098,24.085159840959147,9.545154398139372,0.07868872521441346,1.8089532991559112,-0.27572413039921095,False
BD +60 501,Shen2024_Galactic,4.578639209968072,3.81,A,463.81,2.38,2.1,87.0,True,0.0,0.0,0.5874083344024257,1.4996224873790662,1.0191184985111246,0.0,33.05794319316955,0.23706192397454962,31.595300290805124,10.450053130603681,0.1645555842721514,2.666340108032026,0.37657695705651195,False
HD 14947,Shen2024_Galactic,4.592176757395867,4.11,A,2574.9,1.0,1.82,22.0,True,0.0,0.0,0.7495337676118569,1.6809114876377664,1.235672874504196,0.0,56.24290389474251,0.11669966913916566,47.963568544655416,17.20572092870841,0.025273283968015214,3.4107603672445874,0.0,False
HD 15642,Shen2024_Galactic,4.47567118832443,3.77,A,594.69,3.13,2.14,,True,0.0,0.0,0.8770338339967164,1.3763692539813044,1.1449420834036472,0.0,24.790840912361784,0.3477971277162614,23.78862027610331,13.96182156731875,,2.774290635688897,0.49554433754644844,False
HD 18409,Shen2024_Galactic,4.477121254719663,4.15,A,3571.3450000000003,0.8,1.7,102.0,True,0.0,0.0,0.973941491938346,1.5842908580634631,1.4355379225063112,0.0,45.08862099294641,0.12883517191360547,38.39643100682569,27.260757689207303,0.07395612026576949,3.552831806048001,-0.09691001300805639,False
HD 16832,Shen2024_Galactic,4.505149978319906,4.04,A,322.28,3.57,2.37,70.0,True,0.0,0.0,0.9216242836105808,1.521818657178356,1.290685842669865,0.0,37.208170345707664,0.1402547103129555,33.252067787272324,19.529262486550483,0.07084742467026295,2.508233354972011,0.5526682161121932,False
HD 24431,Shen2024_Galactic,4.54282542695918,3.79,A,211.67,4.19,2.35,81.0,True,0.0,0.0,0.7203856749229904,1.445561160298221,1.05668631530366,0.0,29.238974643393217,0.27274947640302794,27.8972349648582,11.394264987993386,0.14051108079560856,2.3256593098016407,0.6222140229662954,False
BD +39 1328,Shen2024_Galactic,4.515873843711679,4.03,A,5915.69,0.36,1.47,37.0,True,0.0,0.0,0.8703504534789837,1.5498689395594152,1.2789755188966836,0.0,39.84447828952986,0.09641707625049636,35.470633057838725,19.009711194964293,0.03847140753600208,3.7720054075802856,-0.44369749923271273,False
HD 36483,Shen2024_Galactic,4.523746466811565,3.62,A,169.54,2.56,1.86,74.0,True,0.0,0.0,0.653415597283349,1.3657406130961365,0.9760650377621214,0.0,23.76104874371011,0.3546341288808809,23.2134993180773,9.463788757053774,0.1545533961708687,2.22927217882129,0.4082399653118496,False
HDE 344783,Shen2024_Galactic,4.471291711058939,3.67,A,187.635,0.255,1.15,,True,0.0,0.0,0.8420578257543307,1.3310134626187895,1.0822347113954802,0.0,22.000000000000004,0.036264927911343156,21.429570292411114,12.084667660114869,,2.2733138515755824,-0.5934598195660448,False
Cyg X-1,Shen2024_Galactic,4.442479769064448,4.09,A,5491.73,0.35,1.53,,True,0.0,0.0,0.9965246285073164,1.5247120631503708,1.4458181979675095,0.0,37.89488499381433,0.09403899453757411,33.47434309776559,27.913750861210147,,3.739709177072986,-0.4559319556497244,False
HD 191612,Shen2024_Galactic,4.556302500767287,3.89,A,247.73,2.47,2.0,45.0,True,0.0,0.0,0.7368467925132471,1.5078565888047206,1.1076877020555815,0.0,34.485021654716384,0.14664927519467744,32.20005316882041,12.814087996976887,0.0694123395330474,2.3939786026517718,0.39269695325966575,False
BD +36 4063,Shen2024_Galactic,4.44870631990508,4.04,A,10709.19,0.18,1.27,,True,0.0,0.0,0.9762000309358274,1.5017585597829937,1.4006006456978493,0.0,35.39378257875553,0.07340983617025314,31.75108420779053,25.153628689372145,,4.029756623788573,-0.744727494896694,False
HD 229232,Shen2024_Galactic,4.632457292184724,4.11,A,239.51,6.225,2.535,,True,0.0,0.0,0.6451764338830697,1.725743393116017,1.1782659647343603,0.0,61.507343776942506,0.16730572460352502,53.17939510790406,15.075300046233483,,2.3793236507533155,0.794139355767774,False
HDE 229196,Shen2024_Galactic,4.583198773968623,4.18,A,440.54,2.71,2.02,,True,0.0,0.0,0.7964286017759467,1.7032770682027862,1.2996133398879115,0.0,62.06401229583191,0.23513180394263195,50.49833606256506,19.934866879474114,,2.643985347459971,0.4329692908744057,False
Cyg OB2-5,Shen2024_Galactic,4.552668216112194,4.14,A,5858.33,0.25,1.35,,True,0.0,0.0,0.8302390890647079,1.6626814531413576,1.3178747929462653,0.0,55.051270085946946,0.055635435365216424,45.99191077928489,20.790971971867926,,3.767773831862893,-0.6020599913279624,False
Cyg OB2-24,Shen2024_Galactic,4.570542939881897,3.73,A,359.51,3.05,2.76,,True,0.0,0.0,0.5339974537503446,1.459180572344172,0.9746125596213968,0.0,29.707874629401722,0.17162341085306249,28.78595037371947,9.432190415080782,,2.5557109750649865,0.48429983934678583,False
CYG OB2-11,Shen2024_Galactic,4.571708831808688,4.05,A,1504.3,1.56,2.35,85.0,True,0.0,0.0,0.7682673548294803,1.6229195950924238,1.214776039902505,0.0,47.66479919287025,0.24366991774850094,41.96812773665282,16.397439601889232,0.10246009555696788,3.1773344555057,0.1931245983544616,False
HD 203064,Shen2024_Galactic,4.547774705387822,3.89,A,544.625,2.43,2.0700000000000003,,True,0.0,0.0,0.7645826628804622,1.4972435512015037,1.1199820076748908,0.0,33.64973732037643,0.04532118645365614,31.42270376806931,13.182021258143683,,2.73609757294381,0.38560627359831223,False
HD 108,Shen2024_Galactic,4.544068044350276,4.04,A,373.14,1.12,1.63,45.0,True,0.0,0.0,0.8281732074188082,1.5889223498836091,1.2516056813660026,0.0,44.0813373280658,0.17887529950100903,38.80809724614554,17.8486626565996,0.04983319164943867,2.5718718071971667,0.04921802267018165,False
BD +60 586,Shen2024_Galactic,4.5843312243675305,3.63,A,344.83000000000004,0.24,1.335,77.0,True,0.0,0.0,0.2846442554965043,1.4418256737765267,0.8937476680882173,0.0,28.0,0.26078782185609484,27.65831215247908,7.829745900542353,0.1943814994129531,2.5376050421517773,-0.619788758288394,True
HD 15137,Shen2024_Galactic,4.472756449317212,3.48,A,989.99,2.37,2.17,,True,0.0,0.0,0.7178859976307631,1.25076987087475,0.9428996747921906,0.0,18.0,0.1308622813304827,17.814345495772827,8.767982509258326,,2.9956308077624456,0.37474834601010387,False
HD 16691,Shen2024_Galactic,4.598790506763115,4.05,A,1265.77,2.34,2.38,88.0,True,0.0,0.0,0.6957335841453604,1.655183107452668,1.1768919568478204,0.0,51.0338293458494,0.16716388546930105,45.204649626748754,15.027680631202841,0.11574509242704456,3.1023547982520574,0.3692158574101428,False
HD 17603,Shen2024_Galactic,4.52244423350632,4.22,A,2986.24,0.88,1.9,108.0,True,0.0,0.0,0.8861420490408174,1.682588426714879,1.4319080635044925,0.0,61.10098215600178,0.11279059377527635,48.149128047693104,27.033860194078617,0.07896371325148716,3.475124708441621,-0.05551732784983137,False
HD 14633,Shen2024_Galactic,4.544068044350276,3.78,A,189.27,4.19,2.07,69.0,True,0.0,0.0,0.7080279935320594,1.4393968797316719,1.0458826496043059,0.0,28.741013376803338,0.27521869768422663,27.50406462159847,11.114313676429525,0.12270953542842981,2.277081782125646,0.6222140229662954,False
HD 237211,Shen2024_Galactic,4.487138375477186,4.25,A,3358.48,0.67,1.7,82.0,True,0.0,0.0,0.9271746554985288,1.6791490136502487,1.5164680053911082,0.0,61.95747438130404,0.21925564834773678,47.769314999584715,32.84490464688426,0.04934665485562403,3.5261427663862372,-0.17392519729917355,False
HDE 305524,Shen2024_Galactic,4.606381365110605,3.89,A,304.73,2.3949999999999996,1.835,,True,0.0,0.0,0.5370341403878756,1.5722346065667938,1.039665054562449,0.0,39.5257142536524,0.03477323408759378,37.34518425922914,10.956328739071,,2.4839152116664085,0.37930551775058197,False
HDE 305438,Shen2024_Galactic,4.570542939881897,3.73,A,260.39,0.215,1.445,,True,0.0,0.0,0.5339974537503446,1.459180572344172,0.9746125596213968,0.0,29.707874629401722,0.17162341085306249,28.78595037371947,9.432190415080782,,2.415624301600413,-0.6675615400843947,False
HD 93190,Shen2024_Galactic,4.488550716500444,3.43,A,464.23,1.07,1.9,,True,0.0,0.0,0.5984892229623022,1.2548769317347397,0.8874174950814748,0.0,18.134459457954566,0.12354348672801865,17.98361232027144,7.716449087302627,,2.6667332024996186,0.029383777685209667,False
HD 91837,Shen2024_Galactic,4.558708570533166,3.67,A,148.26,4.45,2.28,,True,0.0,0.0,0.5279297394932584,1.4171394471167316,0.9499133567668923,0.0,26.773852267673306,0.35899776647752996,26.130002249591602,8.910731482616498,,2.171023995785723,0.6483600109809317,False
HD 92607,Shen2024_Galactic,4.53655844257153,3.7,A,102.12,2.78,1.88,,True,0.0,0.0,0.6811590367993974,1.4013156834320615,1.0086332770100486,0.0,26.0,0.0749290417298023,25.19507662105596,10.200777551673724,,2.0091108061322127,0.4440447959180762,False
HD 36512,Shen2024_Galactic,4.518513939877887,3.44,A,59.705,0.375,1.6,33.0,True,0.0,0.0,0.43390944732123526,1.2977792923116638,0.854644135873738,0.0,20.000000000000004,0.007109663541552882,19.850858438560593,7.155568373339164,0.09115524753963364,1.77601070267848,-0.42596873227228116,False
BN Gem,Shen2024_Galactic,4.570542939881897,3.73,A,1650.94,0.945,1.52,,True,0.0,0.0,0.5339974537503446,1.459180572344172,0.9746125596213968,0.0,29.707874629401722,0.17162341085306249,28.78595037371947,9.432190415080782,,3.217731290014814,-0.024568191490737076,False
HD 69106,Shen2024_Galactic,4.456366033129043,3.93,A,700.1800000000001,3.5,2.46,,True,0.0,0.0,0.9842689073974529,1.4256352773185792,1.2886056392571865,0.27617694401377413,28.571930243661733,0.08193324872806827,26.646199634236485,19.435944008035616,,2.8452097013823283,0.5440680443502757,False
HD 37737,Shen2024_Galactic,4.477121254719663,3.8,A,6643.65,0.68,1.74,,True,0.0,0.0,0.8872092846030661,1.3946088968897319,1.166566207945556,0.0,26.0,0.024651634843834862,24.808979308604812,14.67459783261397,,3.8224067449303956,-0.16749108729376366,False
HD 39680,Shen2024_Galactic,4.6180480967120925,3.95,A,450.42,1.47,1.55,,True,0.0,0.0,0.5515775122834093,1.6258569788256778,1.073987095589146,0.0,45.49728216294726,0.03412986745835524,42.25294446205104,11.857335153460875,,2.653617666250029,0.1673173347481761,False
SS 215,Shen2024_Galactic,4.691081492122969,4.08,A,866.4000000000001,2.245,2.55,,True,0.0,0.0,0.27167363361335917,1.8636742018418793,1.113321721760142,0.0,77.410546281896,0.021235329147524722,73.05908047200933,12.98140566674912,,2.937718443617264,0.351216345339342,False
{theta}^1^ Ori,Shen2024_Galactic,4.595496221825574,3.84,A,748.74,0.53,1.41,,True,0.0,0.0,0.5373754982331203,1.5391019407210713,1.0214329979401489,0.0,36.342302391221054,0.014932014349877364,34.60205887331896,10.505893595954,,2.874331035098442,-0.27572413039921095,False
{theta}^2^ Ori,Shen2024_Galactic,4.501059262217751,3.51,A,606.28,0.475,1.16,,True,0.0,0.0,0.6292065597841212,1.2941434501776645,0.9238426521394613,0.0,19.930178873034997,0.031018058145398965,19.685364021914737,8.391558995157045,,2.7826732419395652,-0.3233063903751334,False
ALS 8294,Shen2024_Galactic,4.620136054973758,3.9,A,252.05,1.125,1.43,87.0,True,0.0,0.0,0.4857828674148082,1.6084504497085788,1.0388906898065018,0.0,43.041481673076355,0.4410121591205523,40.59293466029838,10.936810564550408,0.15723181712183232,2.4014867017741692,0.05115252244738129,False
HDE 227245,Shen2024_Galactic,4.57978359661681,3.91,A,109.27,5.56,2.32,71.0,True,0.0,0.0,0.6767599223581902,1.5449927643272372,1.094127006745788,0.0,37.73106181381632,0.07730921683795308,35.07460302111786,12.420154742609826,0.11299083360920815,2.0385009430766745,0.7450747915820575,False
HDE 344777,Shen2024_Galactic,4.553883026643875,3.99,A,129.8,2.59,1.72,103.0,True,0.0,0.0,0.7872040046203077,1.5533777084890508,1.1831340662437637,0.0,39.45033147062015,0.07025921999496988,35.75836956178767,15.245232998831039,0.13354112458604517,2.1132746924643504,0.4132997640812518,False
BD +33 1025,Shen2024_Galactic,4.5843312243675305,3.72,A,375.775,0.39,1.44,10.0,True,0.0,0.0,0.4379558478932776,1.4716329166467352,0.9493315224274252,0.0,30.390128247088754,0.22229586128166037,29.62326452278965,8.898801563197965,0.022211625802411556,2.5749278834728484,-0.4089353929735008,False
HD 102415,Shen2024_Galactic,4.519827993775719,3.55,A,85.64,8.35,2.75,,True,0.0,0.0,0.5700289802516089,1.3360101825111264,0.9233823962292433,0.0,22.000000000000004,0.15643877189205874,21.677549296191035,8.382670512952485,,1.9326766586224007,0.921686475483602,False
HD 201345,Shen2024_Galactic,4.528916700277655,3.72,A,160.73,2.69,1.71,89.0,True,0.0,0.0,0.7122880138101882,1.4003694572507153,1.0250585889070483,0.0,26.0,0.013485019790735483,25.140242194585834,10.593966344404404,0.16605168559866204,2.2060969447065664,0.42975228000240795,False
HD 209339,Shen2024_Galactic,4.506505032404872,3.61,A,142.96,1.945,1.665,78.0,True,0.0,0.0,0.7040166840471801,1.3337219138653384,0.9843756501210387,0.0,21.999999999999993,0.05790045552751237,21.56363211000718,9.646630639711859,0.1598198884970538,2.155214539497588,0.28891960566172653,False
CYG OB2-9,Shen2024_Galactic,4.603144372620182,3.88,A,1115.51,1.7950000000000002,2.26,82.0,True,0.0,0.0,0.5430390091246144,1.5651143956965121,1.0385275577400257,0.0,38.86015875587166,0.20598918900874372,36.737905753826034,10.927669654692346,0.1483194701699015,3.047473467874319,0.254064452914338,False
CPD -26 2716,Shen2024_Galactic,4.556302500767287,4.11,A,2041.75,1.55,2.31,138.0,True,0.0,0.0,0.817392415820897,1.6498349074332181,1.2914452994884158,0.0,52.49377152618442,0.3162071777658711,44.65138222619164,19.563443457937947,0.13942660664752554,3.31000256426054,0.1903316981702915,False
HD 193514,Shen2024_Galactic,4.555094448578319,4.03,A,2532.99,0.81,1.6,84.0,True,0.0,0.0,0.8036688967546797,1.5919352260472233,1.2254064382739331,0.0,44.159572898475375,0.16711373624565243,39.07826071819238,16.803758768907503,0.09880631865116679,3.403633475241242,-0.09151498112135022,False
HD 69464,Shen2024_Galactic,4.553883026643875,4.23,A,1969.035,1.29,1.85,105.0,True,0.0,0.0,0.862070977026939,1.7029187747052732,1.3835221256447836,0.0,64.87147941863039,0.12881964635186116,50.45669205191066,24.18366541328773,0.08581812946279797,3.294253435880003,0.11058971029924898,False
HD 94963,Shen2024_Galactic,4.559906625036112,4.09,A,706.76,3.05,2.4749999999999996,92.0,True,0.0,0.0,0.8038748537621511,1.6411227239822255,1.2690321334779608,0.0,50.81454003073173,0.11236636610359176,43.76457586803745,18.579419192538612,0.09787405111768101,2.8492719620700746,0.48429983934678583,False
HD 192639,Shen2024_Galactic,4.540329474790874,4.12,A,4382.42,0.75,1.76,95.0,True,0.0,0.0,0.8442778275094078,1.645201883280846,1.325768005437607,0.0,52.27419935666508,0.2709343876264383,44.17757606082648,21.172298359902488,0.08868853286457731,3.6417139968991656,-0.12493873660829995,False
HD 191423,Shen2024_Galactic,4.509202522331103,3.72,A,381.45,5.93,2.58,,True,0.0,0.0,0.7708537697783022,1.3766342291776548,1.0499307815344752,0.0,24.609888415273005,0.36979092755972526,23.803138806549658,11.218396396724165,,2.58143761923139,0.7730546933642626,False
HD 71304,Shen2024_Galactic,4.505149978319906,4.11,A,1280.7,1.61,2.16,100.0,True,0.0,0.0,0.8934692542315226,1.6113272613123486,1.3744059958151367,0.0,47.85499070514942,0.16718090689875434,40.86271901469551,23.681324877881618,0.0834652839023715,3.1074474095236093,0.20682587603184974,False
HD 202124,Shen2024_Galactic,4.492760389026838,4.14,A,8513.49,0.3,1.455,114.0,True,0.0,0.0,0.9171024326500695,1.6183580975805691,1.4183633877003803,0.0,49.370818383675775,0.11900618472347348,41.52963341516833,26.2037464014779,0.08599106632194896,3.9301076302409514,-0.5228787452803376,False
HD 28446,Shen2024_Galactic,4.474216264076255,3.64,A,231.365,3.05,2.12,,True,0.0,0.0,0.8245355807054288,1.3313655120925405,1.0665934279422409,0.0,22.000000000000004,0.32014258570950993,21.44694865632614,11.657177998241357,,2.364297661199437,0.48429983934678583,False
HD 75222,Shen2024_Galactic,4.480006942957151,4.09,A,4666.81,0.76,2.0,65.0,True,0.0,0.0,0.9878161105527644,1.5239278159611351,1.373803106987297,0.0,37.852329462007,0.06278246510131422,33.41394981205922,23.648473203391504,0.054327800218899144,3.6690201197985317,-0.11918640771920865,False
HD 195592,Shen2024_Galactic,4.447158031342219,4.27,A,11079.05,0.13,1.23,100.0,True,0.0,0.0,0.9881712049485547,1.643100071500375,1.5853478090489952,0.0,56.346283962000136,0.046061788369668594,43.96429076687998,38.48999095605705,0.05135279211609261,4.0445025223557565,-0.8860566476931632,True
HD 191781,Shen2024_Galactic,4.457881896733992,3.83,A,10366.15,0.27,1.48,48.0,True,0.0,0.0,0.969219959982425,1.3668104544636739,1.2066631783493882,0.283642007731931,24.410315830752708,0.11588313523149957,23.270753962128623,16.09396966297017,0.058950830767311974,4.015617488865943,-0.5686362358410126,False
HDE 338 931,Shen2024_Galactic,4.580924975675619,3.95,A,783.415,2.61,2.08,9.0,True,0.0,0.0,0.6941281827757214,1.5614992280791282,1.1143948974869788,0.0,39.53431457639583,0.049053572904974446,36.43336024964605,13.013523404674926,0.013669715713316849,2.8939918827018425,0.41664050733828095,False
HD 190864,Shen2024_Galactic,4.574031267727719,4.05,A,247.29,4.58,2.38,90.0,True,0.0,0.0,0.7629864498360565,1.624852152149062,1.2112432159183144,0.0,47.84389128962976,0.200237338480799,42.155296876919785,16.26459359214646,0.10937326184184405,2.393206554563365,0.6608654780038692,False
HD 42088,Shen2024_Galactic,4.6020599913279625,3.81,A,303.85,0.265,1.135,76.0,True,0.0,0.0,0.4560035041268243,1.539534992287241,0.9927800422684523,0.0,35.99999999999999,0.06942391230050533,34.636579111756156,9.835128584695836,0.1527374096019646,2.4826592406833354,-0.5767541260631921,True
BD +60 134,Shen2024_Galactic,4.60959440922522,3.88,A,187.87,4.26,2.06,,True,0.0,0.0,0.5091907972927856,1.5749760889392959,1.0303350479471092,0.0,39.62786210256242,0.0331059872365557,37.58167122834173,10.723462760560203,,2.273857435371118,0.6294095991027189,False
HDE 303311,Shen2024_Galactic,4.603144372620182,3.89,A,776.64,0.17,1.21,61.0,True,0.0,0.0,0.5542434387149047,1.5681856928862354,1.0447289353463465,0.0,39.23310229066344,0.1202889061854883,36.99863423836736,11.084827404343859,0.10877091212432326,2.8902197546518407,-0.769551078621726,True
HD 193443,Shen2024_Galactic,4.518513939877887,3.95,A,324.91999999999996,3.3200000000000003,2.22,140.0,True,0.0,0.0,0.8503680024598091,1.507391308020295,1.215003204053793,0.0,35.15845075382513,0.20607564298564848,32.165574159810475,16.406018768699635,0.1686695562632644,2.5117764445623068,0.5211380837040364,False
HD 44811,Shen2024_Galactic,4.57287160220048,3.78,A,55.31,1.045,0.815,43.0,True,0.0,0.0,0.5825674795944296,1.4788612374827375,1.004832666313113,0.0,31.35319410540367,0.19093241972186584,30.120434848674876,10.111897677205203,0.08405192416910229,1.7428036584691655,0.01911629044707278,False
ALS 12370,Shen2024_Galactic,4.5910646070264995,3.63,A,228.08999999999995,5.26,2.38,,True,0.0,0.0,0.19103781987111862,1.473087614701339,0.8898188800096297,0.0,30.000000000000007,0.13192774384811373,29.7226559702652,7.759234547741376,,2.358106245206416,0.7209857441537391,False
BD +60 2635,Shen2024_Galactic,4.599883072073688,4.02,A,148.51999999999998,4.4350000000000005,2.045,73.0,True,0.0,0.0,0.6817068828145054,1.6379489938407563,1.1550138420012122,0.0,48.45932329726241,0.18360241314721543,43.44591956708626,14.28939501496177,0.10097663382490224,2.1717849405541214,0.6468936241677452,False
HD 193682,Shen2024_Galactic,4.6127838567197355,4.09,A,348.745,5.245,2.5549999999999997,90.0,True,0.0,0.0,0.6885523163732309,1.6908987596894665,1.1901964214054632,0.0,56.51804185625293,0.20181767443141488,49.07934517804519,15.495172714792652,0.11480424816476907,2.5425079897928344,0.7197454925295766,False
HD 36879,Shen2024_Galactic,4.567026366159061,3.89,A,1022.35,1.44,1.79,,True,0.0,0.0,0.7036249705310474,1.519012634805991,1.0936903111895038,0.0,35.36672206497437,0.16245128303365405,33.03791525238348,12.407672197660187,,3.0095996013238255,0.15836249209524964,False
HD 117490,Shen2024_Galactic,4.4996870826184034,3.65,A,84.56,6.5,2.66,,True,0.0,0.0,0.748481142521675,1.3328749207508912,1.010596715006004,0.0,22.0,0.324571949019718,21.52161810773181,10.246999499782419,,1.92716497429937,0.8129133566428556,False
HD 189957,Shen2024_Galactic,4.506505032404872,3.84,A,365.19,2.94,2.11,54.0,True,0.0,0.0,0.84208600846007,1.4355350946731407,1.1479915530478988,0.0,28.879730263716368,0.24581986171112336,27.260580186091136,14.060201770161857,0.07591263693584402,2.5625188767366316,0.46834733041215726,False
HD 93521,Shen2024_Galactic,4.501059262217751,3.61,A,383.56,6.12,2.48,,True,0.0,0.0,0.7197569966562841,1.3334263746285688,0.9931937738268585,0.0,22.0,0.08344422753190486,21.54896295868131,9.84450250511521,,2.58383330995571,0.7867514221455612,False
HD 24912,Shen2024_Galactic,4.555094448578319,3.94,A,434.76,3.13,2.47,,True,0.0,0.0,0.7635139882276918,1.5316750463948066,1.1481830183773447,0.0,37.012392289234135,0.19163189121966154,34.01535802141339,14.066401790602058,,2.6382495800821615,0.49554433754644844,False
HD 218195,Shen2024_Galactic,4.532754378992498,3.99,A,259.46,3.82,2.12,78.0,True,0.0,0.0,0.8318710615393433,1.5415428177513688,1.2228821001684005,0.0,38.575846613211986,0.10355241536077213,34.79708129279381,16.706370175704222,0.09228356710622354,2.4140704137518014,0.5820633629117087,False
AzV 16,Bowman2024_SMC,4.434568904034199,4.250158519295837,B,0.00243,0.33,,,False,0.2,0.15,0.9864001182307485,1.6426121994063163,1.6037221373695965,0.0,56.0722988024716,0.08237467566952143,43.91493046302686,40.153382636208796,,,-0.4814860601221125,False
AzV 18,Bowman2024_SMC,4.3747483460101035,4.199934476695152,A,0.00106,0.35,,,False,0.2,0.15,0.9997755991219003,1.5987375316626973,1.6751368531199202,0.0,48.02557971386321,0.1930723475776375,39.695157702179046,47.33003799657371,,,-0.4559319556497244,False
AzV 83,Bowman2024_SMC,4.576341350205793,3.626306493477907,A,0.000769,0.88,,,False,0.2,0.15,0.3240466049636633,1.440946746686632,0.9026539667848238,0.0,27.99999999999999,0.10556304336261228,27.602393741282423,7.991972241469974,,,-0.05551732784983137,False
Cl* NGC 346 MPG 12,Bowman2024_SMC,4.491361693834273,3.686265888265677,B,0.000426,0.96,,,False,0.2,0.15,0.8078568263049483,1.3616576956600497,1.069959767054718,0.0,23.742118595951908,0.37596222718187094,22.9962857046861,11.747887177298601,,,-0.017728766960431602,False
AzV 202,Bowman2024_SMC,4.419955748489758,3.65811300632105,B,1.68e-05,2.04,,,False,0.2,0.15,0.9760163522212512,1.2562934345634067,1.140662171837012,0.5171270658819429,18.669426297506057,0.03182522948878058,18.042363759570705,13.824905514821925,,,0.3096301674258988,False
Cl* NGC 346 ELS 46,Bowman2024_SMC,4.603144372620182,3.493518583135466,A,0.00287,2.1,,,False,0.2,0.15,0.0010856203568904337,1.4440881894501607,0.824523713679552,0.0,27.819911941073855,0.666268527405552,27.80277783971787,6.676113533949605,,,0.3222192947339193,False
Cl* NGC 346 ELS 25,Bowman2024_SMC,4.549003262025788,3.466954140757888,A,0.00302,0.73,,,False,0.2,0.15,0.2595622966519504,1.3400262925070692,0.8334445136003584,0.0,22.0,0.34925656803815003,21.878940766552617,6.8146650353442535,,,-0.1366771398795441,False
AzV 267,Bowman2024_SMC,4.549003262025788,3.896954140757888,A,0.00053,1.47,,,False,0.2,0.15,0.7629225035605325,1.505547522166045,1.1256338618290138,0.0,34.41393675232852,0.09562604715670096,32.029305523863236,13.354691554543917,,,0.1673173347481761,False
AzV 264,Bowman2024_SMC,4.328379603438738,4.39445950640969,A,0.00117,0.4,,,False,0.2,0.15,1.091665523376397,0.6787435743606097,1.408559674169954,4.3566007187288065,32.907464125942084,0.0901261483426066,4.772474036097944,25.618852553746603,,,-0.3979400086720376,False
AzV 251,Bowman2024_SMC,4.519827993775719,3.64310038521305,B,9.92e-05,2.69,,,False,0.2,0.15,0.6955410708992774,1.3689874209922932,0.9992147796012337,0.0,24.000000000000004,0.21981336117535358,23.387694970075206,9.98193596728961,,,0.42975228000240795,False
Cl* NGC 346 MPG 682,Bowman2024_SMC,4.541579243946581,3.6323055098757,B,0.00471,0.73,,,False,0.2,0.15,0.5625941410831858,1.380085601670604,0.9434972595787592,0.0,24.497682498848178,0.3229458837654907,23.993057878963548,8.780055468174297,,,-0.1366771398795441,False
AzV 372,Bowman2024_SMC,4.451786435524291,4.3180868347519,A,0.000546,0.48,,,False,0.2,0.15,1.0200167565395755,1.431150160303412,1.4980194684699597,0.7904099956343688,54.432177489727216,0.10117849219103985,26.986723556768904,31.47889423923414,,,-0.3187587626244128,False
AzV 429,Bowman2024_SMC,4.583198773968623,3.7496400070313327,B,0.000139,1.03,,,False,0.2,0.15,0.4896595245172493,1.4881960163895582,0.9750539491688232,0.0,31.788124992208886,0.16360880690210194,30.774855072286247,9.441781572214532,,,0.012837224705172217,False
AzV 468,Bowman2024_SMC,4.549003262025788,3.2269541407578877,A,4.66e-05,7.78,,,False,0.2,0.15,0.0020945648416210248,1.2765631181364632,0.7334801453663845,0.0,18.910047212973186,0.9467058287737562,18.904409582327393,5.413524983137798,,,0.890979596989689,False
AzV 479,Bowman2024_SMC,4.503790683057181,4.096103824883461,A,2.36e-05,1.05,,,False,0.2,0.15,0.8988872715305606,1.5990220329228648,1.3643737494402592,0.0,46.29267657654969,0.14975503170280327,39.721170057227184,23.140553861787907,,,0.021189299069938092,False
AzV 472,Bowman2024_SMC,4.278753600952829,4.105955496466053,A,0.000254,0.49,,,False,0.2,0.15,1.0003069462464609,1.4996106271111256,1.7698357363090997,2.0,35.235443065514055,0.2546883574938552,31.59443745780588,58.86209784711125,,,-0.3098039199714863,False
AzV 488,Bowman2024_SMC,4.401400540781544,4.3065432557809125,A,0.000175,0.56,,,False,0.2,0.15,1.0275312007367818,1.3673636345537985,1.5589662417226977,0.9791711445969612,50.86106931709503,0.1198969470745765,23.300413836235126,36.22148418896488,,,-0.25181197299379954,False
[M2002] SMC 81469,Bowman2024_SMC,4.498310553789601,3.504183307813141,A,4.21e-05,1.99,,,False,0.2,0.15,0.6378200845734956,1.291788792423982,0.9263909987307751,0.0,19.824889668003337,0.17861248308549307,19.57892273078912,8.440943605527771,,,0.29885307640970665,False
2dFS 3780,Bowman2024_SMC,4.505149978319906,3.4115410059343625,A,1.58e-05,1.39,,,False,0.2,0.15,0.4707152972263574,1.2757480030433064,0.8533727511476578,0.0,19.0,0.112265004174211,18.868961703872383,7.134651282764913,,,0.14301480025409505,False
2dFS 163,Bowman2024_SMC,4.513217600067939,3.612505965517676,B,0.0004,1.48,,,False,0.2,0.15,0.6873784535045475,1.3340241351069761,0.975789972405704,0.0,21.999999999999996,0.27510248397575165,21.57864325111517,9.457796656441593,,,0.17026171539495738,False
2dFS 3954,Bowman2024_SMC,4.600972895686748,3.674832675401731,A,4.29e-05,2.95,,,False,0.2,0.15,0.2088727237986321,1.5000189881706463,0.9081889375409432,0.0,32.0,0.025849193022016118,31.62415923911122,8.09447968691378,,,0.46982201597816303,False
AzV 461,Bowman2024_SMC,4.569373909615046,3.678807016710524,B,0.00576,0.36,,,False,0.2,0.15,0.4687251063695456,1.4372832121912742,0.9408505410450507,0.0,28.0,0.03441449451318403,27.370530319405244,8.726709939975839,,,-0.44369749923271273,False
AzV 456,Bowman2024_SMC,4.47567118832443,3.9836258459524574,A,2.95e-05,0.83,,,False,0.2,0.15,0.9831170598512868,1.460359646138218,1.2939874549233703,0.0,31.446483110398418,0.08337141119388387,28.864208044602304,19.678294459550237,,,-0.08092190762392612,False
[L72] LH 9-89,Bowman2024_LMC,4.426511261364575,3.8097803922140945,B,0.00989,0.8,,,False,0.2,0.15,0.9902726984990813,1.345061653582652,1.2480995080271013,0.8872229853518241,23.112777014648177,0.09215139067674939,22.134089086314145,17.705145822389408,,,-0.09691001300805639,False
[ELS2006] N11 051,Bowman2024_LMC,4.617000341120899,3.923864418566839,B,3.67e-05,2.5,,,False,0.2,0.15,0.5269936678527315,1.6164480202398601,1.0586585061828497,0.0,44.218462347259766,0.293347425038216,41.34738236050254,11.446125573851328,,,0.3979400086720376,False
Sk -66 18,Bowman2024_LMC,4.60422605308447,4.007845304992617,A,1.55e-05,2.87,,,False,0.2,0.15,0.6595694131074595,1.6375360739940206,1.1399263292179165,0.0,48.132098382165644,0.24430394162818808,43.40463155278939,13.80150125400723,,,0.4578818967339923,False
[ELS2006] N11 046,Bowman2024_LMC,4.525044807036846,3.8718657482995824,B,0.000443,1.17,,,False,0.2,0.15,0.8174933357491245,1.4674981172259975,1.1429877855455706,0.0,31.33880333798324,0.15983111196972355,29.34256783199447,13.899135395945601,,,0.06818586174616162,False
Sk -68 41,Bowman2024_LMC,4.389166084364533,4.047605430112868,A,0.000571,0.42,,,False,0.2,0.15,1.0000424886543395,1.4677258743047947,1.5065221383671759,1.6951986569166053,32.1128227132123,0.09632493593405672,29.357959992143584,32.10126437757549,,,-0.37675070960209955,False
Sk -68 52,Bowman2024_LMC,4.389166084364533,4.247605430112867,A,0.00118,0.32,,,False,0.2,0.15,0.9963183368849488,1.6359114306690854,1.6842905205125882,0.0,55.042918633514745,0.1413684871360432,43.242563384092456,48.33820514631192,,,-0.494850021680094,False
Sk -65 22,Bowman2024_LMC,4.525044807036846,4.291120320802119,A,0.000263,0.67,,,False,0.2,0.15,0.9588484293716959,1.4637188851523155,1.355191355428494,0.816425602180657,60.101801068413415,0.2255413092814812,29.088336471292585,22.65642357266787,,,-0.17392519729917355,False
W61 28-5,Bowman2024_LMC,4.643452676486188,4.164751798599489,A,0.000161,0.93,,,False,0.2,0.15,0.6587810380493504,1.7792182956330493,1.2111410382881715,0.0,71.60464798579679,0.1752250217768366,60.14759899743919,16.260767427606396,,,-0.03151705144606486,False
VFTS 72,Bowman2024_LMC,4.763427993562937,4.084653066906484,A,4.76e-05,1.04,,,False,0.2,0.15,0.0013845558476551514,2.145394688993516,1.2069489771005708,0.0,140.00000000000003,1.6898503095084967,139.76379644178613,16.104564202873537,,,0.01703333929878037,False
Sk -66 17,Bowman2024_LMC,4.469822015978163,4.0702291565673905,A,9.97e-05,1.06,,,False,0.2,0.15,0.9850776040711141,1.5158693467853066,1.3795197062929128,0.0,36.86823985618624,0.10931634183053912,32.7996603723337,23.961814750107767,,,0.02530586526477026,False
BI 237,Bowman2024_LMC,4.723455672035186,4.404763780795482,A,9.09e-06,1.04,,,False,0.2,0.15,1.1407099449130162,0.006942508760226966,0.28110536868133235,6.0,6.210229762348933,0.03990577303057299,1.016114172325896,1.9103166840576018,,,0.01703333929878037,False
VFTS 244,Bowman2024_LMC,4.603144372620182,4.303518583135466,A,0.000494,1.87,,,False,0.2,0.15,0.9951937559511792,0.9000829734302407,0.9183863090314306,2.799269362331526,41.96896259447617,0.23705766002372838,7.944800083191718,8.286789537059764,,,0.27184160653649897,False
VFTS 355,Bowman2024_LMC,4.627365856592733,4.210404519025669,A,3.99e-05,1.08,,,False,0.2,0.15,0.7062671638876807,1.7926609221069134,1.2696324172151725,0.0,75.59017467234167,0.07353575035851254,62.03844763766707,18.60511750328242,,,0.03342375548694973,False
Sk -68 135,Bowman2024_LMC,4.439332693830263,4.448271867975788,A,0.00299,0.24,,,False,0.2,0.15,1.0620593894664145,0.9294504218517542,1.3321938050588795,3.8483706789764898,43.461358655280165,0.04283217812892956,8.50061646391464,21.48789163041681,,,-0.619788758288394,False
Sk -71 35,Bowman2024_LMC,4.361727836017593,4.037852436725109,A,0.00585,0.35,,,False,0.2,0.15,1.0001443093441795,1.4569252746528103,1.5498723370190834,2.0,31.17720043607674,0.26961959257450113,28.636851976280596,35.470910543557785,,,-0.4559319556497244,False
Sk -66 100,Bowman2024_LMC,4.5910646070264995,4.055199520760735,A,1.6e-05,2.75,,,False,0.2,0.15,0.7195466155800124,1.6502750566219393,1.1927842022276687,0.0,50.678599259811726,0.11562500211799952,44.69665849138521,15.587777650172542,,,0.43933269383026263,False
BI 173,Bowman2024_LMC,4.523746466811565,4.175926959900996,A,1.34e-05,2.42,,,False,0.2,0.15,0.8767519968482737,1.6655667107731722,1.3989386025412156,0.0,56.89232919484274,0.20158972525454058,46.29847761256287,25.05754982208829,,,0.38381536598043126,False
RMC 109,Bowman2024_LMC,4.159867847092567,3.906332122928149,B,0.000841,0.27,,,False,0.2,0.15,1.0019009997260848,1.3534247312931038,1.8335009823475246,2.0,23.59803235417584,0.1397966526988752,22.564448912701273,68.15551163608998,,,-0.5686362358410126,False
Sk -71 41,Bowman2024_LMC,4.477121254719663,3.899426111533387,A,0.000143,0.77,,,False,0.2,0.15,0.9837091101392608,1.4016876043440172,1.2214757169961281,0.6636547931033474,26.752252418185602,0.04150698778316711,25.216662410870736,16.652357157204516,,,-0.11350927482751812,False
Sk -68 140,Bowman2024_LMC,4.371067862271736,4.0752125417416805,A,0.000872,0.48,,,False,0.2,0.15,1.0000890285086925,1.4776307336664076,1.5557282242447517,1.8376281394637253,33.02206708473231,0.06006371211161298,30.03521421002346,35.95242791954012,,,-0.3187587626244128,False
Sk -67 166,Bowman2024_LMC,4.6020599913279625,4.199181057966587,A,4.33e-05,1.39,,,False,0.2,0.15,0.7770190644775959,1.7400958327741212,1.2919938151816401,0.0,68.51322478611408,0.07534127788650968,54.966215063999456,19.588167776594155,,,0.14301480025409505,False
Sk -68 53,Ma2024_LMC_BSG,4.138933940256924,4.124322967542099,B,864.67,0.235,2.6,47.5,True,0.15,0.15,1.000627280137234,1.507600585758756,2.0645559525822703,2.0,36.11016265551166,0.18209391285171822,32.18107783543572,116.02616895089695,0.008091881753440985,2.936850391252164,-0.6289321377282637,False
Sk -66 125,Ma2024_LMC_BSG,4.171141151028382,3.6396999347061705,B,727.4,0.256,2.8,36.5,True,0.15,0.15,1.001908693312315,1.201600656924055,1.6023144576407797,2.0,16.464143709615758,0.28862716426336343,15.907453299472257,40.02344408117098,0.01802562274599436,2.861773296718693,-0.5917600346881504,False
Sk -67 283,Ma2024_LMC_BSG,4.17260293120986,3.778703372487027,B,1108.24,0.184,2.3,46.5,True,0.15,0.15,1.001910304550627,1.273035639110617,1.7030186272561247,2.0,19.545794444124443,0.20031867936527661,18.75148380339257,50.46829433758453,0.01821152005388432,3.0446338212125967,-0.7351821769904635,False
Sk -67 275,Ma2024_LMC_BSG,4.174931593528442,3.668329339890271,B,889.66,0.195,2.2,63.5,True,0.15,0.15,1.0018988505052455,1.2176061182460474,1.6193813374414072,2.0,17.107869361460953,0.012786654684950112,16.504642368691048,41.62759661371862,0.03015117619594835,2.9492240646946035,-0.7099653886374819,False
HD 269639,Ma2024_LMC_BSG,4.041392685158225,3.649346945389365,B,672.25,0.224,3.8,26.5,True,0.15,0.15,1.0024985814646654,1.1972179566184393,1.8631199919439536,2.0,16.292196942976638,0.2691970319276684,15.74772987518644,72.96590811269107,0.007178566910754546,2.827530810895339,-0.6497519816658371,False
Sk -70 31,Ma2024_LMC_BSG,4.0813473078041325,4.251052883921815,B,472.39,0.321,3.2,33.0,True,0.15,0.15,1.0135133897126278,1.5750827108991305,2.2744974638136037,2.2422899882104668,49.23409993714079,0.08731642374094405,37.59089889188082,188.14707188018158,0.0034667964791601498,2.6743006954808792,-0.4934949675951279,False
Sk -68 152,Ma2024_LMC_BSG,4.041392685158225,3.2816104151291308,B,358.37,0.298,5.1,34.0,True,0.15,0.15,1.0018810582869444,1.051160968933118,1.6077564251881504,2.0,11.543179069301967,0.39396691246798227,11.25021880058933,40.5281169049805,0.016581902706589505,2.5543316466938286,-0.5257837359237448,False
HD 269721,Ma2024_LMC_BSG,4.044539760392411,3.6397912867047055,B,896.16,0.2,3.9,40.0,True,0.15,0.15,1.0024558073258032,1.1939881961344259,1.851122924606885,2.0,16.163771386203177,0.1616014374774177,15.631051577955985,70.97786383801046,0.011139070111367196,2.9523855553246654,-0.6989700043360187,False
HD 269510,Ma2024_LMC_BSG,4.041392685158225,3.708068939564591,B,331.78,0.117,2.5,39.0,True,0.15,0.15,1.0025751060717867,1.2222820628388658,1.9069484842297768,2.0,17.312234095922285,0.1493120366477788,16.68330397459079,80.71392821568176,0.009550541444911818,2.5208502028112187,-0.9318141382538383,False
Sk -70 26,Ma2024_LMC_BSG,4.0655797147284485,4.0707936298790255,B,375.17,0.325,3.1,39.5,True,0.15,0.15,1.001882437006752,1.4615344620044648,2.162438530076092,2.5419868799001377,31.65069447842395,0.31263792220659065,28.942394707689296,145.3578631919084,0.0053711890226076945,2.57422810328016,-0.4881166390211256,False
Sk -67 171,Ma2024_LMC_BSG,4.082066934285113,3.760941092654736,A,662.57,0.345,4.4,,True,0.15,0.15,1.002392642348037,1.2535735250834887,1.8661533992809582,2.0,18.659987808411987,0.2462044877092175,17.92972072829964,73.47733552225003,,2.821231767903602,-0.4621809049267259,False
Sk -67 133,Ma2024_LMC_BSG,4.285557309007774,3.9309410926547375,A,1004.97,0.271,2.7,53.5,True,0.15,0.15,1.001365598069456,1.3793545621329073,1.6055556825875459,2.0,25.224768321409,0.19869232781346458,23.952704799006177,40.32326431574585,0.02622466627260371,3.002153097548626,-0.5670307091255943,False
Sk -67 72,Ma2024_LMC_BSG,4.096214585346405,3.733393397226574,B,721.37,0.301,3.4,46.5,True,0.15,0.15,1.0021767659262681,1.2424793489347432,1.8198220470678468,2.0,18.180539339223543,0.09739477997766376,17.4775015346309,66.04227831551081,0.013916908650899687,2.8581580771210024,-0.5214335044061567,False
29990592,Bowman2019b_LMC,4.315235409617727,4.210941092654736,A,7296.337,0.25057,2.07085,,True,0.0,0.05,0.999943955814908,1.6018147405004126,1.7992763150455715,0.0,48.639762930503515,0.1345518495678195,39.97741794078518,62.99068266206679,,3.863104884785876,-0.6010709270145653,False
30038422,Bowman2019b_LMC,4.47567118832443,3.9836258459524574,A,516.93,1.19703,2.83233,,True,0.0,0.05,0.9831170598512868,1.460359646138218,1.2939874549233703,0.0,31.446483110398418,0.08337141119388387,28.864208044602304,19.678294459550237,,2.7134317371519936,0.07810503484349608,False
30111936,Bowman2019b_LMC,4.416057729263038,4.110941092654737,A,1846.887,0.71534,1.94391,,True,0.0,0.05,0.9970557084844364,1.5310556169510063,1.5131059267157017,0.0,38.667282129395694,0.043883120360173465,33.96687687260231,32.591618398543396,,3.2664403243640443,-0.14548748962972852,False
30268695,Bowman2019b_LMC,4.3747483460101035,4.199934476695152,A,7326.272,0.27612,2.05088,,True,0.0,0.05,0.9997755991219003,1.5987375316626973,1.6751368531199202,0.0,48.02557971386321,0.1930723475776375,39.695157702179046,47.33003799657371,,3.8648830385308464,-0.5589021352837318,False
30275662,Bowman2019b_LMC,4.249565211825347,4.1509410926547385,A,9563.164,0.24518,2.09054,,True,0.0,0.05,1.000250523192421,1.5271085992996027,1.8601181795142716,2.0,38.22029625267113,0.09418657498752575,33.65957276870553,72.46331192446539,,3.980601603615215,-0.6105149592918536,False
30275795,Bowman2019b_LMC,4.36332987888716,4.070941092654736,A,1749.56,0.77955,2.23715,,True,0.0,0.05,1.0001338339505874,1.475952845952613,1.5694059835900744,2.0,32.86972010707754,0.11846115820318588,29.919397655017953,37.102740049585584,,3.242928840915578,-0.10815602412145928,False
30312676,Bowman2019b_LMC,4.280464546626918,4.230941092654738,A,5587.243,0.21815,2.62007,,True,0.0,0.05,1.0000147950869271,1.6123822845166227,1.88328054242449,1.277791601251816,50.715747754557384,0.13500354621493738,40.962106700883766,76.43293601223985,,3.747197560077569,-0.661244782677161,False
31105740,Bowman2019b_LMC,4.401400540781544,3.876543255780912,A,4956.689,0.45954,2.34914,,True,0.0,0.05,1.0007443659935182,1.354600754682449,1.3361618303143161,2.0,23.640396181968153,0.10634065587963629,22.625633850613475,21.685120027285425,,3.695191670605569,-0.3376766800924436,False
31181554,Bowman2019b_LMC,4.401400540781544,4.116543255780912,A,5016.775,0.4279,3.14147,,True,0.0,0.05,0.9996755786382645,1.5229617144539223,1.5418704098695024,0.0,37.72152669931308,0.053273406549876265,33.339702061075386,34.82333893685485,,3.7004246235612057,-0.36865771351606724,False
277298891,Bowman2019b_LMC,4.39137623916965,4.1509410926547385,A,6829.322,0.35756,1.9449,,True,0.0,0.05,0.9979088769511659,1.5597999008002714,1.59411556322822,0.0,42.344134302915386,0.2160487459121288,36.29108067463701,39.27494298285162,,3.834377590024944,-0.4466510713943655,False
373919576,Bowman2019b_LMC,4.523746466811565,4.175926959900996,A,523.524,1.72016,2.53623,,True,0.0,0.05,0.8767519968482737,1.6655667107731722,1.3989386025412156,0.0,56.89232919484274,0.20158972525454058,46.29847761256287,25.05754982208829,,2.718936595907218,0.23556884451530818,False
404768604,Bowman2019b_LMC,4.301029995663981,4.095061075310662,A,811.977,0.62054,4.67932,,True,0.0,0.05,1.0003616969211995,1.480072320569608,1.7006486806757044,2.0,33.261487297482475,0.13789968162845573,30.20454657518545,50.19363875015534,,2.9095437276222675,-0.2072302186465217,False
425083410,Bowman2019b_LMC,4.576341350205793,4.386306493477908,A,1010.087,1.75798,3.11601,,True,0.0,0.05,1.0485162783814976,1.1358780462181137,1.1333502516601917,1.9367170098661954,50.22928400250054,0.07995855016181919,13.673448090066632,13.594093468442503,,3.0043587816962116,0.2450139299305596,False
V1092 Cen,DornWallenstein2020_RSG,3.534,3.7831776626028506,B,,0.4594542237063953,1.755,,False,0.15,,1.1207433048175393,0.9089118692861631,2.8013998483848956,3.817680500012562,11.436023188519114,0.03358350519821879,8.107965074653748,632.9943715552898,,,-0.33775775170342404,False
HS Cas,DornWallenstein2020_RSG,3.535,4.117973642064431,B,,1.3476286459940334,1.784,,False,0.15,,1.1356817909815577,0.4267608960156066,2.7309095377639614,5.0,6.504067413955651,0.11880590737997619,2.671535170589463,538.1576742137717,,,0.12957023402837017,False
HD 143183,DornWallenstein2020_RSG,3.537,4.1615058361034745,B,,0.7440623800462616,1.601,,False,0.15,,1.1350371628586042,0.4142425300351716,2.735494027689312,5.000000000000001,6.534028448059227,0.04722197576600305,2.5956284759082218,543.8686525213028,,,-0.128390652929643,False
BD+35 4077,DornWallenstein2020_RSG,3.556,4.093825677345016,B,,0.2352970773091297,1.544,,False,0.15,,1.1105442763595414,1.0316956884651276,2.976488447786217,4.210263699725224,17.481426248986693,0.01983311327168461,10.75711195208253,947.3019859786775,,,-0.6283834672838192,False
AD Per,DornWallenstein2020_RSG,3.543,4.225166271943014,B,,2.6659119445878616,2.268,,False,0.15,,1.1352268195324677,0.4429518979520413,2.771596982585197,5.000000000000001,6.577972495082901,0.034657283448144116,2.77301295133825,591.012930324223,,,0.42584580051251586,False
KY Cyg,DornWallenstein2020_RSG,3.544,4.367001096766462,B,,0.249185757150298,1.359,,False,0.15,,1.1363200981965493,0.25857655548619096,2.747891470732669,5.066687496552786,6.577444316110722,0.06224849158050986,1.8137463667794267,559.61773673772,,,-0.6034767845161001,False
TYC 8626-2180-1,DornWallenstein2020_RSG,3.547,3.854572396586063,B,,0.4377198654892612,1.456,,False,0.15,,1.123778977592534,0.7867080514395234,2.7554170074007325,4.615083119232401,8.873375513013475,0.11553329073727525,6.119388858300146,569.39940291566,,,-0.35880374290804484,False
V589 Cas,DornWallenstein2020_RSG,3.547,4.032300138084999,B,,1.7393982851573262,2.142,,False,0.15,,1.1270215271458899,0.8175421303813758,2.8523797369054553,4.417283745427257,10.960106935164704,0.05734767842158034,6.569648447485403,711.8356540158369,,,0.2403990375754367,False
RS Per,DornWallenstein2020_RSG,3.55,4.166258184024043,B,,1.8527932839568724,1.654,,False,0.15,,1.1339195023706405,0.6338213834889657,2.82298749290854,5.0,6.704698348214695,0.09010183716628545,4.303495800367721,665.2539975139227,,,0.26782696781064264,False
V602 Car,DornWallenstein2020_RSG,3.55,3.9054339587450166,B,,1.1303618117322112,2.165,,False,0.15,,1.128042156444381,0.8005372339745778,2.7861718121359416,4.811790858688242,8.041524927413501,0.19149736953179186,6.317383386699691,611.1837687556658,,,0.05321747683579154,False
W Per,DornWallenstein2020_RSG,3.55,4.039770876610508,B,,5.117522285913034,2.45,,False,0.15,,1.1383850121171508,0.6715659467614117,2.7749266045813807,4.999999999999999,6.402874014659538,0.08046152951899903,4.694247101228647,595.561485610979,,,0.7090597426150475,False
V396 Cen,DornWallenstein2020_RSG,3.55,4.1847419589967885,B,,1.078285522302814,1.597,,False,0.15,,1.1338437185121182,0.613484585378182,2.8250694566033387,5.000000000000001,6.706733479186813,0.07052687512334799,4.106620637910495,668.4508141849657,,,0.03273377415486224,False
BI Cyg,DornWallenstein2020_RSG,3.553,4.286932348811588,B,,0.241729864963389,1.478,,False,0.15,,1.1415302800023068,0.2585969166355156,2.6956491580306867,5.119695887652936,6.151909982778417,0.10406681826831733,1.8138314031495908,496.1913145742001,,,-0.6166696905623286,False
BC Cyg,DornWallenstein2020_RSG,3.553,4.220396572717906,B,,0.3647832754799343,1.284,,False,0.15,,1.1335671471969542,0.5819715713283431,2.8275916233114367,5.000000000000002,6.719120170672636,0.17343879114400787,3.819192698019437,672.344138909808,,,-0.4379650813449352,False
SU Per,DornWallenstein2020_RSG,3.553,3.831041088608031,B,,2.986021446377023,2.099,,False,0.15,,1.0810512265851226,1.0443542562447583,2.8657888019894466,3.7045358486439373,14.878063011733857,0.08369036771537876,11.07526830955429,734.1567598796538,,,0.47509292261531266,False
PZ Cas,DornWallenstein2020_RSG,3.556,4.259540256399662,B,,1.1384473754785074,1.596,,False,0.15,,1.1343328519214662,0.37858437899293235,2.7475431204778955,5.000000000000001,6.5411694508895994,0.29392819525284347,2.3910264422949443,559.1690439089828,,,0.056312960232222334,False
ST Cep,DornWallenstein2020_RSG,3.556,3.3582284255029364,B,,0.3309522626157108,1.557,,False,0.15,,1.11772409270092,0.925660728941724,2.5534005577104275,4.0,8.729384160926069,0.041799147371849754,8.426762015113603,357.60250940506637,,,-0.48023464543192235,False
RW Cyg,DornWallenstein2020_RSG,3.556,4.03984565676201,B,,0.3661259330386366,1.406,,False,0.15,,1.1421719306706348,0.6344152405846751,2.7483209929336394,5.0,6.187933247542049,0.035792574505774985,4.309384453654262,560.1714788520453,,,-0.43636950854895207,False
TZ Cas,DornWallenstein2020_RSG,3.556,3.85164015308412,B,,1.8879589927864215,1.886,,False,0.15,,1.088895157347121,1.0026289184548487,2.8531572021608698,3.8733998929625,14.07283520220917,0.31978326423629677,10.06071666740511,713.1111092075571,,,0.27599255701714265,False
BU Per,DornWallenstein2020_RSG,3.556,4.086918960681723,B,,3.176745371095716,2.371,,False,0.15,,1.1134915394229508,0.9881582748492455,2.953006166227801,4.311191710752005,15.892269418073539,0.06009389204353723,9.731017976547669,897.4415365223439,,,0.5019824057746393,False
V349 Car,DornWallenstein2020_RSG,3.559,4.5733767556332285,B,,0.413496864359302,1.562,,False,0.15,,1.1389752565560811,0.21478064058051954,2.7982385662201126,5.000000000000001,6.369930480394203,0.1823183158077348,1.639761330830872,628.4034579929116,,,-0.383527779452706,False
V774 Cas,DornWallenstein2020_RSG,3.559,3.5784922957943635,B,,0.8725599950213561,1.721,,False,0.15,,1.0166863068749943,1.1672203488883883,2.7813795439301767,2.999999999999999,15.477239486529115,0.08796364203278331,14.696717589058501,604.4766702305213,,,-0.059204702350512395,False
HD 95687,DornWallenstein2020_RSG,3.559,3.811724195303539,B,,0.1348199433222323,1.375,,False,0.15,,1.044365136932602,1.2168366840478433,2.923622377330521,3.0877243323938592,18.824428580417454,0.1854892435264657,16.475427184302404,838.7303863115175,,,-0.8702458597728612,False
V441 Per,DornWallenstein2020_RSG,3.559,4.575831385214336,B,,3.998867916881792,2.412,,False,0.15,,1.1390073575898059,0.2159852813584974,2.8004163791924643,5.000000000000001,6.372297042314864,0.16973954431461608,1.6443159948813366,631.5625639816985,,,0.6019370595681971,False
HD 303250,DornWallenstein2020_RSG,3.559,3.7995937094272505,B,,0.4548583683678061,1.798,,False,0.15,,1.035878379245653,1.2461537811310008,2.9274579341563514,2.9999999999999996,19.436284030252818,0.1568417694209065,17.626000622778385,846.1706045969113,,,-0.34212381084102145,False
RT Car,DornWallenstein2020_RSG,3.559,4.203098056887789,B,,0.3374786749192013,1.529,,False,0.15,,1.1311103268375946,0.6468028149319671,2.841082013220315,4.942472659950283,7.765861438014074,0.42297698449438886,4.434072756217638,693.5567665879121,,,-0.4717536647811666,False
V772 Cen,DornWallenstein2020_RSG,3.56,3.5900615929393203,B,,0.5851284672496152,2.655,,False,0.15,,1.0146112767604847,1.1766787273231356,2.789962056376357,3.0000000000000004,15.782388591730927,0.03916620288863202,15.020304164710586,616.5411332822895,,,-0.23274877239231376,False
HD 101007,DornWallenstein2020_RSG,3.562,3.4430417043650894,B,,0.2254319307250642,1.592,,False,0.15,,1.0593217628722789,1.0692111927419052,2.657411185577235,2.721419640434121,12.594224109295906,0.08602703066088864,11.72765530185384,454.3716074571649,,,-0.6469845694099188,False
V648 Cas,DornWallenstein2020_RSG,3.562,3.766908938357326,B,,2.7824290750331353,1.956,,False,0.15,,1.0337827837555589,1.24266848189124,2.908934595428049,3.0000000000000004,19.08580998486134,0.19328512475311563,17.485114551970916,810.8389366450184,,,0.44442410284886075,False
IX Car,DornWallenstein2020_RSG,3.562,3.949302781172759,B,,0.2003208849488928,1.549,,False,0.15,,1.1324979208408676,0.7814362021045421,2.79331196979951,4.999999999999999,6.8,0.5374461624188172,6.045555355630164,621.3151876606756,,,-0.6982737699015135,False
W Cep,DornWallenstein2020_RSG,3.566,4.401217452179203,B,,0.4341378698633261,1.719,,False,0.15,,1.1378438487647042,0.12625877266324928,2.650642439674945,5.16374110524155,6.444661187376896,0.1240957996059777,1.3373921590559288,447.3448476578355,,,-0.3623723289843129,False
V910 Cen,DornWallenstein2020_RSG,3.568,4.367264226215484,B,,0.6781207630673002,1.896,,False,0.15,,1.1451961132143111,0.060178564937829256,2.6050817971753073,5.7025300909555465,5.751831883408452,0.06561145453436801,1.1486257945095948,402.7928911911804,,,-0.16869295795670758,False
V528 Car,DornWallenstein2020_RSG,3.568,3.767684120120988,B,,0.3603236203121923,1.627,,False,0.15,,1.0308917178315764,1.254531737574858,2.9014518491322554,3.0,19.382746730360854,0.2681180668670373,17.969323924394892,796.9881224467003,,,-0.4433072676165062,False
YZ Per,DornWallenstein2020_RSG,3.568,4.504642476361578,B,,3.4826026934769225,2.342,,False,0.15,,1.1328443258701795,0.28512156172724556,2.785053780759411,5.0,6.76304975390772,0.06462942336715898,1.928064514920754,609.6123837784706,,,0.5419039315720348,False
V362 Aur,DornWallenstein2020_RSG,3.568,4.5823449950714075,B,,0.3682437369085964,1.534,,False,0.15,,1.1374720986574425,0.15855297656329317,2.762079715953362,5.0,6.2591151353156835,0.022463008666782823,1.4406317321739055,578.2021682732579,,,-0.4338646309053375,False
PR Per,DornWallenstein2020_RSG,3.57,3.7164813392162626,B,,1.7432085771291932,1.907,,False,0.15,,1.018224356982072,1.238856251428705,2.861774768254092,3.0000000000000004,18.37177259970941,0.44871197884314545,17.332302151815313,727.4024646793988,,,0.241349354107586,False
FZ Per,DornWallenstein2020_RSG,3.571,3.678843351215028,B,,3.633674499814962,2.383,,False,0.15,,1.0104810370556663,1.229153420463114,2.8300386116380722,3.0,17.78549813010349,0.12261723010089892,16.94936454174263,676.1430862907231,,,0.5603460211377854,False
V809 Cas,DornWallenstein2020_RSG,3.574,3.704245832102098,B,,1.5947389087364263,1.638,,False,0.15,,1.013582955762693,1.2372924906040783,2.8430373770745963,2.9999999999999996,18.198173465498176,0.3774180584454052,17.27000608560089,696.6864710818119,,,0.20268959035451387,False
V439 Per,DornWallenstein2020_RSG,3.58,3.878478649182477,B,,1.9969252583675705,2.038,,False,0.15,,1.0421943693853246,1.2922307947126597,2.9484801797606255,3.0,21.774869205615335,0.1382875015885449,19.59885928138041,888.137442766242,,,0.3003618102457727,False
V605 Cas,DornWallenstein2020_RSG,3.585,3.776795642347256,B,,1.0415899417008858,1.811,,False,0.15,,1.030082956315994,1.2568862328301595,2.872013189323389,3.0,19.413718768293336,0.1377864264858952,18.06700783226984,744.7545914164693,,,0.017696777402213874,False
41 Gem,DornWallenstein2020_RSG,3.597,3.89877093863894,B,,0.4657739042783007,2.104,,False,0.15,,1.0434298102096438,1.3001825558552251,2.9311406331664425,2.9999999999999996,22.351595355300066,0.16304164529756981,19.961012005634768,853.37640948629,,,-0.3318248471568778,False
RW Cep,DornWallenstein2020_RSG,3.597,4.346206523387185,B,,0.5862060519038502,1.842,,False,0.15,,1.1642755768096569,-0.0251078283821219,2.4958172285944893,5.999999999999999,4.861338399264538,0.09522704602985876,0.9438265101473421,313.1967368747516,,,-0.2319497022829808,False
HD 155603,DornWallenstein2020_RSG,3.601,3.746338306043661,B,,2.326826653390283,1.999,,False,0.15,,1.0191910098824535,1.2438322372858157,2.8163835495130227,3.0000000000000004,18.587130400767123,0.4130396564324124,17.53203129821025,655.2145749049337,,,0.36676402992176876,False
NR Vul,DornWallenstein2020_RSG,3.602,4.285556898629517,B,,0.3454633016971898,1.384,,False,0.15,,1.143316567765496,0.1822895064335787,2.5561100410402315,5.713454162085671,8.753538341520477,0.15141597463031178,1.5215614847047694,359.84049958083904,,,-0.46159808061079466,False
QY Pup,DornWallenstein2020_RSG,3.608,4.534145744043654,B,,0.0924889255531702,1.326,,False,0.15,,1.133564929443832,0.12482456303558666,2.642819074063873,5.09694498937761,6.710260534179293,0.4054080395531171,1.3329828535828698,439.3585416963681,,,-1.0339102657375214,False
HD 17958,DornWallenstein2020_RSG,3.623,4.485215102807361,B,,0.3821247133058712,1.527,,False,0.15,,1.1292449053932994,0.10926856797558572,2.5768961836592754,5.999999999999999,7.399999999999999,0.03707224794651348,1.2860817278170913,377.4819446060488,,,-0.41779487410092137,False
HD 33299,DornWallenstein2020_RSG,3.633,3.1162442647357027,B,,0.5418962992573896,1.687,,False,0.15,,1.0499505983864206,1.0222524287107884,2.3269945451235965,2.5291976870795434,10.883209251681826,0.2258526380216397,10.525734923867567,212.32177935439978,,,-0.26608381488091537,False
AZ Cas,DornWallenstein2020_RSG,3.656,4.40520309458854,B,,1.948040919117446,3.035,,False,0.15,,1.1467111266501784,0.003452658014485728,2.4188660486646976,5.999999999999999,5.779882804260399,0.10880325229924515,1.0079817243456701,262.34092690598015,,,0.28959807510946944,False
SK -67 57,DornWallenstein2020_YSG,3.656,4.552556938131689,B,,0.6769670059204396,2.415,,False,0.15,,1.1316202659144732,0.07666608728994458,2.524025163864583,6.000000000000001,6.976391157891748,0.25021716558851537,1.1930704446928995,334.21440449589716,,,-0.1694324974830544,False
HV 883,DornWallenstein2020_YSG,3.68,3.7305163338478793,B,,0.2712251927264746,1.4,,False,0.15,,1.0094011439351538,1.2290436126936435,2.641173329920651,3.0,17.734974485584342,0.0853901479874723,16.94507957676914,437.69675809586437,,,-0.5666699735293602,False
HD 269953,DornWallenstein2020_YSG,3.692,4.275312835217662,B,,0.3706449536373902,1.527,,False,0.15,,1.0991841331635066,1.2963999242069169,2.927171098622658,3.801319266077491,33.696667967621174,0.07364312874630677,19.787909898950574,845.611924545448,,,-0.4310419084583449,False
HD 269110,DornWallenstein2020_YSG,3.75,4.023035477688536,B,,0.4984495555649714,1.945,,False,0.15,,1.0208707353769064,1.393567160655781,2.737838824877185,3.0,27.799315378568338,0.35157962990244823,24.7495416638781,546.8129923042966,,,-0.30237878689755987,False
HD 268687,DornWallenstein2020_YSG,3.784,3.969722799998151,B,,0.4912189601601708,1.974,,False,0.15,,1.0286149973735481,1.3472735451492643,2.6158226962346114,3.0,24.500215402496895,0.08693499647626234,22.247107079183053,412.8789068706135,,,-0.3087248785647272,False
HD 269840,DornWallenstein2020_YSG,3.791,4.067571498975102,B,,1.2671571902220968,2.303,,False,0.15,,1.018054019313614,1.4135595779838386,2.676318518890519,3.0000000000000004,29.098111484416144,0.1317191572645672,25.91549914540353,474.5899299014418,,,0.1028304922407077,False
HD 269902,DornWallenstein2020_YSG,3.793,4.075459223858629,B,,0.506057052756424,1.739,,False,0.15,,1.0163373817645716,1.4196027684850185,2.6789868459170236,3.0,29.471508391177146,0.2555408670532957,26.278632925525283,477.5148102812853,,,-0.2958005181394028,False
HD 269331,DornWallenstein2020_YSG,3.81,4.047445402155871,B,,0.3089787285806549,1.734,,False,0.15,,1.0154415489761932,1.4148036736634977,2.6372745944307296,3.0,28.868787478265862,0.12328281300701448,25.989844056241438,433.78506403525574,,,-0.510071418238694,False
RMC 137,DornWallenstein2020_YSG,3.847,4.175565860987891,B,,0.4385641859793203,1.897,,False,0.15,,1.0198840554894708,1.4747435423977844,2.650598140082105,2.675827112871161,35.90372203967868,0.158373380358277,29.83620224763518,447.29921920811324,,,-0.35796683655867156,False
CPD-69 430,DornWallenstein2020_YSG,3.857,3.960540785394222,B,,0.2425772642766275,1.736,,False,0.15,,1.0198239593405296,1.3557742766498653,2.4687197709500666,3.0000000000000004,24.456824082806822,0.09050470856438375,22.686854024689737,294.25223549309914,,,-0.6151499061154146,False
W61 27-27,DornWallenstein2020_YSG,3.861,4.447239444490235,B,,0.2484466798187564,1.688,,False,0.15,,1.1423593359402417,-0.0014774936943927571,2.021649800688385,5.999999999999999,6.022975722814212,0.12446478166109642,0.9966037254762856,105.11139518518328,,,-0.604766802685918,False
HD 269392,DornWallenstein2020_YSG,3.865,3.730085719224057,B,,0.184313773123214,1.579,,False,0.15,,1.006451469248026,1.2262003629724247,2.271349116194971,2.9999999999999996,17.535203863336356,0.24624334064122683,16.83450546552181,186.78806201981982,,,-0.7344422102615927,False
HD 269128,DornWallenstein2020_YSG,3.872,3.9480397882978417,B,,0.5089700770447565,1.294,,False,0.15,,1.0202166159297679,1.3489335753135554,2.429463871564557,3.0,24.01228602671011,0.17607997907862702,22.332306274493735,268.8214204457155,,,-0.2933077496010482,False
HD 269700,DornWallenstein2020_YSG,3.882,3.897343578611777,B,,0.0619472766199187,1.283,,False,0.15,,1.0246300530515846,1.31178975688552,2.3651813668368225,3.0000000000000004,21.96230762858586,0.12905262375348028,20.501694460676976,231.8362625220402,,,-1.2079777817001787,False
HD 270151,DornWallenstein2020_YSG,3.897,3.63197527981171,B,,0.1424332764380663,1.445,,False,0.15,,1.00373086443805,1.1946596600305883,2.1462241428588746,2.6590834595048904,16.20589573628339,0.30762866110731535,15.655237482036378,140.03098472285998,,,-0.8463885353822608,False
CPD-69 491,DornWallenstein2020_YSG,3.914,3.6525693182306704,B,,0.2179607547136337,1.578,,False,0.15,,1.00334823243713,1.1935328433580032,2.1182367612990007,2.2029598288015033,16.153506454809868,0.12348604337514,15.614671188724046,131.29154569323325,,,-0.6616216969718237,False
HD 270754,DornWallenstein2020_YSG,3.915,3.798981372547276,B,,0.1545944080542936,1.381,,False,0.15,,1.01510538929661,1.2589098084252157,2.222777080819334,3.0000000000000004,19.094126568910486,0.001614179385981286,18.15138666928195,167.0233079671326,,,-0.8108062193121653,False
HD 269655,DornWallenstein2020_YSG,3.924,4.352105076400045,B,,0.1894927290057094,1.488,,False,0.15,,1.0406155385065385,1.2683347786666412,2.4849470661540916,2.9980733703201383,45.93504426708394,0.03189907656559567,18.549609809125243,305.45487878102887,,,-0.7224074496182328,False
HD 269997,DornWallenstein2020_YSG,3.927,3.829702356150414,B,,0.3386996022385515,1.598,,False,0.15,,1.013820830810343,1.2732049231135392,2.2177519560729944,3.0,19.75302788403647,0.1222177134358604,18.758794384376838,165.10185624393026,,,-0.4701853133810669,False
W61 6-77,DornWallenstein2020_YSG,3.969,4.317954154388289,B,,0.3478036343791419,1.845,,False,0.15,,1.054549319580189,1.1626245707193603,2.336889449427755,3.189418706562269,43.23164263446467,0.20931092503582013,14.542014411989092,217.21481836027394,,,-0.45866588414308285,False
HD 269777,DornWallenstein2020_YSG,3.976,3.8862818279868576,B,,0.1665323250935391,1.429,,False,0.15,,1.0112841396135046,1.315648587669347,2.1723041712055107,3.0000000000000004,21.805706437977484,0.1994807236841844,20.68466957367966,148.69767265510524,,,-0.7785014543668715,False
CPD-69 394,DornWallenstein2020_YSG,3.984,3.884940052217679,B,,0.286869039459076,1.261,,False,0.15,,1.0099545291289291,1.3160442231095921,2.1553654426365685,3.0000000000000004,21.796106633368648,0.19324543050628104,20.703521567860022,143.00968255885746,,,-0.5423163207593622,False
HD 269992,DornWallenstein2020_YSG,3.99,3.9045956329840346,B,,0.3358407746188971,1.667,,False,0.15,,1.0084272308821614,1.3409514431572385,2.1725033728321925,3.0000000000000004,23.0560837282816,0.19491845216222287,21.92559779731884,148.76589275406843,,,-0.47386657705751617,False
HD 269786,DornWallenstein2020_YSG,4.0,3.9228616091602455,B,,0.1755514483696176,1.311,,False,0.15,,1.0052778529706416,1.3548895432359345,2.1680080647902287,3.0,23.742168988994145,0.22594594426131637,22.640684000358437,147.23398433321015,,,-0.7555955830807841,False
HD 269101,DornWallenstein2020_YSG,4.027,3.69807394142611,B,,0.462122366701206,1.919,,False,0.15,,1.0027319549905285,1.2186276361721402,1.9310740276690785,2.0,17.15558026640467,0.02982253098203879,16.543509157299077,85.32455415978204,,,-0.3352430111397322,False
SK -69 68,DornWallenstein2020_YSG,4.029,3.587416018884961,B,,0.2628053881966568,1.616,,False,0.15,,1.0172660435155438,1.169610431539491,1.8538904170981738,2.266037056981059,15.403687731492052,0.534388856324691,14.777822013461192,71.43160642789745,,,-0.5803657348501313,False
HD 268798,DornWallenstein2020_YSG,4.033,3.894738821345203,B,,0.3550980434892801,1.511,,False,0.15,,1.003958615331941,1.3233116565229293,2.063415764093126,2.999999999999999,21.999999999999996,0.08578067645025582,21.052886859514302,115.72195556207039,,,-0.44965172055715746,False
HD 269769,DornWallenstein2020_YSG,4.037,3.649400824298992,B,,1.0301290815009407,2.561,,False,0.15,,1.0025161995870413,1.1970635682939366,1.870593086908491,2.0,16.28612353413577,0.2712251881195192,15.7421326741291,74.23232906541966,,,0.012891647881031525,False
