quantity,mass,dlog_median,dlog_p05,dlog_p95,dlog_median_late_MS,frac_MS_both_have_FeCZ
v_FeCZ_max,7,0,0,0,0,0.22
v_FeCZ_max,7.5,0,0,0,0,0.45
v_FeCZ_max,8,0,0,0,0,0.63
v_FeCZ_max,9,0,0,0,0,0.91
v_FeCZ_max,10,0,0,0,0,1
v_FeCZ_max,11,0,0,0,0,1
v_FeCZ_max,12,0,0,0,0,1
v_FeCZ_max,13,0,0,0,0,1
v_FeCZ_max,14,0,0,0,0,1
v_FeCZ_max,15,0,0,0,0,1
v_FeCZ_max,16,0,0,0,0,1
v_FeCZ_max,17,0,0,0,0,1
v_FeCZ_max,18,0,0,0,0,1
v_FeCZ_max,19,0,0,0.003853,0,1
v_FeCZ_max,20,0,0,0.02165,0.009366,1
v_FeCZ_max,21,0,0,0.03234,0.02785,1
v_FeCZ_max,22,0,0,0.0396,0.03864,1
v_FeCZ_max,23,0,0,0.04513,0.04428,1
v_FeCZ_max,24,0,0,0.05192,0.04669,1
v_FeCZ_max,25,0,0,0.05847,0.04607,1
v_FeCZ_max,30,0.02518,0,0.08849,0.02598,1
v_FeCZ_max,40,0.05574,-0.0001933,0.1273,-0.00146,0.82
v_FeCZ_max,50,0.0646,-0.0139,0.1489,nan,0.66
v_FeCZ_max,60,0.01707,-0.03589,0.131,nan,0.51
mach_FeCZ_max,7,0,0,0,0,0.22
mach_FeCZ_max,7.5,0,0,0,0,0.45
mach_FeCZ_max,8,0,0,0,0,0.63
mach_FeCZ_max,9,0,0,0,0,0.91
mach_FeCZ_max,10,0,0,0,0,1
mach_FeCZ_max,11,0,0,0,0,1
mach_FeCZ_max,12,0,0,0,0,1
mach_FeCZ_max,13,0,0,0,0,1
mach_FeCZ_max,14,0,0,0,0,1
mach_FeCZ_max,15,0,0,0,0,1
mach_FeCZ_max,16,0,0,0,0,1
mach_FeCZ_max,17,0,0,0,0,1
mach_FeCZ_max,18,0,0,0,0,1
mach_FeCZ_max,19,0,0,0.0048,0,1
mach_FeCZ_max,20,0,0,0.02526,0.008008,1
mach_FeCZ_max,21,0,0,0.03401,0.02954,1
mach_FeCZ_max,22,0,0,0.04314,0.04134,1
mach_FeCZ_max,23,0,0,0.05039,0.0493,1
mach_FeCZ_max,24,0,0,0.05699,0.05635,1
mach_FeCZ_max,25,0,0,0.06264,0.05981,1
mach_FeCZ_max,30,0.06386,0,0.09489,0.06753,1
mach_FeCZ_max,40,0.09136,-0.0005439,0.1383,0.06519,0.82
mach_FeCZ_max,50,0.1195,0.05041,0.1622,nan,0.66
mach_FeCZ_max,60,0.1032,0.03544,0.1663,nan,0.51
turnover_FeCZ,7,0,0,0,0,0.22
turnover_FeCZ,7.5,0,0,0,0,0.45
turnover_FeCZ,8,0,0,0,0,0.63
turnover_FeCZ,9,0,0,0,0,0.91
turnover_FeCZ,10,0,0,0,0,1
turnover_FeCZ,11,0,0,0,0,1
turnover_FeCZ,12,0,0,0,0,1
turnover_FeCZ,13,0,0,0,0,1
turnover_FeCZ,14,0,0,0,0,1
turnover_FeCZ,15,0,0,0,0,1
turnover_FeCZ,16,0,0,0,0,1
turnover_FeCZ,17,0,0,0,0,1
turnover_FeCZ,18,0,0,0,0,1
turnover_FeCZ,19,0,-0.01138,0,0,1
turnover_FeCZ,20,0,-0.03677,0,-0.01125,1
turnover_FeCZ,21,0,-0.04935,0,-0.04338,1
turnover_FeCZ,22,0,-0.0675,0,-0.06275,1
turnover_FeCZ,23,0,-0.08366,0,-0.07872,1
turnover_FeCZ,24,0,-0.09891,0,-0.09471,1
turnover_FeCZ,25,0,-0.1091,0,-0.1062,1
turnover_FeCZ,30,-0.1013,-0.1559,0,-0.1545,1
turnover_FeCZ,40,-0.1806,-0.2056,0.001588,-0.1696,0.82
turnover_FeCZ,50,-0.22,-0.2386,-0.1508,nan,0.66
turnover_FeCZ,60,-0.2468,-0.2618,-0.1475,nan,0.51
FeCZ_Fc_max,7,0,0,0,0,0.22
FeCZ_Fc_max,7.5,0,0,0,0,0.45
FeCZ_Fc_max,8,0,0,0,0,0.63
FeCZ_Fc_max,9,0,0,0,0,0.9
FeCZ_Fc_max,10,0,0,0,0,1
FeCZ_Fc_max,11,0,0,0,0,1
FeCZ_Fc_max,12,0,0,0,0,1
FeCZ_Fc_max,13,0,0,0,0,1
FeCZ_Fc_max,14,0,0,0,0,1
FeCZ_Fc_max,15,0,0,0,0,1
FeCZ_Fc_max,16,0,0,0,0,1
FeCZ_Fc_max,17,0,0,0,0,1
FeCZ_Fc_max,18,0,0,0,0,1
FeCZ_Fc_max,19,0,0,0.03477,0,1
FeCZ_Fc_max,20,0,0,0.1729,0.08929,1
FeCZ_Fc_max,21,0,0,0.258,0.2289,1
FeCZ_Fc_max,22,0,0,0.3158,0.3101,1
FeCZ_Fc_max,23,0,0,0.3626,0.3591,1
FeCZ_Fc_max,24,0,0,0.42,0.3913,1
FeCZ_Fc_max,25,0,0,0.4785,0.4072,1
FeCZ_Fc_max,30,0.4175,0,0.7661,0.4217,1
FeCZ_Fc_max,40,0.8203,6.711e-06,1.241,0.3395,0.82
FeCZ_Fc_max,50,0.9695,0.4228,1.557,nan,0.66
FeCZ_Fc_max,60,0.8678,0.5086,1.406,nan,0.51
b_FeCZ_max,7,0,0,0,0,0.22
b_FeCZ_max,7.5,0,0,0,0,0.45
b_FeCZ_max,8,0,0,0,0,0.63
b_FeCZ_max,9,0,0,0,0,0.91
b_FeCZ_max,10,0,0,0,0,1
b_FeCZ_max,11,0,0,0,0,1
b_FeCZ_max,12,0,0,0,0,1
b_FeCZ_max,13,0,0,0,0,1
b_FeCZ_max,14,0,0,0,0,1
b_FeCZ_max,15,0,0,0,0,1
b_FeCZ_max,16,0,0,0,0,1
b_FeCZ_max,17,0,0,0,0,1
b_FeCZ_max,18,0,0,0,0,1
b_FeCZ_max,19,0,0,0.005168,0,1
b_FeCZ_max,20,0,0,0.03053,0.014,1
b_FeCZ_max,21,0,0,0.05719,0.04475,1
b_FeCZ_max,22,0,0,0.07324,0.06883,1
b_FeCZ_max,23,0,0,0.08893,0.08516,1
b_FeCZ_max,24,0,0,0.1007,0.0988,1
b_FeCZ_max,25,0,0,0.1093,0.1091,1
b_FeCZ_max,30,0.1109,0,0.155,0.1383,1
b_FeCZ_max,40,0.168,0.0001007,0.2184,0.1282,0.82
b_FeCZ_max,50,0.2265,0.1387,0.2545,nan,0.66
b_FeCZ_max,60,0.2388,0.1548,0.2795,nan,0.51
FeCZ_B_shutoff_conv,7,0,0,0,0,0.22
FeCZ_B_shutoff_conv,7.5,0,0,0,0,0.45
FeCZ_B_shutoff_conv,8,0,0,0,0,0.63
FeCZ_B_shutoff_conv,9,0,0,0,0,0.9
FeCZ_B_shutoff_conv,10,0,0,0,0,1
FeCZ_B_shutoff_conv,11,0,0,0,0,1
FeCZ_B_shutoff_conv,12,0,0,0,0,1
FeCZ_B_shutoff_conv,13,0,0,0,0,1
FeCZ_B_shutoff_conv,14,0,0,0,0,1
FeCZ_B_shutoff_conv,15,0,0,0,0,1
FeCZ_B_shutoff_conv,16,0,0,0,0,1
FeCZ_B_shutoff_conv,17,0,0,0,0,1
FeCZ_B_shutoff_conv,18,0,0,0,0,1
FeCZ_B_shutoff_conv,19,0,0,0.00941,0,1
FeCZ_B_shutoff_conv,20,0,0,0.06223,0.02355,1
FeCZ_B_shutoff_conv,21,0,0,0.1248,0.08619,1
FeCZ_B_shutoff_conv,22,0,0,0.2118,0.1574,1
FeCZ_B_shutoff_conv,23,0,0,0.3658,0.2552,1
FeCZ_B_shutoff_conv,24,0,0,1.076,0.4671,1
FeCZ_B_shutoff_conv,25,0,0,1.268,1.011,1
FeCZ_B_shutoff_conv,30,0.08367,0,1.337,0.263,1
FeCZ_B_shutoff_conv,40,0.2504,-0.1912,1.294,0.05925,0.82
FeCZ_B_shutoff_conv,50,0.2643,-0.3811,1.27,nan,0.66
FeCZ_B_shutoff_conv,60,0.06628,-0.3956,0.5132,nan,0.51
