observable,logTeff,logLspec,vsini,omega,omega_from_vsini
vmac,4.51,3.89,167,0.6,True
vmac,4.36,2.93,99,0.2325,True
vmac,4.11,2.23,33,0.282,False
vmac,4.13,2.4,117,0.3174,True
vmac,4.13,2.45,29,0.09588,True
vmac,4.12,2.43,18,0.06304,True
vmac,4.27,2.8,94,0.2295,True
vmac,4.25,2.36,161,0.3757,True
vmac,4.54,3.63,130,0.2829,True
vmac,4.32,2.89,68,0.1663,True
vmac,4.59,3.94,79,0.2823,True
vmac,4.51,3.89,111,0.4366,True
vmac,4.25,2.18,19,0.04255,True
vmac,4.51,3.99,196,0.6,True
vmac,4.15,2.19,64,0.282,False
vmac,4.23,2.41,137,0.3306,True
vmac,4.27,2.72,113,0.281,True
vmac,4.36,3.57,65,0.3119,True
vmac,4.48,3.83,58,0.1755,True
vmac,4.06,2.05,18,0.282,False
vmac,4.47,3.06,96,0.282,False
vmac,4.26,2.44,59,0.1372,True
vmac,4.4,3.58,33,0.08102,True
vmac,4.29,2.75,170,0.4175,True
vmac,4.54,3.84,123,0.3813,True
vmac,4.39,3.31,24,0.05574,True
vmac,4.28,2.6,186,0.4425,True
vmac,4.34,3.15,122,0.3451,True
vmac,4.53,4.02,47,0.2798,True
vmac,4.63,4.07,80,0.4685,True
vmac,4.27,2.87,128,0.3026,True
vmac,4.36,2.81,19,0.04218,True
vmac,4.56,4.18,114,0.6,True
vmac,4.14,2.26,18,0.282,False
vmac,4.22,2.55,47,0.1197,True
vmac,4.19,2.39,95,0.242,True
vmac,4.54,4.09,58,0.6,True
vmac,4.55,4.16,59,0.6,True
vmac,4.51,3.91,76,0.2978,True
vmac,4.59,3.65,33,0.06868,True
vmac,4.65,4.11,56,0.3539,True
vmac,4.49,3.86,42,0.1355,True
vmac,4.48,4.02,59,0.3981,True
vmac,4.58,4.01,139,0.6,True
vmac,4.57,4.07,59,0.4886,True
vmac,4.57,3.84,81,0.2306,True
vmac,4.28,2.75,42,0.1035,True
vmac,4.12,2.4,18,0.05849,True
vmac,4.07,2.08,33,0.282,False
vmac,4.56,4.1,93,0.6,True
vmac,4.36,2.81,91,0.2021,True
vmac,4.37,2.87,31,0.0693,True
vmac,4.24,2.63,77,0.1945,True
vmac,4.53,4.21,109,0.6,True
vmac,4.15,2.39,18,0.04755,True
vmac,4.26,2.64,13,0.03186,True
vmac,4.22,2.5,153,0.3825,True
vmac,4.26,2.51,17,0.04018,True
vmac,4.13,2.21,48,0.282,False
vmac,4.08,2.29,17,0.282,False
vmac,4.13,1.93,70,0.282,False
vmac,4.22,2.55,40,0.1019,True
vmac,4.12,2.01,30,0.282,False
vmac,4.51,3.99,131,0.6,True
vmac,4.13,2.34,63,0.1738,True
vmac,4.39,3.13,132,0.3022,True
vmac,4.08,2.29,20,0.282,False
vmac,4.56,4.11,51,0.6,True
vmac,4.42,3.93,150,0.6,True
vmac,4.52,4.19,82,0.6,True
vmac,4.52,4.09,52,0.6,True
vmac,4.32,3.26,94,0.304,True
vmac,4.13,2.25,107,0.282,False
vmac,4.49,3.86,90,0.3033,True
vmac,4.58,4.11,55,0.6,True
vmac,4.39,4.12,48,0.6,True
vmac,4.42,3.94,41,0.2044,True
vmac,4.55,3.87,62,0.195,True
vmac,4.52,3.56,41,0.08744,True
vmac,4.11,2.01,19,0.282,False
vmac,4.45,4.23,49,0.6,True
vmac,4.54,4.21,104,0.6,True
vmac,4.54,4.16,62,0.6,True
vmac,4.44,3.99,120,0.6,True
vmac,4.13,2.42,49,0.1501,True
vmac,4.19,2.73,35,0.1217,True
vmac,4.28,2.71,38,0.09229,True
vmac,4.13,2.23,95,0.282,False
vmac,4.22,2.71,36,0.09633,True
vmac,4.17,2.6,150,0.4183,True
vmac,4.51,3.91,144,0.6,True
vmac,4.17,2.6,34,0.1062,True
vmac,4.15,2.39,25,0.06605,True
vmac,4.6,3.83,66,0.1714,True
vmac,4.52,3.79,93,0.2584,True
vmac,4.43,2.81,8,0.282,False
vmac,4.21,2.71,19,0.05145,True
vmac,4.51,4.19,84,0.6,True
vmac,4.49,3.36,21,0.04234,True
vmac,4.11,2.12,38,0.282,False
vmac,4.2,2.59,128,0.3144,True
vmac,4.46,4.05,52,0.5007,True
vmac,4.44,3.14,32,0.06483,True
vmac,4.52,3.36,15,0.02944,True
vmac,4.52,4.15,71,0.6,True
vmac,4.51,3.51,37,0.07737,True
vmac,4.11,2.09,19,0.282,False
vmac,4.33,3.42,21,0.09544,True
vmac,4.33,3.2,135,0.3891,True
vmac,4.47,3.28,26,0.05238,True
vmac,4.31,3.12,95,0.2592,True
vmac,4.27,2.71,148,0.3674,True
vmac,4.16,2.59,19,0.06448,True
vmac,4.51,3.61,102,0.2263,True
vmac,4.15,2.36,16,0.04339,True
vmac,4.52,4.09,52,0.6,True
vmac,4.11,2.16,19,0.282,False
vmac,4.14,2.22,67,0.282,False
vmac,4.52,4.09,65,0.6,True
vmac,4.13,2.21,34,0.282,False
vmac,4.19,2.52,50,0.1328,True
vmac,4.29,2.8,9,0.02224,True
vmac,4.25,3.07,125,0.5249,True
vmac,4.16,2.27,27,0.07044,True
vmac,4.44,4,56,0.337,True
vmac,4.25,2.46,136,0.3232,True
vmac,4.55,3.67,16,0.0363,True
vmac,4.11,2.34,18,0.282,False
vmac,4.09,2.17,67,0.282,False
vmac,4.56,3.4,44,0.282,False
vmac,4.54,3.97,52,0.2274,True
vmac,4.43,3.52,30,0.06604,True
vmac,4.26,2.78,156,0.4062,True
vmac,4.22,2.68,13,0.03231,True
vmac,4.52,4.09,51,0.6,True
vmac,4.15,2.37,122,0.3272,True
vmac,4.35,2.99,11,0.02689,True
vmac,4.33,3.42,186,0.6,True
vmac,4.13,2.33,22,0.06101,True
vmac,4.52,4.2,85,0.6,True
vmac,4.47,4.14,112,0.6,True
vmac,4.14,2.42,19,0.05285,True
vmac,4.43,3.88,51,0.282,False
vmac,4.52,4.09,48,0.6,True
vmac,4.54,3.91,65,0.2346,True
vmac,4.14,2.15,31,0.282,False
vmac,4.26,2.6,128,0.3107,True
vmac,4.2,2.79,71,0.2527,True
vmac,4.44,3.64,39,0.09124,True
vmac,4.51,4.04,68,0.6,True
vmac,4.2,2.72,142,0.3967,True
vmac,4.33,3.17,153,0.4916,True
vmac,4.15,2.57,106,0.3503,True
vmac,4.21,2.58,22,0.05508,True
vmac,4.16,2.61,33,0.1178,True
vmac,4.17,2.66,21,0.0762,True
vmac,4.47,3.3,12,0.02425,True
vmac,4.12,2.43,62,0.2133,True
vmac,4.4,4.06,59,0.6,True
vmac,4.12,2.32,19,0.282,False
vmac,4.37,3.04,32,0.07558,True
vmac,4.51,4.19,99,0.6,True
vmac,4.29,3.16,39,0.1436,True
vmac,4.09,2.34,68,0.282,False
vmac,4.28,2.7,56,0.1356,True
vmac,4.17,2.56,18,0.05086,True
vmac,4.22,2.47,47,0.1169,True
vmac,4.53,3.53,17,0.03538,True
vmac,4.57,4.17,44,0.6,True
vmac,4.16,2.4,58,0.1567,True
vmac,4.43,3.03,48,0.09704,True
vmac,4.37,2.69,8,0.0168,True
vmac,4.29,2.99,53,0.1382,True
vmac,4.58,3.8,43,0.1111,True
vmac,4.53,4.24,176,0.6,True
vmac,4.28,2.47,10,0.02277,True
vmac,4.18,2.2,136,0.3372,True
vmac,4.31,2.65,11,0.02507,True
vmac,4.28,2.4,13,0.02918,True
vmac,4.51,3.64,174,0.3962,True
vmac,4.51,3.99,128,0.6,True
vmac,4.53,3.3,15,0.282,False
vmac,4.43,3.03,9,0.01819,True
vmac,4.29,2.47,10,0.02246,True
vmac,4.46,3.34,18,0.03691,True
vmac,4.55,4.06,51,0.3779,True
vmac,4.4,2.9,75,0.1568,True
vmac,4.39,2.86,12,0.02566,True
vmac,4.46,3.33,22,0.04503,True
vmac,4.48,3.13,55,0.107,True
vmac,4.59,3.58,26,0.05052,True
vmac,4.54,3.31,133,0.282,False
vmac,4.47,3.08,33,0.06426,True
vmac,4.52,3.96,104,0.6,True
vmac,4.45,3.01,191,0.3781,True
vmac,4.47,4.05,42,0.3459,True
vmac,4.09,2.34,27,0.282,False
vmac,4.52,3.26,18,0.282,False
vmac,4.3,2.79,197,0.493,True
vmac,4.21,2.61,71,0.1875,True
vmac,4.52,4.3,116,0.282,False
vmac,4.36,3.42,177,0.6,True
vmac,4.47,4.06,43,0.3897,True
vmac,4.21,2.73,129,0.346,True
vmac,4.38,3.53,46,0.1276,True
vmac,4.43,3.79,145,0.4457,True
vmac,4.19,2.65,189,0.5125,True
vmac,4.6,3.96,40,0.1447,True
vmac,4.37,3.37,163,0.6,True
vmac,4.28,2.99,129,0.3489,True
vmac,4.48,4.15,62,0.6,True
vmac,4.37,3.2,26,0.06388,True
vmac,4.57,3.77,26,0.06514,True
vmac,4.27,2.83,59,0.1483,True
vmac,4.11,2.19,53,0.282,False
vmac,4.56,3.61,31,0.06574,True
vmac,4.61,3.98,66,0.252,True
vmac,4.54,3.46,20,0.03984,True
vmac,4.64,4.11,58,0.3846,True
vmac,4.39,3.22,9,0.02046,True
vmac,4.56,4,88,0.5289,True
vmac,4.55,3.75,38,0.09489,True
vmac,4.47,3.67,107,0.2562,True
vmac,4.51,4.09,97,0.6,True
vmac,4.58,3.74,39,0.09187,True
vmac,4.56,3.74,140,0.3382,True
vmac,4.48,3.93,42,0.171,True
vmac,4.44,3.56,52,0.1158,True
vmac,4.62,4.03,65,0.2983,True
vmac,4.38,3.31,24,0.0584,True
vmac,4.1,2.26,33,0.282,False
vmac,4.55,4,186,0.6,True
vmac,4.51,3.71,29,0.07084,True
vmac,4.51,4.01,56,0.3379,True
vmac,4.58,3.51,29,0.282,False
vmac,4.54,3.62,16,0.03495,True
vmac,4.49,4.23,115,0.6,True
vmac,4.34,3.36,100,0.3267,True
vmac,4.48,3.68,35,0.08357,True
vmac,4.18,2.31,173,0.4349,True
vmac,4.07,2.06,19,0.282,False
vmac,4.23,2.76,12,0.03154,True
vmac,4.14,2,77,0.282,False
vmac,4.36,2.97,140,0.3388,True
vmac,4.522,3.461,36,0.07298,True
vmac,4.508,3.502,3,0.006259,True
vmac,4.398,4.063,52,0.6,True
vmac,4.394,4.109,84,0.6,True
vmac,4.438,3.472,43,0.09261,True
vmac,4.401,3.387,40,0.08906,True
vmac,4.378,3.475,36,0.09539,True
vmac,4.375,3.34,15,0.03779,True
vmac,4.452,3.438,176,0.3727,True
vmac,4.513,3.434,22,0.0445,True
vmac,4.377,3.437,25,0.06566,True
vmac,4.415,3.521,25,0.05555,True
vmac,4.373,3.453,26,0.07026,True
vmac,4.439,3.708,24,0.05989,True
vmac,4.422,4.227,127,0.6,True
vmac,4.42,3.911,126,0.282,False
vmac,4.377,3.377,15,0.03809,True
vmac,4.455,3.92,32,0.1277,True
vmac,4.417,4.208,57,0.6,True
vmac,4.513,3.674,25,0.0585,True
vmac,4.452,3.948,49,0.2211,True
vmac,4.365,3.543,11,0.04029,True
vmac,4.504,3.956,59,0.2693,True
vmac,4.439,3.258,6,0.01233,True
vmac,4.423,4.224,61,0.6,True
vmac,4.433,4.043,62,0.6,True
vmac,4.391,4.165,63,0.6,True
vmac,4.509,3.458,11,0.0225,True
vmac,4.391,3.505,23,0.06016,True
vmac,4.417,3.418,55,0.1184,True
vmac,4.529,3.527,33,0.06865,True
vmac,4.428,4.263,63,0.282,False
vmac,4.382,3.469,179,0.6,True
vmac,4.507,4.197,57,0.6,True
vmac,4.43,4.09,52,0.6,True
vmac,4.422,4.057,49,0.4966,True
vmac,4.444,3.977,117,0.6,True
vmac,4.378,4.105,47,0.6,True
vmac,4.428,3.473,37,0.08023,True
vmac,4.459,3.909,149,0.6,True
vmac,4.394,3.629,19,0.05072,True
vmac,4.512,4.038,87,0.6,True
vmac,4.481,3.977,36,0.1719,True
vmac,4.403,3.773,146,0.6,True
vmac,4.438,4.172,72,0.6,True
vmac,4.496,4.183,82,0.6,True
vmac,4.413,3.844,162,0.6,True
vmac,4.365,3.353,10,0.02643,True
vmac,4.441,3.895,51,0.1836,True
vmac,4.428,3.633,155,0.3695,True
vmac,4.403,3.713,36,0.282,False
vmac,4.42,3.441,36,0.0777,True
vmac,4.4,3.69,23,0.282,False
vmac,4.344,3.399,33,0.1066,True
vmac,4.389,3.548,157,0.6,True
vmac,4.362,3.528,88,0.3291,True
vmac,4.369,3.398,164,0.6,True
vmac,4.391,3.655,38,0.282,False
vmac,4.489,4.265,117,0.6,True
vmac,4.354,4.187,55,0.6,True
vmac,4.396,3.356,123,0.2853,True
vmac,4.452,4.198,69,0.6,True
vmac,4.436,3.876,88,0.282,False
vmac,4.474,3.898,30,0.1099,True
vmac,4.398,4.043,114,0.6,True
vmac,4.438,4.122,99,0.6,True
vmac,4.5,4.25,58,0.6,True
vmac,4.461,4.205,74,0.6,True
vmac,4.479,3.715,18,0.04481,True
vmac,4.458,4.212,73,0.6,True
vmac,4.417,4.248,54,0.6,True
vmac,4.38,4.182,55,0.6,True
vmac,4.496,4.143,95,0.6,True
vmac,4.509,4.268,76,0.282,False
vmac,4.473,4.132,48,0.6,True
vmac,4.36,3.42,14,0.03978,True
vmac,4.371,3.575,89,0.3341,True
vmac,4.369,4.108,58,0.6,True
vmac,4.498,4.224,65,0.6,True
vmac,4.415,3.731,23,0.282,False
vmac,4.476,3.954,111,0.6,True
vmac,4.449,4.256,121,0.6,True
vmac,4.497,4.279,70,0.282,False
vmac,4.4,4,41,0.4831,True
vmac,4.453,4.154,67,0.6,True
vmac,4.456,4.226,80,0.6,True
vmac,4.382,4.119,59,0.6,True
vmac,4.43,4.13,60,0.6,True
vmac,4.467,3.948,28,0.1232,True
vmac,4.436,4.006,88,0.6,True
vmac,4.513,3.304,28,0.05445,True
vmac,4.422,3.947,38,0.1904,True
vmac,4.387,4.081,71,0.6,True
vmac,4.468,3.704,142,0.3589,True
vmac,4.491,4.056,78,0.6,True
vmac,4.425,3.42,85,0.1819,True
vmac,4.479,3.455,77,0.1605,True
vmac,4.461,4.005,54,0.3253,True
vmac,4.465,3.902,35,0.1313,True
vmac,4.4,3.38,20,0.04489,True
vmac,4.439,4.038,43,0.3151,True
vmac,4.481,3.417,19,0.03908,True
vmac,4.354,3.427,17,0.05041,True
vmac,4.512,3.418,127,0.2568,True
vmac,4.458,4.282,92,0.282,False
vmac,4.4,3.25,42,0.0923,True
vmac,4.334,3.339,74,0.2382,True
vmac,4.427,3.657,76,0.1808,True
vmac,4.393,3.702,112,0.282,False
vmac,4.515,3.549,32,0.06808,True
vmac,4.407,4.087,92,0.6,True
vmac,4.468,3.334,68,0.1384,True
vmac,4.505,3.962,45,0.1973,True
vmac,4.338,3.425,47,0.1851,True
vmac,4.422,3.927,41,0.1813,True
vmac,4.393,4.002,53,0.6,True
vmac,4.491,4.116,101,0.6,True
vmac,4.43,4.14,80,0.6,True
vmac,4.446,4.183,127,0.6,True
vmac,4.288,3.232,30,0.1423,True
vmac,4.418,3.534,34,0.07578,True
vmac,4.436,4.116,45,0.6,True
vmac,4.42,4.111,78,0.6,True
vmac,4.494,3.788,126,0.3644,True
vmac,4.49,4.031,57,0.4284,True
vmac,4.438,3.802,28,0.08088,True
vmac,4.408,3.764,33,0.08783,True
vmac,4.511,3.433,67,0.1358,True
vmac,4.48,4.091,107,0.6,True
vmac,4.425,3.7,46,0.1138,True
vmac,4.423,4.124,56,0.6,True
vmac,4.428,3.673,25,0.06026,True
vmac,4.367,4.11,57,0.6,True
vmac,4.413,4.234,66,0.6,True
vmac,4.496,4.193,116,0.6,True
vmac,4.34,3.363,23,0.0711,True
vmac,4.41,4.131,47,0.6,True
vmac,4.425,3.45,131,0.2819,True
vmac,4.418,4.164,74,0.6,True
vmac,4.33,3.143,4,0.01075,True
vmac,4.453,3.944,82,0.3939,True
vmac,4.377,3.587,67,0.2213,True
vmac,4.394,3.379,51,0.1179,True
vmac,4.328,3.184,9,0.02471,True
vmac,4.431,4.056,49,0.4899,True
vmac,4.446,3.633,139,0.3284,True
vmac,4.415,4.101,55,0.6,True
vmac,4.467,3.738,144,0.384,True
vmac,4.318,3.293,66,0.2372,True
vmac,4.394,4.099,60,0.6,True
vmac,4.403,3.523,73,0.1684,True
vmac,4.49,3.901,25,0.09172,True
vmac,4.491,4.066,112,0.6,True
vmac,4.507,4.027,47,0.3116,True
vmac,4.436,3.956,33,0.1476,True
vmac,4.423,3.774,40,0.1103,True
vmac,4.427,4.067,56,0.6,True
vmac,4.477,3.969,74,0.3892,True
vmac,4.502,3.541,16,0.03414,True
vmac,4.471,3.646,45,0.1048,True
vmac,4.35,3.422,32,0.1005,True
vmac,4.431,4.186,56,0.6,True
vmac,4.433,3.883,61,0.282,False
vmac,4.456,3.846,44,0.141,True
vmac,4.401,3.987,60,0.5974,True
vmac,4.502,4.081,124,0.6,True
vmac,4.442,3.791,32,0.08972,True
vmac,4.396,4.036,71,0.6,True
vmac,4.433,4.253,60,0.6,True
vmac,4.428,3.553,54,0.1206,True
vmac,4.444,3.437,69,0.1464,True
vmac,4.431,3.476,135,0.2923,True
vmac,4.365,3.283,108,0.2906,True
vmac,4.433,4.153,51,0.6,True
vmac,4.444,3.257,9,0.01842,True
vmac,4.378,3.505,15,0.04092,True
vmac,4.354,3.427,32,0.09489,True
vmac,4.382,3.339,25,0.06089,True
vmac,4.387,3.981,73,0.6,True
vmac,4.511,4.123,94,0.6,True
vmac,4.438,4.122,45,0.6,True
vmac,4.431,4.246,91,0.6,True
vmac,4.369,3.418,18,0.04843,True
vmac,4.465,3.532,25,0.05417,True
vmac,4.438,4.192,86,0.6,True
vmac,4.449,3.996,105,0.6,True
vmac,4.494,4.028,119,0.6,True
vmac,4.401,4.257,63,0.6,True
vmac,4.461,4.065,170,0.6,True
vmac,4.505,4.102,107,0.6,True
vmac,4.413,3.564,110,0.2491,True
vmac,4.338,3.455,38,0.1653,True
vmac,4.417,3.898,37,0.282,False
vmac,4.467,3.698,88,0.2165,True
vmac,4.412,3.557,25,0.05659,True
vmac,4.449,3.396,19,0.03974,True
vmac,4.436,3.406,17,0.03595,True
vmac,4.458,3.562,16,0.03536,True
vmac,4.352,3.35,8,0.02231,True
vmac,4.364,3.425,10,0.02791,True
vmac,4.533,4.032,69,0.5531,True
vmac,4.511,4.203,43,0.6,True
vmac,4.522,4.091,123,0.6,True
vmac,4.444,3.807,82,0.2436,True
vmac,4.344,3.459,114,0.5877,True
vmac,4.418,4.024,160,0.6,True
vmac,4.447,3.66,50,0.1188,True
vmac,4.49,3.501,94,0.1981,True
vmac,4.423,3.664,94,0.2264,True
vmac,4.342,4.161,49,0.6,True
vmac,4.375,3.58,47,0.1556,True
vmac,4.525,3.561,168,0.353,True
vmac,4.41,4.071,74,0.6,True
vmac,4.519,3.675,10,0.02339,True
vmac,4.461,3.955,39,0.1754,True
vmac,4.377,3.607,26,0.09134,True
vmac,4.373,4.163,47,0.6,True
vmac,4.459,3.719,24,0.06033,True
vmac,4.479,3.455,12,0.02501,True
vmac,4.41,4.081,128,0.6,True
vmac,4.365,3.483,108,0.3555,True
vmac,4.417,3.308,8,0.01686,True
vmac,4.52,3.91,78,0.3018,True
vmac,4.487,4.089,63,0.6,True
vmac,4.481,3.677,24,0.05711,True
vmac,4.386,3.993,44,0.6,True
vmac,4.444,3.337,7,0.01451,True
vmac,4.474,4.078,45,0.5771,True
vmac,4.346,3.376,166,0.6,True
vmac,4.533,4.192,73,0.6,True
vmac,4.332,3.271,44,0.1256,True
vmac,4.369,3.358,18,0.04689,True
vmac,4.449,4.226,77,0.6,True
vmac,4.502,3.981,72,0.3795,True
vmac,4.491,4.266,54,0.6,True
vmac,4.447,3.37,123,0.2559,True
vmac,4.41,4.141,56,0.6,True
vmac,4.435,4.209,79,0.6,True
vmac,4.427,4.267,61,0.282,False
vmac,4.433,4.253,69,0.6,True
vmac,4.384,3.426,87,0.2207,True
vmac,4.425,3.94,42,0.1841,True
vmac,4.452,4.108,36,0.6,True
vmac,4.524,3.536,55,0.1153,True
vmac,4.401,4.077,101,0.6,True
vmac,4.515,3.799,28,0.07809,True
vmac,4.511,4.223,74,0.6,True
vmac,4.534,3.877,56,0.1837,True
vmac,4.569,4.158,67,0.6,True
vmac,4.543,3.672,124,0.282,True
vmac,4.594,3.929,127,0.4641,True
vmac,4.572,4.048,75,0.5838,True
vmac,4.561,4.115,72,0.6,True
vmac,4.6,3.91,49,0.1528,True
vmac,4.547,3.957,55,0.2249,True
vmac,4.461,4.235,56,0.6,True
vmac,4.438,4.282,56,0.282,False
vmac,4.553,3.722,58,0.1391,True
vmac,4.507,4.207,118,0.6,True
vmac,4.544,3.987,60,0.2944,True
vmac,4.544,3.807,121,0.3416,True
vmac,4.592,4.12,114,0.6,True
vmac,4.556,4.066,67,0.6,True
vmac,4.48,4.151,59,0.6,True
vmac,4.58,3.79,48,0.122,True
vmac,4.58,3.9,73,0.2316,True
vmac,4.543,3.462,27,0.05362,True
vmac,4.534,4.217,62,0.6,True
vmac,4.579,3.875,65,0.1945,True
vmac,4.539,4.267,76,0.282,False
vmac,4.633,4.005,68,0.2592,True
vmac,4.599,4.086,107,0.6,True
vmac,4.59,4.051,66,0.3993,True
vmac,4.563,4.125,90,0.6,True
vmac,4.519,3.965,66,0.3072,True
vmac,4.566,4.154,248,0.6,True
vmac,4.591,3.685,89,0.1913,True
vmac,4.526,3.986,105,0.6,True
vmac,4.614,3.946,85,0.2846,True
vmac,4.603,3.894,47,0.139,True
vmac,4.615,3.941,69,0.2249,True
vmac,4.56,3.671,66,0.1479,True
vmac,4.587,3.997,68,0.3093,True
vmac,4.479,3.995,100,0.6,True
vmac,4.547,4.057,52,0.3816,True
vmac,4.53,3.612,111,0.2421,True
vmac,4.519,3.965,57,0.258,True
vmac,4.554,4.236,73,0.6,True
vmac,4.524,4.136,145,0.6,True
vmac,4.589,3.906,60,0.1893,True
vmac,4.6,3.77,51,0.12,True
vmac,4.548,3.652,25,0.0558,True
vmac,4.588,3.902,60,0.1873,True
vmac,4.563,3.805,120,0.3235,True
vmac,4.593,4.034,110,0.6,True
vmac,4.566,4.024,50,0.2703,True
vmac,4.516,3.954,55,0.2388,True
vmac,4.653,4.144,70,0.5683,True
vmac,4.572,4.148,58,0.6,True
vmac,4.542,4.067,162,0.6,True
vmac,4.56,4.091,76,0.6,True
vmac,4.52,3.8,29,0.08075,True
vmac,4.655,4.101,59,0.3378,True
vmac,4.591,3.895,72,0.2199,True
vmac,4.551,3.927,41,0.1477,True
vmac,4.565,3.55,66,0.1329,True
vmac,4.57,4.16,67,0.6,True
vmac,4.59,3.6,96,0.1902,True
vmac,4.5,4.15,124,0.6,True
vmac,4.58,4.01,62,0.3048,True
vmac,4.58,3.87,65,0.1916,True
vmac,4.2,2.51,75,0.1929,True
vmac,4.2,2.61,53,0.1325,True
vmac,4.23,2.61,25,0.0638,True
vmac,4.41,2.95,7,0.01442,True
vmac,4.25,2.61,26,0.06417,True
vmac,4.59,3.95,55,0.1981,True
vmac,4.59,4.16,70,0.6,True
alpha0,4.66,4.1,59,0.3238,True
alpha0,4.62,4.16,60,0.6,True
alpha0,4.63,3.88,278,0.6,True
alpha0,4.61,4.03,71,0.3459,True
alpha0,4.59,3.95,55,0.1981,True
alpha0,4.59,3.6,96,0.1902,True
alpha0,4.58,3.7,43,0.09639,True
alpha0,4.56,3.74,181,0.4468,True
alpha0,4.55,3.85,262,0.6,True
alpha0,4.56,3.93,77,0.2849,True
alpha0,4.55,3.76,131,0.3325,True
alpha0,4.55,3.58,370,0.6,True
alpha0,4.53,3.59,111,0.238,True
alpha0,4.54,3.9,291,0.6,True
alpha0,4.54,3.99,60,0.3018,True
alpha0,4.54,3.82,332,0.6,True
alpha0,4.54,3.28,134,0.3018,False
alpha0,4.5,3.7,193,0.5141,True
alpha0,4.59,4.16,70,0.6,True
alpha0,4.57,4.15,58,0.6,True
alpha0,4.58,3.87,65,0.1916,True
alpha0,4.55,4.06,53,0.3949,True
alpha0,4.52,3.87,252,0.6,True
alpha0,4.51,3.94,82,0.3641,True
alpha0,4.49,3.85,26,0.08139,True
alpha0,4.49,3.85,101,0.3326,True
alpha0,4.57,4.16,67,0.6,True
alpha0,4.53,4.22,62,0.6,True
alpha0,4.5,4.15,124,0.6,True
alpha0,4.51,4.01,57,0.345,True
alpha0,4.49,4.15,71,0.6,True
alpha0,4.48,4.14,59,0.6,True
alpha0,4.48,4.28,65,0.3018,False
alpha0,4.48,4.12,65,0.6,True
alpha0,4.48,4.04,91,0.6,True
alpha0,4.46,3.31,23,0.04691,True
alpha0,4.47,3.06,33,0.3018,False
alpha0,4.41,2.95,7,0.01442,True
alpha0,4.26,2.44,11,0.02559,True
alpha0,4.25,2.61,26,0.06417,True
alpha0,4.46,3.22,25,0.05032,True
alpha0,4.4,3.28,7,0.01542,True
alpha0,4.38,3.31,29,0.07057,True
alpha0,4.2,2.61,53,0.1325,True
alpha0,4.21,2.61,68,0.1795,True
alpha0,4.23,2.61,25,0.0638,True
alpha0,4.13,2.33,20,0.05546,True
alpha0,4.48,3.93,48,0.1955,True
alpha0,4.29,2.99,53,0.1382,True
alpha0,4.37,3.2,24,0.05897,True
alpha0,4.16,2.61,34,0.1213,True
alpha0,4.47,4.05,55,0.5486,True
alpha0,4.47,4.06,53,0.5926,True
alpha0,4.11,2.34,26,0.3018,False
alpha0,4.49,3.07,210,0.3018,False
alpha0,4.47,4.15,122,0.6,True
alpha0,4.54,3.62,12,0.02621,True
alpha0,4.554,3.75,,0.3018,False
alpha0,4.588,3.74,38,0.08804,True
alpha0,4.6,3.91,74,0.2312,True
alpha0,4.547,3.96,63,0.2678,True
alpha0,4.587,3.78,,0.3018,False
alpha0,4.474,4.11,90,0.6,True
alpha0,4.621,4.08,64,0.3953,True
alpha0,4.479,4.26,93,0.6,True
alpha0,4.554,3.8,82,0.222,True
alpha0,4.519,3.63,57,0.1278,True
alpha0,4.579,3.91,61,0.1982,True
alpha0,4.52,4.16,97,0.6,True
alpha0,4.505,4.11,104,0.6,True
alpha0,4.554,4.14,,0.3018,False
alpha0,4.547,3.69,43,0.09999,True
alpha0,4.548,3.54,54,0.1109,True
alpha0,4.576,3.7,,0.3018,False
alpha0,4.493,4.14,88,0.6,True
alpha0,4.452,4.09,88,0.6,True
alpha0,4.576,3.82,,0.3018,False
alpha0,4.538,3.47,32,0.06416,True
alpha0,4.556,4.12,77,0.6,True
alpha0,4.547,3.74,,0.3018,False
alpha0,4.558,3.74,,0.3018,False
alpha0,4.464,4.21,63,0.6,True
alpha0,4.566,3.93,,0.3018,False
alpha0,4.671,4.14,53,0.3536,True
alpha0,4.486,4.02,77,0.6,True
alpha0,4.579,3.8,,0.3018,False
alpha0,4.589,3.91,57,0.1818,True
alpha0,4.543,3.86,63,0.1957,True
alpha0,4.566,4.02,90,0.6,True
alpha0,4.653,4.14,84,0.6,True
alpha0,4.551,3.93,77,0.2934,True
alpha0,4.568,3.95,60,0.231,True
alpha0,4.591,3.68,52,0.1111,True
alpha0,4.614,3.95,67,0.2258,True
alpha0,4.611,4.01,,0.3018,False
alpha0,4.529,3.47,29,0.05866,True
alpha0,4.49,4.23,105,0.6,True
alpha0,4.505,3.61,50,0.1112,True
alpha0,4.559,4.07,,0.3018,False
alpha0,4.521,4.12,103,0.6,True
alpha0,4.544,4.07,92,0.6,True
alpha0,4.477,4.06,131,0.6,True
alpha0,4.593,3.87,79,0.2251,True
alpha0,4.534,3.92,,0.3018,False
alpha0,4.592,4.14,,0.3018,False
alpha0,4.588,3.94,65,0.2307,True
alpha0,4.477,4.01,57,0.3517,True
alpha0,4.516,3.46,40,0.08151,True
alpha0,4.534,3.66,38,0.08654,True
alpha0,4.579,3.81,87,0.229,True
alpha0,4.592,4.11,22,0.1864,True
alpha0,4.476,3.77,,0.3018,False
alpha0,4.477,4.15,102,0.6,True
alpha0,4.505,4.04,70,0.6,True
alpha0,4.543,3.79,81,0.2177,True
alpha0,4.516,4.03,37,0.2315,True
alpha0,4.524,3.62,74,0.1638,True
alpha0,4.471,3.67,,0.3018,False
alpha0,4.442,4.09,,0.3018,False
alpha0,4.556,3.89,45,0.1464,True
alpha0,4.449,4.04,,0.3018,False
alpha0,4.632,4.11,,0.3018,False
alpha0,4.583,4.18,,0.3018,False
alpha0,4.553,4.14,,0.3018,False
alpha0,4.571,3.73,,0.3018,False
alpha0,4.572,4.05,85,0.6,True
alpha0,4.548,3.89,,0.3018,False
alpha0,4.544,4.04,45,0.2867,True
alpha0,4.584,3.63,77,0.1591,True
alpha0,4.473,3.48,,0.3018,False
alpha0,4.599,4.05,88,0.6,True
alpha0,4.522,4.22,108,0.6,True
alpha0,4.544,3.78,69,0.1814,True
alpha0,4.487,4.25,82,0.6,True
alpha0,4.606,3.89,,0.3018,False
alpha0,4.571,3.73,,0.3018,False
alpha0,4.489,3.43,,0.3018,False
alpha0,4.559,3.67,,0.3018,False
alpha0,4.537,3.7,,0.3018,False
alpha0,4.519,3.44,33,0.0666,True
alpha0,4.571,3.73,,0.3018,False
alpha0,4.456,3.93,,0.3018,False
alpha0,4.477,3.8,,0.3018,False
alpha0,4.618,3.95,,0.3018,False
alpha0,4.691,4.08,,0.3018,False
alpha0,4.595,3.84,,0.3018,False
alpha0,4.501,3.51,,0.3018,False
alpha0,4.62,3.9,87,0.247,True
alpha0,4.58,3.91,71,0.2325,True
alpha0,4.554,3.99,103,0.6,True
alpha0,4.584,3.72,10,0.02273,True
alpha0,4.52,3.55,,0.3018,False
alpha0,4.529,3.72,89,0.2186,True
alpha0,4.507,3.61,78,0.1734,True
alpha0,4.603,3.88,82,0.2343,True
alpha0,4.556,4.11,138,0.6,True
alpha0,4.555,4.03,84,0.6,True
alpha0,4.554,4.23,105,0.6,True
alpha0,4.56,4.09,92,0.6,True
alpha0,4.54,4.12,95,0.6,True
alpha0,4.509,3.72,,0.3018,False
alpha0,4.505,4.11,100,0.6,True
alpha0,4.493,4.14,114,0.6,True
alpha0,4.474,3.64,,0.3018,False
alpha0,4.48,4.09,65,0.6,True
alpha0,4.447,4.27,100,0.3018,False
alpha0,4.458,3.83,48,0.1479,True
alpha0,4.581,3.95,9,0.03316,True
alpha0,4.574,4.05,90,0.6,True
alpha0,4.602,3.81,76,0.1895,True
alpha0,4.61,3.88,,0.3018,False
alpha0,4.603,3.89,61,0.1788,True
alpha0,4.519,3.95,140,0.6,True
alpha0,4.573,3.78,43,0.1089,True
alpha0,4.591,3.63,,0.3018,False
alpha0,4.6,4.02,73,0.3557,True
alpha0,4.613,4.09,90,0.6,True
alpha0,4.567,3.89,,0.3018,False
alpha0,4.5,3.65,,0.3018,False
alpha0,4.507,3.84,54,0.1645,True
alpha0,4.501,3.61,,0.3018,False
alpha0,4.555,3.94,,0.3018,False
alpha0,4.533,3.99,78,0.4324,True
nuchar,4.66,4.1,59,0.3238,True
nuchar,4.62,4.16,60,0.6,True
nuchar,4.63,3.88,278,0.6,True
nuchar,4.61,4.03,71,0.3459,True
nuchar,4.59,3.95,55,0.1981,True
nuchar,4.59,3.6,96,0.1902,True
nuchar,4.58,3.7,43,0.09639,True
nuchar,4.56,3.74,181,0.4468,True
nuchar,4.55,3.85,262,0.6,True
nuchar,4.56,3.93,77,0.2849,True
nuchar,4.55,3.76,131,0.3325,True
nuchar,4.55,3.58,370,0.6,True
nuchar,4.53,3.59,111,0.238,True
nuchar,4.54,3.9,291,0.6,True
nuchar,4.54,3.99,60,0.3018,True
nuchar,4.54,3.82,332,0.6,True
nuchar,4.54,3.28,134,0.3018,False
nuchar,4.5,3.7,193,0.5141,True
nuchar,4.59,4.16,70,0.6,True
nuchar,4.57,4.15,58,0.6,True
nuchar,4.58,3.87,65,0.1916,True
nuchar,4.55,4.06,53,0.3949,True
nuchar,4.52,3.87,252,0.6,True
nuchar,4.51,3.94,82,0.3641,True
nuchar,4.49,3.85,26,0.08139,True
nuchar,4.49,3.85,101,0.3326,True
nuchar,4.57,4.16,67,0.6,True
nuchar,4.53,4.22,62,0.6,True
nuchar,4.5,4.15,124,0.6,True
nuchar,4.51,4.01,57,0.345,True
nuchar,4.49,4.15,71,0.6,True
nuchar,4.48,4.14,59,0.6,True
nuchar,4.48,4.28,65,0.3018,False
nuchar,4.48,4.12,65,0.6,True
nuchar,4.48,4.04,91,0.6,True
nuchar,4.46,3.31,23,0.04691,True
nuchar,4.47,3.06,33,0.3018,False
nuchar,4.41,2.95,7,0.01442,True
nuchar,4.26,2.44,11,0.02559,True
nuchar,4.25,2.61,26,0.06417,True
nuchar,4.46,3.22,25,0.05032,True
nuchar,4.4,3.28,7,0.01542,True
nuchar,4.38,3.31,29,0.07057,True
nuchar,4.2,2.61,53,0.1325,True
nuchar,4.21,2.61,68,0.1795,True
nuchar,4.23,2.61,25,0.0638,True
nuchar,4.13,2.33,20,0.05546,True
nuchar,4.48,3.93,48,0.1955,True
nuchar,4.29,2.99,53,0.1382,True
nuchar,4.37,3.2,24,0.05897,True
nuchar,4.16,2.61,34,0.1213,True
nuchar,4.47,4.05,55,0.5486,True
nuchar,4.47,4.06,53,0.5926,True
nuchar,4.11,2.34,26,0.3018,False
nuchar,4.49,3.07,210,0.3018,False
nuchar,4.47,4.15,122,0.6,True
nuchar,4.54,3.62,12,0.02621,True
nuchar,4.554,3.75,,0.3018,False
nuchar,4.588,3.74,38,0.08804,True
nuchar,4.6,3.91,74,0.2312,True
nuchar,4.547,3.96,63,0.2678,True
nuchar,4.587,3.78,,0.3018,False
nuchar,4.474,4.11,90,0.6,True
nuchar,4.621,4.08,64,0.3953,True
nuchar,4.479,4.26,93,0.6,True
nuchar,4.554,3.8,82,0.222,True
nuchar,4.519,3.63,57,0.1278,True
nuchar,4.579,3.91,61,0.1982,True
nuchar,4.52,4.16,97,0.6,True
nuchar,4.505,4.11,104,0.6,True
nuchar,4.554,4.14,,0.3018,False
nuchar,4.547,3.69,43,0.09999,True
nuchar,4.548,3.54,54,0.1109,True
nuchar,4.576,3.7,,0.3018,False
nuchar,4.493,4.14,88,0.6,True
nuchar,4.452,4.09,88,0.6,True
nuchar,4.576,3.82,,0.3018,False
nuchar,4.538,3.47,32,0.06416,True
nuchar,4.556,4.12,77,0.6,True
nuchar,4.547,3.74,,0.3018,False
nuchar,4.558,3.74,,0.3018,False
nuchar,4.464,4.21,63,0.6,True
nuchar,4.566,3.93,,0.3018,False
nuchar,4.671,4.14,53,0.3536,True
nuchar,4.486,4.02,77,0.6,True
nuchar,4.579,3.8,,0.3018,False
nuchar,4.589,3.91,57,0.1818,True
nuchar,4.543,3.86,63,0.1957,True
nuchar,4.566,4.02,90,0.6,True
nuchar,4.653,4.14,84,0.6,True
nuchar,4.551,3.93,77,0.2934,True
nuchar,4.568,3.95,60,0.231,True
nuchar,4.591,3.68,52,0.1111,True
nuchar,4.614,3.95,67,0.2258,True
nuchar,4.611,4.01,,0.3018,False
nuchar,4.529,3.47,29,0.05866,True
nuchar,4.49,4.23,105,0.6,True
nuchar,4.505,3.61,50,0.1112,True
nuchar,4.559,4.07,,0.3018,False
nuchar,4.521,4.12,103,0.6,True
nuchar,4.544,4.07,92,0.6,True
nuchar,4.477,4.06,131,0.6,True
nuchar,4.593,3.87,79,0.2251,True
nuchar,4.534,3.92,,0.3018,False
nuchar,4.592,4.14,,0.3018,False
nuchar,4.588,3.94,65,0.2307,True
nuchar,4.477,4.01,57,0.3517,True
nuchar,4.516,3.46,40,0.08151,True
nuchar,4.534,3.66,38,0.08654,True
nuchar,4.579,3.81,87,0.229,True
nuchar,4.592,4.11,22,0.1864,True
nuchar,4.476,3.77,,0.3018,False
nuchar,4.477,4.15,102,0.6,True
nuchar,4.505,4.04,70,0.6,True
nuchar,4.543,3.79,81,0.2177,True
nuchar,4.516,4.03,37,0.2315,True
nuchar,4.524,3.62,74,0.1638,True
nuchar,4.471,3.67,,0.3018,False
nuchar,4.442,4.09,,0.3018,False
nuchar,4.556,3.89,45,0.1464,True
nuchar,4.449,4.04,,0.3018,False
nuchar,4.632,4.11,,0.3018,False
nuchar,4.583,4.18,,0.3018,False
nuchar,4.553,4.14,,0.3018,False
nuchar,4.571,3.73,,0.3018,False
nuchar,4.572,4.05,85,0.6,True
nuchar,4.548,3.89,,0.3018,False
nuchar,4.544,4.04,45,0.2867,True
nuchar,4.584,3.63,77,0.1591,True
nuchar,4.473,3.48,,0.3018,False
nuchar,4.599,4.05,88,0.6,True
nuchar,4.522,4.22,108,0.6,True
nuchar,4.544,3.78,69,0.1814,True
nuchar,4.487,4.25,82,0.6,True
nuchar,4.606,3.89,,0.3018,False
nuchar,4.571,3.73,,0.3018,False
nuchar,4.489,3.43,,0.3018,False
nuchar,4.559,3.67,,0.3018,False
nuchar,4.537,3.7,,0.3018,False
nuchar,4.519,3.44,33,0.0666,True
nuchar,4.571,3.73,,0.3018,False
nuchar,4.456,3.93,,0.3018,False
nuchar,4.477,3.8,,0.3018,False
nuchar,4.618,3.95,,0.3018,False
nuchar,4.691,4.08,,0.3018,False
nuchar,4.595,3.84,,0.3018,False
nuchar,4.501,3.51,,0.3018,False
nuchar,4.62,3.9,87,0.247,True
nuchar,4.58,3.91,71,0.2325,True
nuchar,4.554,3.99,103,0.6,True
nuchar,4.584,3.72,10,0.02273,True
nuchar,4.52,3.55,,0.3018,False
nuchar,4.529,3.72,89,0.2186,True
nuchar,4.507,3.61,78,0.1734,True
nuchar,4.603,3.88,82,0.2343,True
nuchar,4.556,4.11,138,0.6,True
nuchar,4.555,4.03,84,0.6,True
nuchar,4.554,4.23,105,0.6,True
nuchar,4.56,4.09,92,0.6,True
nuchar,4.54,4.12,95,0.6,True
nuchar,4.509,3.72,,0.3018,False
nuchar,4.505,4.11,100,0.6,True
nuchar,4.493,4.14,114,0.6,True
nuchar,4.474,3.64,,0.3018,False
nuchar,4.48,4.09,65,0.6,True
nuchar,4.447,4.27,100,0.3018,False
nuchar,4.458,3.83,48,0.1479,True
nuchar,4.581,3.95,9,0.03316,True
nuchar,4.574,4.05,90,0.6,True
nuchar,4.602,3.81,76,0.1895,True
nuchar,4.61,3.88,,0.3018,False
nuchar,4.603,3.89,61,0.1788,True
nuchar,4.519,3.95,140,0.6,True
nuchar,4.573,3.78,43,0.1089,True
nuchar,4.591,3.63,,0.3018,False
nuchar,4.6,4.02,73,0.3557,True
nuchar,4.613,4.09,90,0.6,True
nuchar,4.567,3.89,,0.3018,False
nuchar,4.5,3.65,,0.3018,False
nuchar,4.507,3.84,54,0.1645,True
nuchar,4.501,3.61,,0.3018,False
nuchar,4.555,3.94,,0.3018,False
nuchar,4.533,3.99,78,0.4324,True
